index,time_sec,motor_count,link_angle_rad,link_angle_deg,torque_cmd_Nm,torque_cmd_permille,torque_actual_Nm,torque_actual_permille,velocity_rpm
0,0,880,-0.0168738,-0.966797,0.156416,146,0.152724,143,17
1,0.01,952,-0.0182544,-1.0459,0.152976,143,0.14952,140,44
2,0.02,1056,-0.0202485,-1.16016,0.145758,136,0.14418,135,53
3,0.03,1161,-0.0222619,-1.27551,0.138555,130,0.145248,136,52
4,0.04,1277,-0.0244862,-1.40295,0.131371,123,0.130296,122,59
5,0.05,1385,-0.026557,-1.52161,0.124215,116,0.124956,117,44
6,0.06,1479,-0.0283595,-1.62488,0.117092,110,0.115344,108,42
7,0.07,1560,-0.0299126,-1.71387,0.11001,103,0.111072,104,34
8,0.08,1629,-0.0312357,-1.78967,0.102975,96,0.103596,97,30
9,0.09,1689,-0.0323862,-1.85559,0.0959941,90,0.100392,94,28
10,0.1,1748,-0.0335175,-1.92041,0.0890738,83,0.092916,87,25
11,0.11,1786,-0.0342461,-1.96216,0.0822207,77,0.081168,76,17
12,0.12,1820,-0.0348981,-1.99951,0.0754413,71,0.076896,72,13
13,0.13,1841,-0.0353007,-2.02258,0.0687424,64,0.068352,64,7
14,0.14,1854,-0.03555,-2.03687,0.0621303,58,0.065148,61,5
15,0.15,1860,-0.0356651,-2.04346,0.0556115,52,0.057672,54,2
16,0.16,1861,-0.0356842,-2.04456,0.0491924,46,0.04806,45,1
17,0.17,1861,-0.0356842,-2.04456,0.0428794,40,0.044856,42,0
18,0.18,1861,-0.0356842,-2.04456,0.0366786,34,0.03738,35,0
19,0.19,1861,-0.0356842,-2.04456,0.0305963,29,0.030972,29,0
20,0.2,1861,-0.0356842,-2.04456,0.0246386,23,0.025632,24,0
21,0.21,1861,-0.0356842,-2.04456,0.0188114,18,0.022428,21,0
22,0.22,1860,-0.0356651,-2.04346,0.0131207,12,0.011748,11,0
23,0.23,1859,-0.0356459,-2.04236,0.00757235,7,0.009612,9,0
24,0.24,1858,-0.0356267,-2.04126,0.00217195,2,0.001068,1,-1
25,0.25,1857,-0.0356075,-2.04016,-0.0030749,-3,-0.002136,-2,-1
26,0.26,1855,-0.0355692,-2.03796,-0.00816277,-8,-0.008544,-8,-1
27,0.27,1853,-0.0355308,-2.03577,-0.0130864,-12,-0.014952,-14,-1
28,0.28,1850,-0.0354733,-2.03247,-0.0178405,-17,-0.01602,-15,-1
29,0.29,1846,-0.0353966,-2.02808,-0.0224202,-21,-0.025632,-24,-2
30,0.3,1838,-0.0352432,-2.01929,-0.0268206,-25,-0.025632,-24,-5
31,0.31,1828,-0.0350515,-2.0083,-0.031037,-29,-0.030972,-29,-6
32,0.32,1814,-0.034783,-1.99292,-0.035065,-33,-0.033108,-31,-6
33,0.33,1800,-0.0345146,-1.97754,-0.0389001,-36,-0.039516,-37,-6
34,0.34,1786,-0.0342461,-1.96216,-0.0425384,-40,-0.040584,-38,-7
35,0.35,1769,-0.0339202,-1.94348,-0.0459758,-43,-0.04272,-40,-9
36,0.36,1752,-0.0335942,-1.9248,-0.0492087,-46,-0.04806,-45,-8
37,0.37,1734,-0.033249,-1.90503,-0.0522334,-49,-0.054468,-51,-8
38,0.38,1722,-0.0330189,-1.89185,-0.0550468,-52,-0.055536,-52,-4
39,0.39,1716,-0.0329039,-1.88525,-0.0576457,-54,-0.059808,-56,-2
40,0.4,1713,-0.0328464,-1.88196,-0.0600273,-56,-0.059808,-56,-1
41,0.41,1711,-0.032808,-1.87976,-0.062189,-58,-0.060876,-57,-1
42,0.42,1708,-0.0327505,-1.87646,-0.0641283,-60,-0.065148,-61,-2
43,0.43,1704,-0.0326738,-1.87207,-0.0658432,-62,-0.066216,-62,-2
44,0.44,1701,-0.0326163,-1.86877,-0.0673318,-63,-0.066216,-62,-2
45,0.45,1695,-0.0325012,-1.86218,-0.0685923,-64,-0.066216,-62,-4
46,0.46,1687,-0.0323478,-1.85339,-0.0696235,-65,-0.070488,-66,-4
47,0.47,1676,-0.0321369,-1.84131,-0.0704241,-66,-0.071556,-67,-6
48,0.48,1663,-0.0318876,-1.82703,-0.0709932,-66,-0.072624,-68,-8
49,0.49,1646,-0.0315617,-1.80835,-0.0713303,-67,-0.071556,-67,-9
50,0.5,1623,-0.0311206,-1.78308,-0.391835,-300,-0.318264,-298,-56
51,0.51,1411,-0.0270556,-1.55017,-0.391707,-300,-0.321468,-301,-158
52,0.52,1070,-0.020517,-1.17554,-0.391347,-300,-0.322536,-302,-227
53,0.53,609,-0.0116774,-0.669067,-0.390754,-300,-0.322536,-302,-221
54,0.54,118,-0.00226262,-0.129639,-0.389931,-300,-0.319332,-299,-280
55,0.55,-412,0.0079,0.452637,-0.388877,-300,-0.321468,-301,-255
56,0.56,-963,0.0184653,1.05798,-0.387593,-300,-0.321468,-301,-249
57,0.57,-1509,0.0289347,1.65784,-0.386082,-300,-0.323604,-303,-269
58,0.58,-2058,0.0394617,2.26099,-0.384344,-300,-0.321468,-301,-280
59,0.59,-2610,0.0500461,2.86743,-0.382383,-300,-0.3204,-300,-280
60,0.6,-3132,0.0600553,3.44092,-0.380199,-300,-0.319332,-299,-277
61,0.61,-3686,0.0706782,4.04956,-0.377796,-300,-0.323604,-303,-243
62,0.62,-4257,0.081627,4.67688,-0.375175,-300,-0.313992,-294,-261
63,0.63,-4815,0.0923265,5.28992,-0.37234,-300,-0.3204,-300,-245
64,0.64,-5390,0.103352,5.92163,-0.369295,-300,-0.318264,-298,-252
65,0.65,-5949,0.114071,6.53577,-0.366041,-300,-0.319332,-299,-296
66,0.66,-6505,0.124732,7.14661,-0.362584,-300,-0.322536,-302,-269
67,0.67,-7053,0.13524,7.74866,-0.358925,-300,-0.323604,-303,-255
68,0.68,-7599,0.145709,8.34851,-0.355071,-300,-0.316128,-296,-296
69,0.69,-8121,0.155718,8.922,-0.351024,-300,-0.319332,-299,-261
70,0.7,-8658,0.166015,9.51196,-0.346789,-300,-0.321468,-301,-261
71,0.71,-9160,0.175641,10.0635,-0.34237,-300,-0.322536,-302,-242
72,0.72,-9676,0.185535,10.6304,-0.337773,-300,-0.322536,-302,-290
73,0.73,-10249,0.196522,11.2599,-0.333002,-300,-0.319332,-299,-288
74,0.74,-10890,0.208813,11.9641,-0.328061,-300,-0.3204,-300,-288
75,0.75,-11442,0.219398,12.5706,-0.322957,-300,-0.3204,-300,-259
76,0.76,-11971,0.229541,13.1517,-0.317695,-297,-0.319332,-299,-270
77,0.77,-12519,0.240049,13.7538,-0.312279,-292,-0.311856,-292,-242
78,0.78,-13064,0.250499,14.3525,-0.306717,-287,-0.306516,-287,-247
79,0.79,-13587,0.260527,14.9271,-0.301012,-282,-0.295836,-277,-227
80,0.8,-14094,0.270249,15.4841,-0.295171,-276,-0.294768,-276,-258
81,0.81,-14584,0.279645,16.0225,-0.289201,-271,-0.290496,-272,-222
82,0.82,-15087,0.28929,16.5751,-0.283107,-265,-0.281952,-264,-225
83,0.83,-15553,0.298225,17.087,-0.276894,-259,-0.27768,-260,-227
84,0.84,-15997,0.306739,17.5748,-0.27057,-253,-0.273408,-256,-219
85,0.85,-16428,0.315003,18.0483,-0.264141,-247,-0.270204,-253,-228
86,0.86,-16828,0.322673,18.4878,-0.257613,-241,-0.258456,-242,-176
87,0.87,-17187,0.329557,18.8822,-0.250992,-235,-0.253116,-237,-174
88,0.88,-17563,0.336766,19.2953,-0.244284,-229,-0.244572,-229,-179
89,0.89,-17895,0.343132,19.66,-0.237497,-222,-0.237096,-222,-180
90,0.9,-18206,0.349096,20.0017,-0.230637,-216,-0.230688,-216,-170
91,0.91,-18529,0.355289,20.3566,-0.22371,-209,-0.222144,-208,-162
92,0.92,-18816,0.360792,20.6719,-0.216724,-203,-0.214668,-201,-133
93,0.93,-19098,0.3662,20.9817,-0.209684,-196,-0.210396,-197,-141
94,0.94,-19356,0.371147,21.2651,-0.202597,-190,-0.205056,-192,-134
95,0.95,-19586,0.375557,21.5178,-0.195471,-183,-0.19758,-185,-105
96,0.96,-19816,0.379967,21.7705,-0.188312,-176,-0.189036,-177,-112
97,0.97,-20010,0.383687,21.9836,-0.181126,-170,-0.179424,-168,-92
98,0.98,-20190,0.387138,22.1814,-0.17392,-163,-0.171948,-161,-102
99,0.99,-20371,0.390609,22.3802,-0.166702,-156,-0.163404,-153,-86
100,1,-20577,0.394559,22.6066,-0.159477,-149,-0.159132,-149,-75
101,1.01,-20718,0.397263,22.7615,-0.152254,-143,-0.152724,-143,-74
102,1.02,-20859,0.399966,22.9164,-0.145037,-136,-0.14418,-135,-62
103,1.03,-20985,0.402382,23.0548,-0.137835,-129,-0.13884,-130,-66
104,1.04,-21108,0.404741,23.1899,-0.130654,-122,-0.130296,-122,-49
105,1.05,-21208,0.406658,23.2998,-0.123501,-116,-0.123888,-116,-46
106,1.06,-21290,0.408231,23.3899,-0.116382,-109,-0.114276,-107,-37
107,1.07,-21363,0.40963,23.4701,-0.109304,-102,-0.107868,-101,-34
108,1.08,-21431,0.410934,23.5448,-0.102274,-96,-0.103596,-97,-34
109,1.09,-21487,0.412008,23.6063,-0.0952992,-89,-0.091848,-86,-21
110,1.1,-21518,0.412602,23.6404,-0.0883853,-83,-0.091848,-86,-10
111,1.11,-21535,0.412928,23.6591,-0.0815393,-76,-0.084372,-79,-6
112,1.12,-21542,0.413063,23.6667,-0.0747677,-70,-0.07476,-70,-1
113,1.13,-21543,0.413082,23.6678,-0.0680772,-64,-0.068352,-64,0
114,1.14,-21543,0.413082,23.6678,-0.0614741,-58,-0.059808,-56,0
115,1.15,-21543,0.413082,23.6678,-0.054965,-51,-0.054468,-51,0
116,1.16,-21543,0.413082,23.6678,-0.0485562,-45,-0.04806,-45,0
117,1.17,-21543,0.413082,23.6678,-0.0422541,-40,-0.044856,-42,0
118,1.18,-21542,0.413063,23.6667,-0.0360649,-34,-0.039516,-37,0
119,1.19,-21542,0.413063,23.6667,-0.0299948,-28,-0.0267,-25,0
120,1.2,-21541,0.413044,23.6656,-0.0240499,-23,-0.02136,-20,0
121,1.21,-21541,0.413044,23.6656,-0.0182361,-17,-0.017088,-16,0
122,1.22,-21540,0.413024,23.6646,-0.0125594,-12,-0.013884,-13,0
123,1.23,-21539,0.413005,23.6635,-0.00702556,-7,-0.003204,-3,0
124,1.24,-21538,0.412986,23.6624,-0.00164027,-2,-0.004272,-4,0
125,1.25,-21537,0.412967,23.6613,0.00359093,3,0.006408,6,0
126,1.26,-21535,0.412928,23.6591,0.00866261,8,0.009612,9,1
127,1.27,-21533,0.41289,23.6569,0.0135695,13,0.01068,10,1
128,1.28,-21528,0.412794,23.6514,0.0183064,17,0.017088,16,4
129,1.29,-21519,0.412622,23.6415,0.0228684,21,0.02136,20,5
130,1.3,-21507,0.412392,23.6283,0.0272506,26,0.024564,23,9
131,1.31,-21488,0.412027,23.6074,0.0314484,29,0.033108,31,8
132,1.32,-21472,0.41172,23.5898,0.0354572,33,0.03204,30,5
133,1.33,-21465,0.411586,23.5822,0.0392729,37,0.039516,37,3
134,1.34,-21462,0.411529,23.5789,0.0428912,40,0.041652,39,1
135,1.35,-21460,0.41149,23.5767,0.0463084,43,0.044856,42,1
136,1.36,-21458,0.411452,23.5745,0.0495205,46,0.049128,46,2
137,1.37,-21454,0.411375,23.5701,0.0525243,49,0.052332,49,2
138,1.38,-21448,0.41126,23.5635,0.0553164,52,0.057672,54,4
139,1.39,-21439,0.411088,23.5536,0.0578937,54,0.057672,54,4
140,1.4,-21429,0.410896,23.5426,0.0602534,56,0.05874,55,6
141,1.41,-21418,0.410685,23.5305,0.062393,58,0.059808,56,8
142,1.42,-21400,0.41034,23.5107,0.06431,60,0.060876,57,10
143,1.43,-21382,0.409995,23.491,0.0660023,62,0.067284,63,10
144,1.44,-21363,0.40963,23.4701,0.0674681,63,0.067284,63,10
145,1.45,-21342,0.409228,23.447,0.0687058,64,0.067284,63,9
146,1.46,-21322,0.408844,23.425,0.0697139,65,0.070488,66,13
147,1.47,-21298,0.408384,23.3987,0.0704914,66,0.070488,66,14
148,1.48,-21272,0.407885,23.3701,0.0710374,67,0.071556,67,16
149,1.49,-21245,0.407368,23.3405,0.0713513,67,0.071556,67,11
150,1.5,-21221,0.406908,23.3141,0.391833,300,0.318264,298,65
151,1.51,-21032,0.403284,23.1064,0.391682,300,0.321468,301,171
152,1.52,-20683,0.396592,22.723,0.391298,300,0.3204,300,216
153,1.53,-20168,0.386717,22.1572,0.390682,300,0.318264,298,226
154,1.54,-19650,0.376784,21.5881,0.389836,300,0.316128,296,271
155,1.55,-19140,0.367005,21.0278,0.388759,300,0.318264,298,238
156,1.56,-18612,0.356881,20.4478,0.387452,300,0.319332,299,280
157,1.57,-18077,0.346622,19.86,0.385918,300,0.319332,299,251
158,1.58,-17585,0.337188,19.3195,0.384158,300,0.3204,300,273
159,1.59,-17054,0.327006,18.7361,0.382174,300,0.323604,303,252
160,1.6,-16478,0.315962,18.1033,0.379969,300,0.3204,300,257
161,1.61,-15917,0.305205,17.4869,0.377543,300,0.3204,300,293
162,1.62,-15390,0.2951,16.908,0.374901,300,0.317196,297,245
163,1.63,-14876,0.285244,16.3433,0.372045,300,0.3204,300,258
164,1.64,-14357,0.275292,15.7731,0.368979,300,0.321468,301,264
165,1.65,-13795,0.264516,15.1556,0.365705,300,0.319332,299,280
166,1.66,-13255,0.254161,14.5624,0.362227,300,0.318264,298,258
167,1.67,-12656,0.242676,13.9043,0.358549,300,0.3204,300,273
168,1.68,-12098,0.231976,13.2913,0.354675,300,0.3204,300,304
169,1.69,-11544,0.221353,12.6826,0.350609,300,0.319332,299,268
170,1.7,-11012,0.211152,12.0981,0.346355,300,0.321468,301,267
171,1.71,-10431,0.200012,11.4598,0.341918,300,0.319332,299,292
172,1.72,-9824,0.188373,10.793,0.337303,300,0.3204,300,262
173,1.73,-9147,0.175392,10.0492,0.332515,300,0.3204,300,304
174,1.74,-8591,0.16473,9.43835,0.327558,300,0.3204,300,279
175,1.75,-8068,0.154702,8.86377,0.322438,300,0.3204,300,306
176,1.76,-7487,0.143561,8.22546,0.31716,297,0.316128,296,265
177,1.77,-6967,0.133591,7.65417,0.31173,292,0.310788,291,291
178,1.78,-6429,0.123275,7.06311,0.306152,287,0.308652,289,290
179,1.79,-5885,0.112843,6.46545,0.300434,281,0.29904,280,272
180,1.8,-5342,0.102432,5.8689,0.29458,276,0.301176,282,258
181,1.81,-4848,0.0929592,5.32617,0.288597,270,0.287292,269,274
182,1.82,-4341,0.0832376,4.76917,0.282491,265,0.28302,265,222
183,1.83,-3833,0.0734969,4.21106,0.276267,259,0.279816,262,248
184,1.84,-3370,0.0646189,3.70239,0.269932,253,0.269136,252,244
185,1.85,-2910,0.0557986,3.19702,0.263493,247,0.267,250,231
186,1.86,-2470,0.0473617,2.71362,0.256955,241,0.254184,238,226
187,1.87,-2050,0.0393083,2.2522,0.250325,234,0.248844,233,214
188,1.88,-1675,0.0321177,1.84021,0.243609,228,0.24564,230,200
189,1.89,-1298,0.0248888,1.42603,0.236814,222,0.236028,221,198
190,1.9,-945,0.0181201,1.03821,0.229947,215,0.22962,215,190
191,1.91,-587,0.0112556,0.644897,0.223014,209,0.220008,206,184
192,1.92,-247,0.00473617,0.271362,0.216022,202,0.214668,201,171
193,1.93,53,-0.00101626,-0.0582275,0.208977,196,0.212532,199,164
194,1.94,353,-0.00676869,-0.387817,0.201887,189,0.201852,189,150
195,1.95,644,-0.0123485,-0.70752,0.194757,182,0.195444,183,132
196,1.96,915,-0.0175449,-1.00525,0.187594,176,0.1869,175,116
197,1.97,1149,-0.0220318,-1.26233,0.180406,169,0.179424,168,114
198,1.98,1374,-0.0263461,-1.50952,0.173199,162,0.17088,160,111
199,1.99,1580,-0.0302961,-1.73584,0.16598,155,0.164472,154,90
200,2,1781,-0.0341502,-1.95667,0.158755,149,0.158064,148,81
201,2.01,1979,-0.0379468,-2.17419,0.151532,142,0.147384,138,87
202,2.02,2147,-0.0411682,-2.35876,0.144316,135,0.14418,135,72
203,2.03,2285,-0.0438143,-2.51038,0.137116,128,0.140976,132,61
204,2.04,2403,-0.0460769,-2.64001,0.129937,122,0.131364,123,52
205,2.05,2525,-0.0484163,-2.77405,0.122787,115,0.123888,116,50
206,2.06,2618,-0.0501995,-2.87622,0.115672,108,0.116412,109,48
207,2.07,2708,-0.0519252,-2.9751,0.108599,102,0.110004,103,35
208,2.08,2789,-0.0534784,-3.06409,0.101574,95,0.100392,94,38
209,2.09,2862,-0.0548782,-3.14429,0.094605,89,0.095052,89,34
210,2.1,2917,-0.0559328,-3.20471,0.0876976,82,0.088644,83,24
211,2.11,2961,-0.0567765,-3.25305,0.0808587,76,0.082236,77,18
212,2.12,2995,-0.0574284,-3.29041,0.0740949,69,0.070488,66,13
213,2.13,3020,-0.0579078,-3.31787,0.0674128,63,0.065148,61,12
214,2.14,3038,-0.0582529,-3.33765,0.0608189,57,0.059808,56,7
215,2.15,3050,-0.058483,-3.35083,0.0543195,51,0.0534,50,3
216,2.16,3053,-0.0585405,-3.35413,0.0479211,45,0.051264,48,1
217,2.17,3053,-0.0585405,-3.35413,0.04163,39,0.034176,32,0
218,2.18,3053,-0.0585405,-3.35413,0.0354524,33,0.034176,32,0
219,2.19,3053,-0.0585405,-3.35413,0.0293946,28,0.030972,29,0
220,2.2,3053,-0.0585405,-3.35413,0.0234625,22,0.018156,17,0
221,2.21,3053,-0.0585405,-3.35413,0.0176622,17,0.01602,15,0
222,2.22,3052,-0.0585214,-3.35303,0.0119995,11,0.011748,11,0
223,2.23,3052,-0.0585214,-3.35303,0.00648025,6,0.00534,5,0
224,2.24,3051,-0.0585022,-3.35193,0.00111012,1,0.004272,4,0
225,2.25,3050,-0.058483,-3.35083,-0.00410537,-4,-0.006408,-6,0
226,2.26,3048,-0.0584447,-3.34863,-0.0091608,-9,-0.011748,-11,-1
227,2.27,3046,-0.0584063,-3.34644,-0.0140509,-13,-0.013884,-13,-1
228,2.28,3044,-0.058368,-3.34424,-0.0187705,-18,-0.017088,-16,-1
229,2.29,3039,-0.0582721,-3.33875,-0.0233148,-22,-0.024564,-23,-2
230,2.3,3035,-0.0581954,-3.33435,-0.0276787,-26,-0.029904,-28,-2
231,2.31,3029,-0.0580803,-3.32776,-0.0318578,-30,-0.03204,-30,-4
232,2.32,3019,-0.0578886,-3.31677,-0.0358475,-34,-0.034176,-32,-6
233,2.33,3005,-0.0576202,-3.30139,-0.0396437,-37,-0.040584,-38,-8
234,2.34,2991,-0.0573517,-3.28601,-0.0432421,-40,-0.043788,-41,-9
235,2.35,2969,-0.0569299,-3.26184,-0.0466389,-44,-0.049128,-46,-11
236,2.36,2948,-0.0565272,-3.23877,-0.0498304,-47,-0.050196,-47,-9
237,2.37,2931,-0.0562012,-3.22009,-0.0528131,-49,-0.054468,-51,-10
238,2.38,2914,-0.0558753,-3.20142,-0.0555838,-52,-0.056604,-53,-11
239,2.39,2891,-0.0554342,-3.17615,-0.0581395,-54,-0.056604,-53,-12
240,2.4,2870,-0.0550316,-3.15308,-0.0604773,-57,-0.05874,-55,-10
241,2.41,2852,-0.0546864,-3.1333,-0.0625947,-59,-0.060876,-57,-6
242,2.42,2841,-0.0544755,-3.12122,-0.0644893,-60,-0.065148,-61,-5
243,2.43,2832,-0.0543029,-3.11133,-0.0661591,-62,-0.068352,-64,-5
244,2.44,2824,-0.0541495,-3.10254,-0.0676022,-63,-0.070488,-66,-4
245,2.45,2814,-0.0539578,-3.09155,-0.068817,-64,-0.068352,-64,-6
246,2.46,2803,-0.0537469,-3.07947,-0.0698021,-65,-0.067284,-63,-7
247,2.47,2790,-0.0534976,-3.06519,-0.0705565,-66,-0.071556,-67,-7
248,2.48,2775,-0.05321,-3.04871,-0.0710792,-67,-0.07476,-70,-7
249,2.49,2758,-0.052884,-3.03003,-0.0713699,-67,-0.071556,-67,-8
250,2.5,2738,-0.0525005,-3.00806,-0.391828,-300,-0.322536,-302,-58
251,2.51,2530,-0.0485121,-2.77954,-0.391654,-300,-0.318264,-298,-176
252,2.52,2099,-0.0402478,-2.30603,-0.391247,-300,-0.317196,-297,-211
253,2.53,1618,-0.0310248,-1.77759,-0.390608,-300,-0.319332,-299,-234
254,2.54,1102,-0.0211306,-1.21069,-0.389738,-300,-0.321468,-301,-283
255,2.55,549,-0.0105269,-0.603149,-0.388638,-300,-0.3204,-300,-281
256,2.56,-5,9.58738e-05,0.00549316,-0.387309,-300,-0.3204,-300,-253
257,2.57,-555,0.010642,0.609741,-0.385752,-300,-0.319332,-299,-307
258,2.58,-1073,0.0205745,1.17883,-0.38397,-300,-0.322536,-302,-274
259,2.59,-1586,0.0304112,1.74243,-0.381964,-300,-0.317196,-297,-256
260,2.6,-2150,0.0412257,2.36206,-0.379736,-300,-0.323604,-303,-273
261,2.61,-2688,0.0515418,2.95312,-0.377289,-300,-0.323604,-303,-275
262,2.62,-3219,0.0617236,3.5365,-0.374625,-300,-0.318264,-298,-256
263,2.63,-3804,0.0729408,4.1792,-0.371748,-300,-0.321468,-301,-307
264,2.64,-4350,0.0834102,4.77905,-0.36866,-300,-0.321468,-301,-279
265,2.65,-4947,0.0948575,5.43494,-0.365366,-300,-0.323604,-303,-258
266,2.66,-5512,0.105691,6.05566,-0.361868,-300,-0.3204,-300,-294
267,2.67,-6080,0.116583,6.67969,-0.35817,-300,-0.31506,-295,-306
268,2.68,-6660,0.127704,7.31689,-0.354277,-300,-0.313992,-294,-264
269,2.69,-7243,0.138883,7.9574,-0.350192,-300,-0.322536,-302,-309
270,2.7,-7789,0.149352,8.55725,-0.34592,-300,-0.321468,-301,-291
271,2.71,-8361,0.16032,9.18567,-0.341465,-300,-0.319332,-299,-285
272,2.72,-9090,0.174299,9.98657,-0.336832,-300,-0.3204,-300,-256
273,2.73,-9649,0.185017,10.6007,-0.332027,-300,-0.317196,-297,-270
274,2.74,-10222,0.196004,11.2302,-0.327053,-300,-0.319332,-299,-280
275,2.75,-10796,0.207011,11.8608,-0.321917,-300,-0.321468,-301,-256
276,2.76,-11363,0.217883,12.4838,-0.316624,-296,-0.31506,-295,-253
277,2.77,-11906,0.228295,13.0803,-0.311178,-291,-0.311856,-292,-293
278,2.78,-12454,0.238802,13.6824,-0.305587,-286,-0.30438,-285,-252
279,2.79,-12988,0.249042,14.269,-0.299855,-281,-0.297972,-279,-254
280,2.8,-13518,0.259204,14.8513,-0.293988,-275,-0.292632,-274,-237
281,2.81,-13995,0.268351,15.3754,-0.287992,-270,-0.287292,-269,-234
282,2.82,-14473,0.277516,15.9005,-0.281873,-264,-0.281952,-264,-217
283,2.83,-14954,0.286739,16.429,-0.275638,-258,-0.276612,-259,-246
284,2.84,-15381,0.294927,16.8981,-0.269293,-252,-0.271272,-254,-242
285,2.85,-15841,0.303747,17.4034,-0.262843,-246,-0.260592,-244,-229
286,2.86,-16251,0.311609,17.8539,-0.256296,-240,-0.25632,-240,-182
287,2.87,-16647,0.319202,18.2889,-0.249657,-234,-0.247776,-232,-178
288,2.88,-17017,0.326297,18.6954,-0.242933,-227,-0.246708,-231,-203
289,2.89,-17371,0.333085,19.0844,-0.236131,-221,-0.231756,-217,-165
290,2.9,-17677,0.338952,19.4205,-0.229257,-215,-0.22962,-215,-159
291,2.91,-17985,0.344858,19.7589,-0.222318,-208,-0.222144,-208,-143
292,2.92,-18276,0.350438,20.0786,-0.21532,-202,-0.21894,-205,-155
293,2.93,-18581,0.356286,20.4137,-0.20827,-195,-0.209328,-196,-135
294,2.94,-18855,0.36154,20.7147,-0.201175,-188,-0.201852,-189,-138
295,2.95,-19102,0.366276,20.9861,-0.194042,-182,-0.196512,-184,-112
296,2.96,-19331,0.370667,21.2377,-0.186876,-175,-0.187968,-176,-123
297,2.97,-19555,0.374962,21.4838,-0.179686,-168,-0.17622,-165,-109
298,2.98,-19754,0.378778,21.7024,-0.172477,-161,-0.17622,-165,-89
299,2.99,-19930,0.382153,21.8958,-0.165257,-155,-0.166608,-156,-88
300,3,-20090,0.385221,22.0715,-0.158032,-148,-0.156996,-147,-82
301,3.01,-20249,0.38827,22.2462,-0.15081,-141,-0.14952,-140,-67
302,3.02,-20385,0.390877,22.3956,-0.143596,-134,-0.140976,-132,-66
303,3.03,-20513,0.393332,22.5363,-0.136397,-128,-0.132432,-124,-63
304,3.04,-20633,0.395633,22.6681,-0.129221,-121,-0.12816,-120,-46
305,3.05,-20732,0.397531,22.7769,-0.122074,-114,-0.119616,-112,-44
306,3.06,-20822,0.399257,22.8757,-0.114963,-108,-0.115344,-108,-38
307,3.07,-20893,0.400618,22.9537,-0.107894,-101,-0.1068,-100,-30
308,3.08,-20950,0.401711,23.0164,-0.100875,-94,-0.100392,-94,-27
309,3.09,-21005,0.402766,23.0768,-0.0939113,-88,-0.092916,-87,-27
310,3.1,-21048,0.40359,23.124,-0.0870105,-81,-0.086508,-81,-15
311,3.11,-21076,0.404127,23.1548,-0.0801788,-75,-0.0801,-75,-8
312,3.12,-21091,0.404415,23.1713,-0.0734229,-69,-0.073692,-69,-6
313,3.13,-21099,0.404568,23.1801,-0.0667493,-62,-0.065148,-61,-2
314,3.14,-21100,0.404587,23.1812,-0.0601646,-56,-0.05874,-55,0
315,3.15,-21100,0.404587,23.1812,-0.053675,-50,-0.0534,-50,0
316,3.16,-21100,0.404587,23.1812,-0.0472871,-44,-0.04806,-45,0
317,3.17,-21100,0.404587,23.1812,-0.041007,-38,-0.039516,-37,0
318,3.18,-21100,0.404587,23.1812,-0.0348412,-33,-0.030972,-29,0
319,3.19,-21100,0.404587,23.1812,-0.0287956,-27,-0.029904,-28,0
320,3.2,-21100,0.404587,23.1812,-0.0228764,-21,-0.023496,-22,0
321,3.21,-21100,0.404587,23.1812,-0.0170896,-16,-0.019224,-18,0
322,3.22,-21099,0.404568,23.1801,-0.011441,-11,-0.008544,-8,0
323,3.23,-21098,0.404549,23.179,-0.00593644,-6,-0.007476,-7,0
324,3.24,-21097,0.40453,23.1779,-0.000581523,-1,-0.001068,-1,1
325,3.25,-21096,0.404511,23.1768,0.0046182,4,0.004272,4,1
326,3.26,-21093,0.404453,23.1735,0.00965734,9,0.008544,8,1
327,3.27,-21091,0.404415,23.1713,0.0145306,14,0.014952,14,1
328,3.28,-21088,0.404357,23.168,0.0192329,18,0.019224,18,2
329,3.29,-21082,0.404242,23.1614,0.0237593,22,0.023496,22,3
330,3.3,-21072,0.404051,23.1504,0.028105,26,0.025632,24,7
331,3.31,-21058,0.403782,23.135,0.0322654,30,0.029904,28,9
332,3.32,-21040,0.403437,23.1152,0.0362359,34,0.035244,33,9
333,3.33,-21023,0.403111,23.0966,0.0400125,37,0.041652,39,6
334,3.34,-21013,0.402919,23.0856,0.0435909,41,0.045924,43,4
335,3.35,-21010,0.402862,23.0823,0.0469673,44,0.04806,45,1
336,3.36,-21009,0.402843,23.0812,0.0501381,47,0.050196,47,0
337,3.37,-21007,0.402804,23.079,0.0530998,50,0.050196,47,1
338,3.38,-21003,0.402727,23.0746,0.0558491,52,0.060876,57,2
339,3.39,-20999,0.402651,23.0702,0.0583831,55,0.057672,54,3
340,3.4,-20993,0.402536,23.0636,0.060699,57,0.060876,57,3
341,3.41,-20987,0.402421,23.057,0.0627942,59,0.065148,61,4
342,3.42,-20977,0.402229,23.046,0.0646665,61,0.063012,59,6
343,3.43,-20964,0.40198,23.0317,0.0663137,62,0.065148,61,10
344,3.44,-20940,0.401519,23.0054,0.067734,63,0.065148,61,9
345,3.45,-20920,0.401136,22.9834,0.0689258,65,0.067284,63,10
346,3.46,-20900,0.400752,22.9614,0.0698879,65,0.068352,64,10
347,3.47,-20881,0.400388,22.9406,0.0706192,66,0.072624,68,9
348,3.48,-20860,0.399985,22.9175,0.0711188,67,0.06942,65,10
349,3.49,-20839,0.399583,22.8944,0.0713862,67,0.073692,69,12
350,3.5,-20809,0.399008,22.8615,0.391821,300,0.323604,303,58
351,3.51,-20605,0.395096,22.6373,0.391623,300,0.319332,299,179
352,3.52,-20226,0.387829,22.2209,0.391193,300,0.330012,309,218
353,3.53,-19779,0.379258,21.7299,0.390532,300,0.319332,299,215
354,3.54,-19216,0.368462,21.1113,0.389639,300,0.3204,300,258
355,3.55,-18665,0.357897,20.506,0.388516,300,0.31506,295,295
356,3.56,-18099,0.347044,19.8842,0.387164,300,0.318264,298,263
357,3.57,-17558,0.33667,19.2898,0.385584,300,0.326808,306,285
358,3.58,-17042,0.326776,18.7229,0.383779,300,0.318264,298,308
359,3.59,-16468,0.31577,18.0923,0.381751,300,0.324672,304,263
360,3.6,-15808,0.303115,17.3672,0.379501,300,0.321468,301,301
361,3.61,-15229,0.292012,16.7311,0.377032,300,0.324672,304,295
362,3.62,-14658,0.281064,16.1038,0.374347,300,0.317196,297,301
363,3.63,-14084,0.270057,15.4731,0.371449,300,0.319332,299,262
364,3.64,-13530,0.259435,14.8645,0.36834,300,0.317196,297,305
365,3.65,-12982,0.248927,14.2625,0.365025,300,0.322536,302,272
366,3.66,-12430,0.238342,13.656,0.361507,300,0.3204,300,271
367,3.67,-11782,0.225917,12.9441,0.357789,300,0.319332,299,318
368,3.68,-11169,0.214163,12.2706,0.353877,300,0.3204,300,281
369,3.69,-10552,0.202332,11.5928,0.349773,300,0.316128,296,314
370,3.7,-9979,0.191345,10.9633,0.345482,300,0.321468,301,277
371,3.71,-9383,0.179917,10.3085,0.34101,300,0.321468,301,271
372,3.72,-8772,0.168201,9.63721,0.336359,300,0.317196,297,314
373,3.73,-8172,0.156696,8.97803,0.331537,300,0.319332,299,277
374,3.74,-7594,0.145613,8.34302,0.326547,300,0.316128,296,288
375,3.75,-7013,0.134473,7.70471,0.321395,300,0.323604,303,269
376,3.76,-6476,0.124176,7.11475,0.316086,296,0.319332,299,280
377,3.77,-5894,0.113016,6.47534,0.310626,291,0.313992,294,306
378,3.78,-5308,0.10178,5.83154,0.30502,286,0.307584,288,267
379,3.79,-4746,0.0910034,5.21411,0.299274,280,0.303312,284,301
380,3.8,-4184,0.0802272,4.59668,0.293394,275,0.297972,279,293
381,3.81,-3656,0.0701029,4.0166,0.287385,269,0.286224,268,245
382,3.82,-3152,0.0604388,3.46289,0.281255,263,0.280884,263,252
383,3.83,-2684,0.0514651,2.94873,0.275009,257,0.273408,256,244
384,3.84,-2191,0.0420119,2.4071,0.268652,252,0.271272,254,248
385,3.85,-1722,0.0330189,1.89185,0.262193,245,0.259524,243,242
386,3.86,-1238,0.0237384,1.36011,0.255636,239,0.255252,239,238
387,3.87,-810,0.0155316,0.889893,0.248988,233,0.25098,235,200
388,3.88,-423,0.00811092,0.464722,0.242256,227,0.2403,225,220
389,3.89,-53,0.00101626,0.0582275,0.235447,220,0.232824,218,208
390,3.9,302,-0.00579078,-0.331787,0.228566,214,0.227484,213,171
391,3.91,661,-0.0126745,-0.726196,0.22162,208,0.225348,211,176
392,3.92,1014,-0.0194432,-1.11401,0.214617,201,0.214668,201,164
393,3.93,1324,-0.0253874,-1.45459,0.207563,194,0.205056,192,164
394,3.94,1619,-0.0310439,-1.77869,0.200463,188,0.201852,189,135
395,3.95,1938,-0.0371607,-2.12915,0.193326,181,0.19224,180,130
396,3.96,2189,-0.0419735,-2.40491,0.186158,174,0.187968,176,129
397,3.97,2421,-0.0464221,-2.65979,0.178966,168,0.177288,166,103
398,3.98,2637,-0.0505638,-2.89709,0.171756,161,0.169812,159,108
399,3.99,2847,-0.0545905,-3.12781,0.164535,154,0.162336,152,100
400,4,3024,-0.0579845,-3.32227,0.15731,147,0.162336,152,96
401,4.01,3205,-0.0614551,-3.52112,0.150088,141,0.150588,141,85
402,4.02,3372,-0.0646573,-3.70459,0.142875,134,0.139908,131,68
403,4.03,3521,-0.0675143,-3.86829,0.135678,127,0.137772,129,74
404,4.04,3671,-0.0703905,-4.03308,0.128505,120,0.127092,119,63
405,4.05,3801,-0.0728833,-4.1759,0.121361,114,0.120684,113,57
406,4.06,3907,-0.0749158,-4.29236,0.114254,107,0.11214,105,54
407,4.07,3998,-0.0766607,-4.39233,0.10719,100,0.107868,101,49
408,4.08,4081,-0.0782522,-4.48352,0.100176,94,0.10146,95,38
409,4.09,4149,-0.0795561,-4.55823,0.0932183,87,0.088644,83,34
410,4.1,4212,-0.0807641,-4.62744,0.0863241,81,0.088644,83,30
411,4.11,4259,-0.0816653,-4.67908,0.0794997,74,0.076896,72,19
412,4.12,4290,-0.0822597,-4.71313,0.0727518,68,0.070488,66,11
413,4.13,4312,-0.0826816,-4.7373,0.0660868,62,0.06942,65,8
414,4.14,4325,-0.0829308,-4.75159,0.0595112,56,0.056604,53,3
415,4.15,4327,-0.0829692,-4.75378,0.0530315,50,0.054468,51,0
416,4.16,4327,-0.0829692,-4.75378,0.0466541,44,0.04806,45,0
417,4.17,4327,-0.0829692,-4.75378,0.0403852,38,0.04272,40,0
418,4.18,4327,-0.0829692,-4.75378,0.0342311,32,0.028836,27,0
419,4.19,4327,-0.0829692,-4.75378,0.0281979,26,0.027768,26,0
420,4.2,4326,-0.08295,-4.75269,0.0222917,21,0.025632,24,0
421,4.21,4326,-0.08295,-4.75269,0.0165184,15,0.019224,18,0
422,4.22,4325,-0.0829308,-4.75159,0.010884,10,0.008544,8,0
423,4.23,4324,-0.0829117,-4.75049,0.00539412,5,0.006408,6,0
424,4.24,4323,-0.0828925,-4.74939,5.45e-05,0,0,0,0
425,4.25,4320,-0.082835,-4.74609,-0.00512943,-5,-0.011748,-11,-1
426,4.26,4315,-0.0827391,-4.7406,-0.0101522,-10,-0.013884,-13,-2
427,4.27,4310,-0.0826432,-4.73511,-0.0150086,-14,-0.012816,-12,-3
428,4.28,4303,-0.082509,-4.72742,-0.0196936,-18,-0.018156,-17,-4
429,4.29,4293,-0.0823172,-4.71643,-0.0242021,-23,-0.025632,-24,-5
430,4.3,4280,-0.082068,-4.70215,-0.0285295,-27,-0.028836,-27,-7
431,4.31,4260,-0.0816845,-4.68018,-0.032671,-31,-0.035244,-33,-13
432,4.32,4240,-0.081301,-4.6582,-0.0366224,-34,-0.03738,-35,-9
433,4.33,4228,-0.0810709,-4.64502,-0.0403793,-38,-0.04272,-40,-3
434,4.34,4224,-0.0809942,-4.64062,-0.0439377,-41,-0.043788,-41,-2
435,4.35,4221,-0.0809367,-4.63733,-0.0472937,-44,-0.045924,-43,-1
436,4.36,4219,-0.0808983,-4.63513,-0.0504437,-47,-0.050196,-47,-1
437,4.37,4217,-0.08086,-4.63293,-0.0533843,-50,-0.052332,-49,-1
438,4.38,4213,-0.0807833,-4.62854,-0.0561123,-53,-0.0534,-50,-2
439,4.39,4207,-0.0806682,-4.62195,-0.0586246,-55,-0.056604,-53,-4
440,4.4,4198,-0.0804956,-4.61206,-0.0609185,-57,-0.06408,-60,-4
441,4.41,4186,-0.0802655,-4.59888,-0.0629915,-59,-0.067284,-63,-8
442,4.42,4168,-0.0799204,-4.5791,-0.0648413,-61,-0.065148,-61,-9
443,4.43,4146,-0.0794986,-4.55493,-0.0664659,-62,-0.06408,-60,-13
444,4.44,4119,-0.0789808,-4.52527,-0.0678635,-64,-0.066216,-62,-14
445,4.45,4090,-0.0784248,-4.49341,-0.0690324,-65,-0.071556,-67,-14
446,4.46,4058,-0.0778112,-4.45825,-0.0699714,-66,-0.071556,-67,-14
447,4.47,4027,-0.0772168,-4.42419,-0.0706796,-66,-0.068352,-64,-14
448,4.48,3995,-0.0766032,-4.38904,-0.071156,-67,-0.06942,-65,-11
449,4.49,3976,-0.0762388,-4.36816,-0.0714001,-67,-0.068352,-64,-7
450,4.5,3958,-0.0758937,-4.34839,-0.391812,-300,-0.317196,-297,-55
451,4.51,3750,-0.0719053,-4.11987,-0.391591,-300,-0.3204,-300,-186
452,4.52,3364,-0.0645039,-3.6958,-0.391138,-300,-0.318264,-298,-221
453,4.53,2872,-0.0550699,-3.15527,-0.390453,-300,-0.318264,-298,-252
454,4.54,2326,-0.0446005,-2.55542,-0.389537,-300,-0.317196,-297,-274
455,4.55,1732,-0.0332107,-1.90283,-0.388391,-300,-0.318264,-298,-291
456,4.56,1199,-0.0229905,-1.31726,-0.387016,-300,-0.319332,-299,-319
457,4.57,627,-0.0120226,-0.688843,-0.385414,-300,-0.317196,-297,-268
458,4.58,-10,0.000191748,0.0109863,-0.383587,-300,-0.3204,-300,-298
459,4.59,-632,0.0121184,0.694336,-0.381536,-300,-0.321468,-301,-275
460,4.6,-1232,0.0236233,1.35352,-0.379264,-300,-0.3204,-300,-278
461,4.61,-1841,0.0353007,2.02258,-0.376773,-300,-0.322536,-302,-302
462,4.62,-2440,0.0467864,2.68066,-0.374067,-300,-0.3204,-300,-316
463,4.63,-3089,0.0592308,3.39368,-0.371147,-300,-0.319332,-299,-294
464,4.64,-3772,0.0723272,4.14404,-0.368018,-300,-0.321468,-301,-314
465,4.65,-4469,0.085692,4.90979,-0.364682,-300,-0.321468,-301,-272
466,4.66,-5081,0.097427,5.58215,-0.361144,-300,-0.322536,-302,-289
467,4.67,-5675,0.108817,6.23474,-0.357407,-300,-0.322536,-302,-296
468,4.68,-6261,0.120053,6.87854,-0.353475,-300,-0.338556,-317,-315
469,4.69,-6812,0.130618,7.48389,-0.349352,-300,-0.3204,-300,-317
470,4.7,-7396,0.141817,8.12549,-0.345043,-300,-0.318264,-298,-313
471,4.71,-7965,0.152727,8.75061,-0.340552,-300,-0.321468,-301,-280
472,4.72,-8536,0.163676,9.37793,-0.335885,-300,-0.319332,-299,-276
473,4.73,-9140,0.175257,10.0415,-0.331045,-300,-0.322536,-302,-294
474,4.74,-9780,0.187529,10.7446,-0.326039,-300,-0.319332,-299,-290
475,4.75,-10456,0.200491,11.4873,-0.320871,-300,-0.322536,-302,-316
476,4.76,-11047,0.211824,12.1366,-0.315547,-295,-0.313992,-294,-314
477,4.77,-11613,0.222676,12.7584,-0.310072,-290,-0.311856,-292,-268
478,4.78,-12177,0.233491,13.3781,-0.304451,-285,-0.30438,-285,-289
479,4.79,-12761,0.244689,14.0197,-0.298692,-280,-0.300108,-281,-272
480,4.8,-13284,0.254718,14.5942,-0.292799,-274,-0.2937,-275,-266
481,4.81,-13785,0.264324,15.1447,-0.286778,-269,-0.286224,-268,-240
482,4.82,-14302,0.274237,15.7126,-0.280635,-263,-0.280884,-263,-245
483,4.83,-14836,0.284477,16.2993,-0.274378,-257,-0.273408,-256,-256
484,4.84,-15390,0.2951,16.908,-0.268011,-251,-0.269136,-252,-209
485,4.85,-15867,0.304246,17.432,-0.261541,-245,-0.259524,-243,-230
486,4.86,-16306,0.312664,17.9143,-0.254975,-239,-0.254184,-238,-227
487,4.87,-16726,0.320717,18.3757,-0.248319,-233,-0.253116,-237,-213
488,4.88,-17121,0.328291,18.8097,-0.241579,-226,-0.243504,-228,-201
489,4.89,-17482,0.335213,19.2063,-0.234762,-220,-0.233892,-219,-166
490,4.9,-17816,0.341618,19.5732,-0.227874,-213,-0.228552,-214,-179
491,4.91,-18142,0.347868,19.9314,-0.220923,-207,-0.222144,-208,-169
492,4.92,-18459,0.353947,20.2797,-0.213914,-200,-0.2136,-200,-161
493,4.93,-18755,0.359623,20.6049,-0.206855,-194,-0.20826,-195,-139
494,4.94,-19027,0.364838,20.9037,-0.199751,-187,-0.199716,-187,-124
495,4.95,-19281,0.369709,21.1827,-0.192611,-180,-0.193308,-181,-117
496,4.96,-19512,0.374138,21.4365,-0.18544,-174,-0.185832,-174,-111
497,4.97,-19737,0.378452,21.6837,-0.178246,-167,-0.17622,-165,-94
498,4.98,-19940,0.382345,21.9067,-0.171034,-160,-0.167676,-157,-101
499,4.99,-20125,0.385892,22.11,-0.163813,-153,-0.159132,-149,-76
500,5,-20299,0.389228,22.3011,-0.156587,-147,-0.159132,-149,-87
501,5.01,-20463,0.392373,22.4813,-0.149366,-140,-0.148452,-139,-69
502,5.02,-20617,0.395326,22.6505,-0.142154,-133,-0.140976,-132,-77
503,5.03,-20758,0.39803,22.8054,-0.13496,-126,-0.1335,-125,-59
504,5.04,-20875,0.400273,22.934,-0.127789,-120,-0.127092,-119,-51
505,5.05,-20980,0.402286,23.0493,-0.120649,-113,-0.120684,-113,-50
506,5.06,-21080,0.404204,23.1592,-0.113545,-106,-0.115344,-108,-47
507,5.07,-21156,0.405661,23.2427,-0.106486,-100,-0.10146,-95,-33
508,5.08,-21228,0.407042,23.3218,-0.0994774,-93,-0.099324,-93,-34
509,5.09,-21283,0.408096,23.3822,-0.092526,-87,-0.092916,-87,-18
510,5.1,-21324,0.408883,23.4272,-0.0856384,-80,-0.088644,-83,-18
511,5.11,-21355,0.409477,23.4613,-0.0788214,-74,-0.081168,-76,-16
512,5.12,-21387,0.410091,23.4965,-0.0720814,-67,-0.071556,-67,-11
513,5.13,-21405,0.410436,23.5162,-0.0654251,-61,-0.066216,-62,-6
514,5.14,-21412,0.41057,23.5239,-0.0588588,-55,-0.05874,-55,-2
515,5.15,-21413,0.410589,23.525,-0.0523891,-49,-0.050196,-47,0
516,5.16,-21413,0.410589,23.525,-0.0460222,-43,-0.04806,-45,0
517,5.17,-21413,0.410589,23.525,-0.0397645,-37,-0.043788,-41,0
518,5.18,-21413,0.410589,23.525,-0.0336222,-31,-0.030972,-29,0
519,5.19,-21413,0.410589,23.525,-0.0276015,-26,-0.0267,-25,0
520,5.2,-21412,0.41057,23.5239,-0.0217083,-20,-0.023496,-22,0
521,5.21,-21412,0.41057,23.5239,-0.0159486,-15,-0.014952,-14,0
522,5.22,-21411,0.410551,23.5228,-0.0103284,-10,-0.012816,-12,0
523,5.23,-21410,0.410532,23.5217,-0.0048533,-5,-0.006408,-6,0
524,5.24,-21409,0.410512,23.5206,0.000471012,0,0.002136,2,1
525,5.25,-21406,0.410455,23.5173,0.00563905,5,0.004272,4,1
526,5.26,-21403,0.410397,23.514,0.0106454,10,0.011748,11,1
527,5.27,-21401,0.410359,23.5118,0.0154849,14,0.012816,12,1
528,5.28,-21398,0.410302,23.5085,0.0201524,19,0.023496,22,2
529,5.29,-21392,0.410186,23.502,0.0246431,23,0.025632,24,4
530,5.3,-21385,0.410052,23.4943,0.0289521,27,0.029904,28,4
531,5.31,-21376,0.40988,23.4844,0.0330748,31,0.027768,26,5
532,5.32,-21366,0.409688,23.4734,0.0370069,35,0.04272,40,7
533,5.33,-21353,0.409439,23.4591,0.0407441,38,0.039516,37,8
534,5.34,-21336,0.409113,23.4404,0.0442824,41,0.04272,40,10
535,5.35,-21316,0.408729,23.4185,0.047618,45,0.049128,46,11
536,5.36,-21295,0.408327,23.3954,0.0507473,48,0.049128,46,11
537,5.37,-21273,0.407905,23.3712,0.0536667,50,0.055536,52,14
538,5.38,-21247,0.407406,23.3427,0.0563732,53,0.057672,54,10
539,5.39,-21230,0.40708,23.324,0.0588638,55,0.056604,53,7
540,5.4,-21221,0.406908,23.3141,0.0611358,57,0.059808,56,3
541,5.41,-21217,0.406831,23.3097,0.0631866,59,0.061944,58,2
542,5.42,-21213,0.406754,23.3053,0.065014,61,0.060876,57,1
543,5.43,-21212,0.406735,23.3042,0.0666159,62,0.06942,65,1
544,5.44,-21211,0.406716,23.3031,0.0679907,64,0.071556,67,0
545,5.45,-21209,0.406677,23.3009,0.0691367,65,0.072624,68,1
546,5.46,-21203,0.406562,23.2943,0.0700527,66,0.073692,69,4
547,5.47,-21194,0.40639,23.2844,0.0707376,66,0.06942,65,6
548,5.48,-21179,0.406102,23.2679,0.0711908,67,0.07476,70,9
549,5.49,-21162,0.405776,23.2493,0.0714117,67,0.068352,64,9
550,5.5,-21139,0.405335,23.224,0.3918,300,0.319332,299,58
551,5.51,-20907,0.400887,22.9691,0.391556,300,0.317196,297,189
552,5.52,-20485,0.392795,22.5055,0.39108,300,0.3204,300,241
553,5.53,-20017,0.383821,21.9913,0.390371,300,0.323604,303,231
554,5.54,-19498,0.373869,21.4211,0.389432,300,0.3204,300,255
555,5.55,-18946,0.363285,20.8147,0.388263,300,0.316128,296,273
556,5.56,-18387,0.352566,20.2006,0.386866,300,0.323604,303,285
557,5.57,-17824,0.341771,19.582,0.385241,300,0.322536,302,283
558,5.58,-17248,0.330726,18.9492,0.383392,300,0.3204,300,281
559,5.59,-16690,0.320027,18.3362,0.381319,300,0.318264,298,303
560,5.6,-16122,0.309135,17.7122,0.379025,300,0.328944,308,305
561,5.61,-15556,0.298283,17.0903,0.376512,300,0.317196,297,270
562,5.62,-14967,0.286989,16.4432,0.373784,300,0.319332,299,316
563,5.63,-14364,0.275426,15.7808,0.370844,300,0.3204,300,306
564,5.64,-13785,0.264324,15.1447,0.367694,300,0.323604,303,283
565,5.65,-13158,0.252301,14.4558,0.364338,300,0.327876,307,274
566,5.66,-12580,0.241218,13.8208,0.360779,300,0.3204,300,293
567,5.67,-11994,0.229982,13.177,0.357022,300,0.317196,297,278
568,5.68,-11308,0.216828,12.4233,0.353071,300,0.32574,305,294
569,5.69,-10709,0.205343,11.7653,0.348929,300,0.318264,298,296
570,5.7,-10050,0.192706,11.0413,0.344602,300,0.3204,300,311
571,5.71,-9487,0.181911,10.4227,0.340094,300,0.319332,299,279
572,5.72,-8856,0.169812,9.72949,0.335409,300,0.319332,299,327
573,5.73,-8246,0.158115,9.05933,0.330552,300,0.319332,299,286
574,5.74,-7655,0.146783,8.41003,0.325529,300,0.319332,299,276
575,5.75,-7033,0.134856,7.72668,0.320346,300,0.319332,299,276
576,5.76,-6423,0.123159,7.05652,0.315006,295,0.312924,293,320
577,5.77,-5814,0.111482,6.38745,0.309516,290,0.310788,291,272
578,5.78,-5284,0.101319,5.80518,0.303882,285,0.303312,284,310
579,5.79,-4732,0.090735,5.19873,0.298108,279,0.302244,283,284
580,5.8,-4189,0.0803231,4.60217,0.292202,274,0.290496,272,262
581,5.81,-3649,0.0699687,4.00891,0.286169,268,0.28302,265,291
582,5.82,-3095,0.0593459,3.40027,0.280015,262,0.278748,261,252
583,5.83,-2567,0.0492216,2.82019,0.273746,256,0.273408,256,255
584,5.84,-2027,0.0388672,2.22693,0.267368,250,0.264864,248,219
585,5.85,-1558,0.0298743,1.71167,0.260889,244,0.260592,244,221
586,5.86,-1082,0.0207471,1.18872,0.254313,238,0.254184,238,224
587,5.87,-625,0.0119842,0.686646,0.247648,232,0.247776,232,227
588,5.88,-167,0.00320218,0.183472,0.2409,226,0.239232,224,223
589,5.89,241,-0.00462112,-0.264771,0.234076,219,0.23496,220,218
590,5.9,609,-0.0116774,-0.669067,0.227182,213,0.227484,213,195
591,5.91,985,-0.0188871,-1.08215,0.220224,206,0.220008,206,186
592,5.92,1343,-0.0257517,-1.47546,0.21321,200,0.210396,197,176
593,5.93,1681,-0.0322328,-1.8468,0.206146,193,0.203988,191,159
594,5.94,2031,-0.0389439,-2.23132,0.199039,186,0.201852,189,147
595,5.95,2331,-0.0446964,-2.56091,0.191895,180,0.189036,177,120
596,5.96,2579,-0.0494517,-2.83337,0.184722,173,0.187968,176,125
597,5.97,2810,-0.0538811,-3.08716,0.177525,166,0.180492,169,113
598,5.98,3015,-0.0578119,-3.31238,0.170312,159,0.171948,161,100
599,5.99,3207,-0.0614935,-3.52332,0.16309,153,0.162336,152,97
600,6,3397,-0.0651367,-3.73206,0.155865,146,0.155928,146,103
601,6.01,3580,-0.0686456,-3.93311,0.148644,139,0.148452,139,77
602,6.02,3743,-0.0717711,-4.11218,0.141434,132,0.14418,135,77
603,6.03,3902,-0.0748199,-4.28687,0.134242,126,0.1335,125,80
604,6.04,4034,-0.077351,-4.43188,0.127074,119,0.127092,119,69
605,6.05,4165,-0.0798629,-4.57581,0.119937,112,0.120684,113,53
606,6.06,4273,-0.0819337,-4.69446,0.112837,106,0.11214,105,49
607,6.07,4360,-0.083602,-4.79004,0.105783,99,0.1068,100,40
608,6.08,4444,-0.0852126,-4.88232,0.0987796,92,0.102528,96,33
609,6.09,4505,-0.0863823,-4.94934,0.0918342,86,0.093984,88,29
610,6.1,4556,-0.0873602,-5.00537,0.0849534,80,0.082236,77,21
611,6.11,4593,-0.0880697,-5.04602,0.0781438,73,0.076896,72,15
612,6.12,4623,-0.0886449,-5.07898,0.0714119,67,0.070488,66,11
613,6.13,4645,-0.0890668,-5.10315,0.0647643,61,0.06408,60,8
614,6.14,4661,-0.0893736,-5.12073,0.0582074,55,0.060876,57,6
615,6.15,4672,-0.0895845,-5.13281,0.0517477,48,0.0534,50,3
616,6.16,4674,-0.0896228,-5.13501,0.0453914,43,0.049128,46,0
617,6.17,4674,-0.0896228,-5.13501,0.039145,37,0.038448,36,0
618,6.18,4674,-0.0896228,-5.13501,0.0330146,31,0.036312,34,0
619,6.19,4674,-0.0896228,-5.13501,0.0270063,25,0.023496,22,0
620,6.2,4674,-0.0896228,-5.13501,0.0211262,20,0.024564,23,0
621,6.21,4674,-0.0896228,-5.13501,0.0153802,14,0.019224,18,0
622,6.22,4674,-0.0896228,-5.13501,0.00977426,9,0.01068,10,0
623,6.23,4673,-0.0896037,-5.13391,0.004314,4,0.007476,7,0
624,6.24,4673,-0.0896037,-5.13391,-0.000994938,-1,-0.002136,-2,0
625,6.25,4671,-0.0895653,-5.13171,-0.00614705,-6,-0.009612,-9,-1
626,6.26,4670,-0.0895461,-5.13062,-0.011137,-10,-0.014952,-14,-1
627,6.27,4668,-0.0895078,-5.12842,-0.0159595,-15,-0.018156,-17,-1
628,6.28,4667,-0.0894886,-5.12732,-0.0206096,-19,-0.018156,-17,-1
629,6.29,4664,-0.0894311,-5.12402,-0.0250822,-23,-0.025632,-24,-1
630,6.3,4659,-0.0893352,-5.11853,-0.0293728,-28,-0.027768,-26,-4
631,6.31,4649,-0.0891435,-5.10754,-0.0334767,-31,-0.036312,-34,-5
632,6.32,4637,-0.0889134,-5.09436,-0.0373895,-35,-0.035244,-33,-7
633,6.33,4621,-0.0886066,-5.07678,-0.041107,-38,-0.041652,-39,-8
634,6.34,4607,-0.0883381,-5.0614,-0.0446252,-42,-0.043788,-41,-9
635,6.35,4588,-0.0879738,-5.04053,-0.0479403,-45,-0.049128,-46,-8
636,6.36,4571,-0.0876478,-5.02185,-0.0510487,-48,-0.050196,-47,-9
637,6.37,4553,-0.0873027,-5.00208,-0.053947,-51,-0.056604,-53,-8
638,6.38,4537,-0.0869959,-4.9845,-0.0566321,-53,-0.055536,-52,-8
639,6.39,4519,-0.0866507,-4.96472,-0.0591009,-55,-0.063012,-59,-7
640,6.4,4499,-0.0862672,-4.94275,-0.0613509,-57,-0.059808,-56,-14
641,6.41,4471,-0.0857304,-4.91199,-0.0633794,-59,-0.061944,-58,-14
642,6.42,4446,-0.085251,-4.88452,-0.0651843,-61,-0.06408,-60,-10
643,6.43,4430,-0.0849442,-4.86694,-0.0667636,-63,-0.063012,-59,-7
644,6.44,4418,-0.0847141,-4.85376,-0.0681156,-64,-0.06942,-65,-7
645,6.45,4404,-0.0844456,-4.83838,-0.0692386,-65,-0.070488,-66,-8
646,6.46,4388,-0.0841388,-4.8208,-0.0701316,-66,-0.068352,-64,-8
647,6.47,4370,-0.0837937,-4.80103,-0.0707934,-66,-0.071556,-67,-10
648,6.48,4350,-0.0834102,-4.77905,-0.0712234,-67,-0.072624,-68,-11
649,6.49,4327,-0.0829692,-4.75378,-0.071421,-67,-0.079032,-74,-11
650,6.5,4300,-0.0824515,-4.72412,-0.391786,-300,-0.322536,-302,-64
651,6.51,4108,-0.0787699,-4.51318,-0.391519,-300,-0.321468,-301,-187
652,6.52,3737,-0.0716561,-4.10559,-0.391019,-300,-0.318264,-298,-235
653,6.53,3238,-0.0620879,-3.55737,-0.390288,-300,-0.321468,-301,-232
654,6.54,2680,-0.0513884,-2.94434,-0.389326,-300,-0.316128,-296,-278
655,6.55,2107,-0.0404012,-2.31482,-0.388134,-300,-0.324672,-304,-309
656,6.56,1498,-0.0287238,-1.64575,-0.386714,-300,-0.3204,-300,-325
657,6.57,887,-0.017008,-0.974487,-0.385066,-300,-0.323604,-303,-303
658,6.58,272,-0.00521553,-0.298828,-0.383194,-300,-0.319332,-299,-315
659,6.59,-322,0.00617427,0.35376,-0.381099,-300,-0.317196,-297,-288
660,6.6,-910,0.017449,0.999756,-0.378783,-300,-0.322536,-302,-305
661,6.61,-1607,0.0308138,1.7655,-0.376249,-300,-0.321468,-301,-316
662,6.62,-2236,0.0428748,2.45654,-0.3735,-300,-0.321468,-301,-333
663,6.63,-2853,0.0547056,3.1344,-0.370538,-300,-0.318264,-298,-328
664,6.64,-3437,0.0659036,3.776,-0.367367,-300,-0.317196,-297,-323
665,6.65,-4023,0.0771401,4.4198,-0.363991,-300,-0.318264,-298,-309
666,6.66,-4585,0.0879163,5.03723,-0.360412,-300,-0.313992,-294,-297
667,6.67,-5210,0.0999005,5.72388,-0.356636,-300,-0.317196,-297,-293
668,6.68,-5766,0.110562,6.33472,-0.352665,-300,-0.323604,-303,-305
669,6.69,-6430,0.123294,7.06421,-0.348505,-300,-0.316128,-296,-296
670,6.7,-7017,0.134549,7.70911,-0.344159,-300,-0.319332,-299,-310
671,6.71,-7585,0.145441,8.33313,-0.339633,-300,-0.319332,-299,-280
672,6.72,-8180,0.15685,8.98682,-0.334931,-300,-0.324672,-304,-277
673,6.73,-8806,0.168853,9.67456,-0.330057,-300,-0.324672,-304,-326
674,6.74,-9415,0.18053,10.3436,-0.325018,-300,-0.31506,-295,-319
675,6.75,-10007,0.191882,10.994,-0.319818,-299,-0.321468,-301,-316
676,6.76,-10576,0.202792,11.6191,-0.314464,-294,-0.30972,-290,-291
677,6.77,-11148,0.21376,12.2476,-0.308959,-289,-0.307584,-288,-312
678,6.78,-11724,0.224805,12.8804,-0.30331,-284,-0.30438,-285,-287
679,6.79,-12316,0.236156,13.5308,-0.297524,-279,-0.302244,-283,-303
680,6.8,-12863,0.246645,14.1317,-0.291604,-273,-0.291564,-273,-285
681,6.81,-13420,0.257325,14.7437,-0.285559,-267,-0.285156,-267,-272
682,6.82,-13931,0.267124,15.3051,-0.279393,-262,-0.275544,-258,-234
683,6.83,-14404,0.276193,15.8247,-0.273113,-256,-0.27234,-255,-266
684,6.84,-14880,0.28532,16.3477,-0.266725,-250,-0.271272,-254,-218
685,6.85,-15379,0.294889,16.8959,-0.260235,-244,-0.258456,-242,-203
686,6.86,-15795,0.302865,17.3529,-0.253651,-238,-0.257388,-241,-229
687,6.87,-16231,0.311226,17.8319,-0.246977,-231,-0.243504,-228,-204
688,6.88,-16615,0.318589,18.2538,-0.240221,-225,-0.243504,-228,-210
689,6.89,-17000,0.325971,18.6768,-0.23339,-219,-0.232824,-218,-171
690,6.9,-17394,0.333526,19.1096,-0.226489,-212,-0.22962,-215,-178
691,6.91,-17717,0.339719,19.4645,-0.219525,-206,-0.220008,-206,-174
692,6.92,-18040,0.345913,19.8193,-0.212506,-199,-0.2136,-200,-142
693,6.93,-18384,0.352509,20.1973,-0.205437,-192,-0.20292,-190,-135
694,6.94,-18672,0.358031,20.5137,-0.198326,-186,-0.200784,-188,-136
695,6.95,-18932,0.363017,20.7993,-0.191179,-179,-0.191172,-179,-133
696,6.96,-19154,0.367273,21.0432,-0.184003,-172,-0.184764,-173,-117
697,6.97,-19372,0.371453,21.2827,-0.176804,-166,-0.175152,-164,-115
698,6.98,-19592,0.375672,21.5244,-0.16959,-159,-0.171948,-161,-105
699,6.99,-19759,0.378874,21.7079,-0.162368,-152,-0.162336,-152,-82
700,7,-19921,0.38198,21.8859,-0.155143,-145,-0.156996,-147,-72
701,7.01,-20068,0.384799,22.0474,-0.147923,-139,-0.14952,-140,-63
702,7.02,-20227,0.387848,22.222,-0.140714,-132,-0.14418,-135,-66
703,7.03,-20361,0.390417,22.3693,-0.133524,-125,-0.1335,-125,-58
704,7.04,-20477,0.392642,22.4967,-0.126358,-118,-0.126024,-118,-61
705,7.05,-20611,0.395211,22.6439,-0.119225,-112,-0.119616,-112,-54
706,7.06,-20710,0.397109,22.7527,-0.11213,-105,-0.110004,-103,-49
707,7.07,-20795,0.398739,22.8461,-0.10508,-98,-0.100392,-94,-37
708,7.08,-20868,0.400139,22.9263,-0.0980823,-92,-0.097188,-91,-28
709,7.09,-20923,0.401194,22.9867,-0.0911431,-85,-0.089712,-84,-25
710,7.1,-20970,0.402095,23.0383,-0.0842691,-79,-0.089712,-84,-22
711,7.11,-21007,0.402804,23.079,-0.077467,-73,-0.076896,-72,-18
712,7.12,-21038,0.403399,23.113,-0.0707432,-66,-0.071556,-67,-10
713,7.13,-21051,0.403648,23.1273,-0.0641044,-60,-0.063012,-59,-2
714,7.14,-21052,0.403667,23.1284,-0.057557,-54,-0.056604,-53,0
715,7.15,-21052,0.403667,23.1284,-0.0511073,-48,-0.052332,-49,0
716,7.16,-21052,0.403667,23.1284,-0.0447618,-42,-0.043788,-41,0
717,7.17,-21052,0.403667,23.1284,-0.0385267,-36,-0.041652,-39,0
718,7.18,-21052,0.403667,23.1284,-0.0324082,-30,-0.035244,-33,0
719,7.19,-21051,0.403648,23.1273,-0.0264124,-25,-0.0267,-25,0
720,7.2,-21051,0.403648,23.1273,-0.0205455,-19,-0.018156,-17,0
721,7.21,-21050,0.403629,23.1262,-0.0148133,-14,-0.014952,-14,1
722,7.22,-21048,0.40359,23.124,-0.00922159,-9,-0.01068,-10,1
723,7.23,-21046,0.403552,23.1218,-0.0037762,-4,-0.001068,-1,1
724,7.24,-21044,0.403514,23.1196,0.0015173,1,-0.002136,-2,1
725,7.25,-21042,0.403475,23.1174,0.00665342,6,0.00534,5,1
726,7.26,-21039,0.403418,23.1141,0.0116268,11,0.012816,12,2
727,7.27,-21032,0.403284,23.1064,0.0164323,15,0.012816,12,4
728,7.28,-21025,0.403149,23.0988,0.0210649,20,0.02136,20,4
729,7.29,-21018,0.403015,23.0911,0.0255196,24,0.028836,27,3
730,7.3,-21011,0.402881,23.0834,0.0297917,28,0.023496,22,3
731,7.31,-21006,0.402785,23.0779,0.0338766,32,0.036312,34,2
732,7.32,-21002,0.402708,23.0735,0.0377701,35,0.033108,31,2
733,7.33,-20996,0.402593,23.0669,0.0414678,39,0.041652,39,3
734,7.34,-20989,0.402459,23.0592,0.0449659,42,0.040584,38,4
735,7.35,-20980,0.402286,23.0493,0.0482605,45,0.049128,46,7
736,7.36,-20965,0.401999,23.0328,0.051348,48,0.052332,49,10
737,7.37,-20945,0.401615,23.0109,0.0542252,51,0.0534,50,10
738,7.38,-20926,0.401251,22.99,0.0568887,53,0.0534,50,8
739,7.39,-20909,0.400925,22.9713,0.0593358,56,0.063012,59,7
740,7.4,-20892,0.400599,22.9526,0.0615637,58,0.063012,59,9
741,7.41,-20872,0.400216,22.9307,0.06357,60,0.06408,60,12
742,7.42,-20848,0.399755,22.9043,0.0653525,61,0.06408,60,11
743,7.43,-20819,0.399199,22.8724,0.0669091,63,0.06942,65,18
744,7.44,-20789,0.398624,22.8395,0.0682382,64,0.065148,61,15
745,7.45,-20766,0.398183,22.8142,0.0693383,65,0.070488,66,6
746,7.46,-20752,0.397915,22.7988,0.0702082,66,0.06942,65,8
747,7.47,-20739,0.397665,22.7845,0.0708468,66,0.07476,70,8
748,7.48,-20722,0.397339,22.7659,0.0712536,67,0.071556,67,10
749,7.49,-20705,0.397013,22.7472,0.071428,67,0.071556,67,9
750,7.5,-20686,0.396649,22.7263,0.39177,300,0.3204,300,55
751,7.51,-20445,0.392028,22.4615,0.391479,300,0.318264,298,173
752,7.52,-20028,0.384032,22.0034,0.390956,300,0.321468,301,227
753,7.53,-19524,0.374368,21.4497,0.390202,300,0.3204,300,248
754,7.54,-18971,0.363764,20.8422,0.389217,300,0.319332,299,309
755,7.55,-18433,0.353448,20.2511,0.388002,300,0.321468,301,301
756,7.56,-17878,0.342806,19.6414,0.386559,300,0.318264,298,316
757,7.57,-17233,0.330439,18.9327,0.384889,300,0.317196,297,332
758,7.58,-16584,0.317994,18.2197,0.382995,300,0.3204,300,317
759,7.59,-15959,0.30601,17.5331,0.380877,300,0.318264,298,311
760,7.6,-15337,0.294083,16.8497,0.37854,300,0.316128,296,284
761,7.61,-14690,0.281677,16.1389,0.375984,300,0.316128,296,302
762,7.62,-14020,0.26883,15.4028,0.373213,300,0.3204,300,290
763,7.63,-13423,0.257383,14.7469,0.37023,300,0.318264,298,326
764,7.64,-12828,0.245974,14.0933,0.367039,300,0.322536,302,283
765,7.65,-12193,0.233798,13.3956,0.363642,300,0.323604,303,288
766,7.66,-11612,0.222657,12.7573,0.360044,300,0.318264,298,311
767,7.67,-11062,0.212111,12.1531,0.356248,300,0.324672,304,319
768,7.68,-10477,0.200894,11.5104,0.352258,300,0.321468,301,298
769,7.69,-9889,0.189619,10.8644,0.348079,300,0.324672,304,328
770,7.7,-9263,0.177616,10.1766,0.343715,300,0.322536,302,323
771,7.71,-8539,0.163733,9.38123,0.339171,300,0.321468,301,342
772,7.72,-7900,0.151481,8.6792,0.334451,300,0.322536,302,288
773,7.73,-7289,0.139765,8.00793,0.329561,300,0.3204,300,288
774,7.74,-6607,0.126688,7.25867,0.324505,300,0.321468,301,314
775,7.75,-6028,0.115585,6.62256,0.31929,299,0.319332,299,296
776,7.76,-5424,0.104004,5.95898,0.31392,294,0.310788,291,294
777,7.77,-4788,0.0918088,5.26025,0.308401,289,0.30972,290,296
778,7.78,-4207,0.0806682,4.62195,0.302738,283,0.300108,281,320
779,7.79,-3623,0.0694702,3.98035,0.296938,278,0.296904,278,270
780,7.8,-3031,0.0581187,3.32996,0.291005,272,0.290496,272,279
781,7.81,-2452,0.0470165,2.69385,0.284948,267,0.284088,266,290
782,7.82,-1822,0.0349364,2.00171,0.27877,261,0.280884,263,253
783,7.83,-1291,0.0247546,1.41833,0.272479,255,0.273408,256,230
784,7.84,-795,0.0152439,0.873413,0.26608,249,0.263796,247,229
785,7.85,-257,0.00492791,0.282349,0.259581,243,0.262728,246,245
786,7.86,215,-0.00412257,-0.236206,0.252987,237,0.252048,236,247
787,7.87,684,-0.0131155,-0.751465,0.246305,231,0.249912,234,202
788,7.88,1118,-0.0214374,-1.22827,0.239541,224,0.239232,224,220
789,7.89,1538,-0.0294908,-1.6897,0.232702,218,0.230688,216,204
790,7.9,1962,-0.0376209,-2.15552,0.225795,211,0.225348,211,191
791,7.91,2312,-0.044332,-2.54004,0.218826,205,0.216804,203,183
792,7.92,2694,-0.0516568,-2.95972,0.211801,198,0.214668,201,173
793,7.93,3040,-0.0582913,-3.33984,0.204728,192,0.205056,192,148
794,7.94,3332,-0.0638903,-3.66064,0.197613,185,0.193308,181,155
795,7.95,3613,-0.0692784,-3.96936,0.190463,178,0.1869,175,144
796,7.96,3879,-0.0743789,-4.2616,0.183284,172,0.18156,170,120
797,7.97,4143,-0.079441,-4.55164,0.176084,165,0.175152,164,122
798,7.98,4383,-0.084043,-4.81531,0.168868,158,0.166608,156,121
799,7.99,4592,-0.0880505,-5.04492,0.161645,151,0.156996,147,106
800,8,4783,-0.0917129,-5.25476,0.15442,145,0.15486,145,85
801,8.01,4952,-0.0949534,-5.44043,0.147201,138,0.140976,132,90
802,8.02,5120,-0.0981748,-5.625,0.139994,131,0.140976,132,71
803,8.03,5262,-0.100898,-5.78101,0.132806,124,0.135636,127,67
804,8.04,5391,-0.103371,-5.92273,0.125643,118,0.124956,117,57
805,8.05,5516,-0.105768,-6.06006,0.118513,111,0.118548,111,56
806,8.06,5618,-0.107724,-6.17212,0.111423,104,0.111072,104,50
807,8.07,5701,-0.109315,-6.26331,0.104378,98,0.102528,96,42
808,8.08,5770,-0.110638,-6.33911,0.0973857,91,0.092916,87,29
809,8.09,5836,-0.111904,-6.41162,0.0904527,85,0.091848,86,25
810,8.1,5883,-0.112805,-6.46326,0.0835856,78,0.086508,81,19
811,8.11,5916,-0.113438,-6.49951,0.076791,72,0.075828,71,14
812,8.12,5941,-0.113917,-6.52698,0.0700754,66,0.070488,66,8
813,8.13,5956,-0.114205,-6.54346,0.0634454,59,0.060876,57,3
814,8.14,5960,-0.114282,-6.54785,0.0569075,53,0.057672,54,0
815,8.15,5960,-0.114282,-6.54785,0.0504679,47,0.049128,46,0
816,8.16,5960,-0.114282,-6.54785,0.0441332,41,0.043788,41,0
817,8.17,5960,-0.114282,-6.54785,0.0379095,35,0.040584,38,0
818,8.18,5960,-0.114282,-6.54785,0.031803,30,0.035244,33,0
819,8.19,5960,-0.114282,-6.54785,0.0258198,24,0.03204,30,0
820,8.2,5960,-0.114282,-6.54785,0.0199661,19,0.019224,18,0
821,8.21,5960,-0.114282,-6.54785,0.0142477,13,0.013884,13,0
822,8.22,5959,-0.114262,-6.54675,0.00867037,8,0.012816,12,0
823,8.23,5958,-0.114243,-6.54565,0.00323992,3,0.002136,2,0
824,8.24,5958,-0.114243,-6.54565,-0.00203808,-2,0.001068,1,0
825,8.25,5956,-0.114205,-6.54346,-0.00715818,-7,-0.008544,-8,-1
826,8.26,5955,-0.114186,-6.54236,-0.012115,-11,-0.012816,-12,-1
827,8.27,5953,-0.114147,-6.54016,-0.0169035,-16,-0.018156,-17,-1
828,8.28,5950,-0.11409,-6.53687,-0.0215184,-20,-0.02136,-20,-2
829,8.29,5944,-0.113975,-6.53027,-0.0259551,-24,-0.0267,-25,-4
830,8.3,5935,-0.113802,-6.52039,-0.0302087,-28,-0.0267,-25,-5
831,8.31,5925,-0.11361,-6.5094,-0.0342747,-32,-0.034176,-32,-6
832,8.32,5911,-0.113342,-6.49402,-0.0381487,-36,-0.038448,-36,-7
833,8.33,5894,-0.113016,-6.47534,-0.0418267,-39,-0.044856,-42,-7
834,8.34,5880,-0.112748,-6.45996,-0.0453046,-42,-0.043788,-41,-6
835,8.35,5865,-0.11246,-6.44348,-0.0485786,-45,-0.045924,-43,-9
836,8.36,5846,-0.112096,-6.42261,-0.0516453,-48,-0.049128,-46,-10
837,8.37,5828,-0.111751,-6.40283,-0.0545012,-51,-0.057672,-54,-8
838,8.38,5816,-0.11152,-6.38965,-0.0571432,-54,-0.061944,-58,-4
839,8.39,5812,-0.111444,-6.38525,-0.0595685,-56,-0.060876,-57,-2
840,8.4,5809,-0.111386,-6.38196,-0.0617744,-58,-0.06408,-60,-1
841,8.41,5806,-0.111329,-6.37866,-0.0637584,-60,-0.060876,-57,-1
842,8.42,5805,-0.111309,-6.37756,-0.0655183,-61,-0.06408,-60,-1
843,8.43,5804,-0.11129,-6.37646,-0.0670523,-63,-0.070488,-66,-1
844,8.44,5801,-0.111233,-6.37317,-0.0683585,-64,-0.065148,-61,-1
845,8.45,5796,-0.111137,-6.36768,-0.0694357,-65,-0.06942,-65,-3
846,8.46,5790,-0.111022,-6.36108,-0.0702824,-66,-0.071556,-67,-3
847,8.47,5782,-0.110868,-6.35229,-0.070898,-66,-0.070488,-66,-4
848,8.48,5770,-0.110638,-6.33911,-0.0712815,-67,-0.070488,-66,-8
849,8.49,5751,-0.110274,-6.31824,-0.0714327,-67,-0.06942,-65,-7
850,8.5,5730,-0.109871,-6.29517,-0.391751,-300,-0.31506,-295,-58
851,8.51,5518,-0.105806,-6.06226,-0.391437,-300,-0.318264,-298,-180
852,8.52,5121,-0.0981939,-5.6261,-0.390891,-300,-0.3204,-300,-241
853,8.53,4627,-0.0887216,-5.08337,-0.390114,-300,-0.321468,-301,-267
854,8.54,4054,-0.0777345,-4.45386,-0.389106,-300,-0.322536,-302,-280
855,8.55,3416,-0.065501,-3.75293,-0.387868,-300,-0.31506,-295,-309
856,8.56,2805,-0.0537852,-3.08167,-0.386402,-300,-0.324672,-304,-290
857,8.57,2166,-0.0415325,-2.37964,-0.38471,-300,-0.3204,-300,-301
858,8.58,1561,-0.0299318,-1.71497,-0.382793,-300,-0.319332,-299,-300
859,8.59,880,-0.0168738,-0.966797,-0.380653,-300,-0.318264,-298,-297
860,8.6,247,-0.00473617,-0.271362,-0.378294,-300,-0.3204,-300,-297
861,8.61,-381,0.00730558,0.418579,-0.375716,-300,-0.322536,-302,-312
862,8.62,-1017,0.0195007,1.11731,-0.372924,-300,-0.319332,-299,-331
863,8.63,-1675,0.0321177,1.84021,-0.369921,-300,-0.321468,-301,-316
864,8.64,-2376,0.0455592,2.61035,-0.366708,-300,-0.3204,-300,-299
865,8.65,-3021,0.0579269,3.31897,-0.363291,-300,-0.323604,-303,-300
866,8.66,-3694,0.0708316,4.05835,-0.359673,-300,-0.317196,-297,-346
867,8.67,-4311,0.0826624,4.73621,-0.355857,-300,-0.322536,-302,-339
868,8.68,-4909,0.0941289,5.39319,-0.351848,-300,-0.3204,-300,-299
869,8.69,-5553,0.106477,6.10071,-0.347651,-300,-0.318264,-298,-301
870,8.7,-6202,0.118922,6.81372,-0.343268,-300,-0.323604,-303,-334
871,8.71,-6813,0.130638,7.48499,-0.338706,-300,-0.316128,-296,-319
872,8.72,-7459,0.143025,8.1947,-0.333969,-300,-0.317196,-297,-308
873,8.73,-8124,0.155776,8.92529,-0.329063,-300,-0.322536,-302,-295
874,8.74,-8772,0.168201,9.63721,-0.323991,-300,-0.3204,-300,-293
875,8.75,-9391,0.18007,10.3173,-0.31876,-298,-0.3204,-300,-313
876,8.76,-9981,0.191383,10.9655,-0.313374,-293,-0.310788,-291,-295
877,8.77,-10610,0.203444,11.6565,-0.307841,-288,-0.302244,-283,-318
878,8.78,-11200,0.214757,12.3047,-0.302164,-283,-0.30438,-285,-314
879,8.79,-11803,0.22632,12.9672,-0.29635,-277,-0.295836,-277,-276
880,8.8,-12376,0.237307,13.5967,-0.290405,-272,-0.2937,-275,-299
881,8.81,-12962,0.248543,14.2405,-0.284335,-266,-0.28836,-270,-277
882,8.82,-13470,0.258284,14.7986,-0.278146,-260,-0.279816,-262,-277
883,8.83,-13962,0.267718,15.3391,-0.271844,-255,-0.270204,-253,-238
884,8.84,-14442,0.276922,15.8665,-0.265435,-249,-0.267,-250,-249
885,8.85,-14906,0.285819,16.3762,-0.258926,-242,-0.255252,-239,-218
886,8.86,-15338,0.294102,16.8508,-0.252323,-236,-0.25632,-240,-234
887,8.87,-15755,0.302098,17.309,-0.245632,-230,-0.247776,-232,-187
888,8.88,-16143,0.309538,17.7352,-0.238861,-224,-0.238164,-223,-219
889,8.89,-16541,0.31717,18.1725,-0.232015,-217,-0.232824,-218,-176
890,8.9,-16892,0.3239,18.5581,-0.225101,-211,-0.227484,-213,-186
891,8.91,-17221,0.330209,18.9196,-0.218126,-204,-0.216804,-203,-152
892,8.92,-17534,0.33621,19.2634,-0.211096,-198,-0.2136,-200,-163
893,8.93,-17852,0.342308,19.6128,-0.204018,-191,-0.20826,-195,-130
894,8.94,-18157,0.348156,19.9479,-0.196899,-184,-0.194376,-182,-143
895,8.95,-18439,0.353563,20.2577,-0.189746,-178,-0.1869,-175,-139
896,8.96,-18693,0.358434,20.5367,-0.182565,-171,-0.190104,-178,-118
897,8.97,-18925,0.362882,20.7916,-0.175363,-164,-0.177288,-166,-104
898,8.98,-19129,0.366794,21.0157,-0.168146,-157,-0.16554,-155,-89
899,8.99,-19323,0.370514,21.2289,-0.160923,-151,-0.162336,-152,-93
900,9,-19499,0.373889,21.4222,-0.153698,-144,-0.15486,-145,-87
901,9.01,-19658,0.376937,21.5969,-0.14648,-137,-0.147384,-138,-64
902,9.02,-19778,0.379238,21.7288,-0.139274,-130,-0.137772,-129,-58
903,9.03,-19896,0.381501,21.8584,-0.132088,-124,-0.134568,-126,-45
904,9.04,-19999,0.383476,21.9716,-0.124929,-117,-0.12282,-115,-41
905,9.05,-20083,0.385087,22.0638,-0.117803,-110,-0.118548,-111,-43
906,9.06,-20159,0.386544,22.1473,-0.110716,-104,-0.110004,-103,-32
907,9.07,-20221,0.387733,22.2155,-0.103676,-97,-0.100392,-94,-29
908,9.08,-20277,0.388807,22.277,-0.0966896,-91,-0.09612,-90,-27
909,9.09,-20331,0.389842,22.3363,-0.0897629,-84,-0.09078,-85,-28
910,9.1,-20374,0.390667,22.3835,-0.0829028,-78,-0.083304,-78,-12
911,9.11,-20401,0.391184,22.4132,-0.0761158,-71,-0.076896,-72,-11
912,9.12,-20418,0.39151,22.4319,-0.0694085,-65,-0.065148,-61,-7
913,9.13,-20428,0.391702,22.4429,-0.0627874,-59,-0.065148,-61,-3
914,9.14,-20431,0.39176,22.4462,-0.056259,-53,-0.05874,-55,-1
915,9.15,-20431,0.39176,22.4462,-0.0498297,-47,-0.045924,-43,0
916,9.16,-20431,0.39176,22.4462,-0.0435057,-41,-0.045924,-43,0
917,9.17,-20431,0.39176,22.4462,-0.0372934,-35,-0.034176,-32,0
918,9.18,-20431,0.39176,22.4462,-0.031199,-29,-0.034176,-32,0
919,9.19,-20431,0.39176,22.4462,-0.0252285,-24,-0.023496,-22,0
920,9.2,-20430,0.39174,22.4451,-0.0193881,-18,-0.023496,-22,0
921,9.21,-20430,0.39174,22.4451,-0.0136835,-13,-0.01068,-10,0
922,9.22,-20429,0.391721,22.444,-0.00812062,-8,-0.012816,-12,0
923,9.23,-20428,0.391702,22.4429,-0.00270517,-3,-0.00534,-5,0
924,9.24,-20427,0.391683,22.4418,0.00255728,2,0.002136,2,1
925,9.25,-20425,0.391644,22.4396,0.00766129,7,0.002136,2,1
926,9.26,-20423,0.391606,22.4374,0.0126015,12,0.013884,13,1
927,9.27,-20420,0.391549,22.4341,0.0173728,16,0.013884,13,1
928,9.28,-20414,0.391434,22.4275,0.0219702,21,0.023496,22,4
929,9.29,-20404,0.391242,22.4165,0.0263887,25,0.02136,20,7
930,9.3,-20390,0.390973,22.4011,0.0306238,29,0.035244,33,8
931,9.31,-20371,0.390609,22.3802,0.0346708,32,0.036312,34,10
932,9.32,-20351,0.390226,22.3583,0.0385254,36,0.041652,39,8
933,9.33,-20339,0.389995,22.3451,0.0421835,39,0.040584,38,5
934,9.34,-20333,0.38988,22.3385,0.0456412,43,0.045924,43,2
935,9.35,-20330,0.389823,22.3352,0.0488947,46,0.050196,47,1
936,9.36,-20329,0.389804,22.3341,0.0519404,49,0.052332,49,0
937,9.37,-20328,0.389785,22.333,0.0547751,51,0.0534,50,1
938,9.38,-20327,0.389765,22.3319,0.0573956,54,0.057672,54,0
939,9.39,-20326,0.389746,22.3308,0.059799,56,0.060876,57,0
940,9.4,-20325,0.389727,22.3297,0.0619828,58,0.060876,57,1
941,9.41,-20324,0.389708,22.3286,0.0639445,60,0.063012,59,1
942,9.42,-20321,0.38965,22.3253,0.0656819,61,0.066216,62,2
943,9.43,-20316,0.389554,22.3198,0.0671932,63,0.067284,63,3
944,9.44,-20308,0.389401,22.311,0.0684766,64,0.066216,62,5
945,9.45,-20298,0.389209,22.3,0.0695307,65,0.070488,66,3
946,9.46,-20288,0.389018,22.2891,0.0703544,66,0.067284,63,6
947,9.47,-20274,0.388749,22.2737,0.0709468,66,0.06942,65,7
948,9.48,-20260,0.388481,22.2583,0.0713071,67,0.06942,65,8
949,9.49,-20246,0.388212,22.2429,0.071435,67,0.070488,66,8
950,9.5,-20230,0.387905,22.2253,0.39173,300,0.318264,298,51
951,9.51,-19982,0.38315,21.9529,0.391393,300,0.317196,297,173
952,9.52,-19566,0.375173,21.4958,0.390824,300,0.321468,301,209
953,9.53,-19048,0.365241,20.9268,0.390023,300,0.321468,301,284
954,9.54,-18479,0.35433,20.3016,0.388992,300,0.319332,299,285
955,9.55,-17878,0.342806,19.6414,0.387732,300,0.318264,298,321
956,9.56,-17271,0.331167,18.9745,0.386243,300,0.321468,301,293
957,9.57,-16702,0.320257,18.3494,0.384528,300,0.323604,303,328
958,9.58,-16121,0.309116,17.7111,0.382589,300,0.324672,304,292
959,9.59,-15529,0.297765,17.0607,0.380427,300,0.322536,302,284
960,9.6,-14952,0.286701,16.4268,0.378046,300,0.3204,300,304
961,9.61,-14299,0.27418,15.7094,0.375447,300,0.321468,301,333
962,9.62,-13669,0.2621,15.0172,0.372633,300,0.3204,300,288
963,9.63,-13010,0.249464,14.2932,0.369609,300,0.319332,299,296
964,9.64,-12302,0.235888,13.5154,0.366376,300,0.321468,301,338
965,9.65,-11643,0.223252,12.7914,0.362938,300,0.322536,302,340
966,9.66,-10995,0.210826,12.0795,0.3593,300,0.323604,303,333
967,9.67,-10312,0.19773,11.3291,0.355465,300,0.319332,299,336
968,9.68,-9683,0.185669,10.6381,0.351437,300,0.319332,299,337
969,9.69,-9046,0.173455,9.93823,0.347221,300,0.318264,298,312
970,9.7,-8363,0.160359,9.18787,0.34282,300,0.319332,299,320
971,9.71,-7689,0.147435,8.44739,0.33824,300,0.317196,297,332
972,9.72,-6996,0.134147,7.68604,0.333486,300,0.321468,301,334
973,9.73,-6364,0.122028,6.9917,0.328563,300,0.316128,296,336
974,9.74,-5706,0.109411,6.2688,0.323475,300,0.319332,299,313
975,9.75,-5047,0.096775,5.5448,0.318228,298,0.31506,295,325
976,9.76,-4445,0.0852318,4.88342,0.312828,293,0.312924,293,337
977,9.77,-3854,0.0738995,4.23413,0.307279,288,0.306516,287,308
978,9.78,-3256,0.062433,3.57715,0.301589,282,0.301176,282,325
979,9.79,-2650,0.0508131,2.91138,0.295761,277,0.2937,275,279
980,9.8,-2069,0.0396726,2.27307,0.289804,271,0.28836,270,306
981,9.81,-1512,0.0289922,1.66113,0.283721,266,0.285156,267,251
982,9.82,-978,0.0187529,1.07446,0.277521,260,0.276612,259,258
983,9.83,-483,0.00926141,0.53064,0.271208,254,0.269136,252,241
984,9.84,53,-0.00101626,-0.0582275,0.264789,248,0.265932,249,238
985,9.85,523,-0.0100284,-0.574585,0.25827,242,0.257388,241,221
986,9.86,998,-0.0191364,-1.09644,0.251658,236,0.248844,233,225
987,9.87,1441,-0.0276308,-1.58313,0.244959,229,0.247776,232,200
988,9.88,1865,-0.0357609,-2.04895,0.238179,223,0.238164,223,221
989,9.89,2243,-0.043009,-2.46423,0.231326,217,0.22962,215,204
990,9.9,2620,-0.0502379,-2.87842,0.224406,210,0.22428,210,168
991,9.91,2966,-0.0568723,-3.25854,0.217425,204,0.216804,203,166
992,9.92,3332,-0.0638903,-3.66064,0.21039,197,0.2136,200,179
993,9.93,3661,-0.0701988,-4.02209,0.203308,190,0.203988,191,172
994,9.94,3970,-0.0761238,-4.36157,0.196185,184,0.19758,185,137
995,9.95,4297,-0.0823939,-4.72083,0.189029,177,0.19224,180,140
996,9.96,4558,-0.0873986,-5.00757,0.181845,170,0.179424,168,117
997,9.97,4796,-0.0919621,-5.26904,0.174642,164,0.173016,162,128
998,9.98,5020,-0.0962573,-5.51514,0.167424,157,0.163404,153,97
999,9.99,5247,-0.10061,-5.76453,0.163984,154,0.166608,156,99
