time_s,encoder_count,position_deg_motor,velocity_rpm,target_torque_permille,target_torque_Nm,actual_torque_permille,actual_torque_Nm
8.736e-06,228,25650,0,0,1.37225e-05,0,0
0.0230758,228,25650,0,34,0.0362156,33,0.035244
0.0449164,232,26100,5,66,0.0703205,66,0.070488
0.0659399,244,27450,13,96,0.102839,98,0.104664
0.0868035,267,30037.5,30,126,0.134667,127,0.135636
0.107796,312,35100,46,156,0.166108,155,0.16554
0.128822,380,42750,74,184,0.196875,184,0.196512
0.149869,486,54675,101,212,0.226811,210,0.22428
0.17182,630,70875,114,241,0.256977,240,0.25632
0.190837,814,91575,156,264,0.282127,264,0.281952
0.212994,1060,119250,210,290,0.310157,286,0.305448
0.231885,1322,148725,229,312,0.332871,308,0.328944
0.253895,1679,188888,290,335,0.357853,334,0.356712
0.274827,2083,234338,320,356,0.380027,355,0.37914
0.296871,2548,286650,315,376,0.4016,376,0.401568
0.31679,2995,336938,353,393,0.419441,392,0.418656
0.336918,3562,400725,400,408,0.435801,410,0.43788
0.358965,4185,470812,454,423,0.451719,430,0.45924
0.38004,4847,545288,473,435,0.464911,440,0.46992
0.400876,5549,624262,524,446,0.475952,444,0.474192
0.420919,6285,707062,556,454,0.484648,451,0.481668
0.441896,7075,795938,589,460,0.491693,464,0.495552
0.46222,7873,885712,600,465,0.496482,462,0.493416
0.481904,8707,979538,619,467,0.499192,471,0.503028
0.502054,9586,1.07842e+06,649,468,0.49999,465,0.49662
0.523839,10542,1.18598e+06,651,467,0.498598,469,0.500892
0.545994,11533,1.29746e+06,669,463,0.494789,459,0.490212
0.56795,12537,1.41041e+06,666,458,0.488651,460,0.49128
0.588887,13532,1.52235e+06,687,450,0.480632,449,0.479532
0.610928,14525,1.63406e+06,666,440,0.469944,436,0.465648
0.630858,15451,1.73824e+06,658,429,0.458341,428,0.457104
0.652903,16417,1.84691e+06,649,415,0.443415,413,0.441084
0.675078,17380,1.95525e+06,620,399,0.426256,401,0.428268
0.69589,18262,2.05448e+06,600,382,0.40827,382,0.407976
0.717967,19154,2.15482e+06,568,363,0.387284,362,0.386616
0.737051,19891,2.23774e+06,538,344,0.36764,346,0.369528
0.757734,20643,2.32234e+06,492,323,0.34486,327,0.349236
0.779907,21354,2.40232e+06,456,299,0.318824,300,0.3204
0.800021,21991,2.47399e+06,407,275,0.293866,273,0.291564
0.820889,22572,2.53935e+06,345,250,0.266734,247,0.263796
0.840934,23060,2.59425e+06,305,224,0.239591,219,0.233892
0.861013,23472,2.6406e+06,272,198,0.211448,203,0.216804
0.880923,23819,2.67964e+06,230,171,0.182713,165,0.17622
0.900018,24097,2.71091e+06,176,145,0.154482,145,0.15486
0.92082,24335,2.73769e+06,126,115,0.123097,113,0.120684
0.939944,24518,2.75828e+06,106,88,0.0937775,88,0.093984
0.959922,24631,2.77099e+06,58,59,0.0627874,59,0.063012
0.979912,24692,2.77785e+06,18,30,0.0315334,29,0.030972
0.999856,24709,2.77976e+06,0,0,0.000226735,-1,-0.001068
1.01981,24701,2.77886e+06,-9,-29,-0.0310917,-30,-0.03204
1.03986,24682,2.77672e+06,-22,-58,-0.0624506,-56,-0.059808
1.061,24645,2.77256e+06,-39,-89,-0.0952357,-88,-0.093984
1.08204,24583,2.76559e+06,-66,-119,-0.127439,-116,-0.123888
1.10401,24482,2.75422e+06,-72,-150,-0.160493,-154,-0.164472
1.12595,24358,2.74028e+06,-96,-180,-0.192721,-181,-0.193308
1.146,24218,2.72452e+06,-112,-207,-0.221378,-204,-0.217872
1.16693,24033,2.70371e+06,-135,-234,-0.250361,-234,-0.249912
1.18591,23840,2.682e+06,-178,-258,-0.275708,-260,-0.27768
1.20511,23595,2.65444e+06,-194,-281,-0.300353,-284,-0.303312
1.22388,23330,2.62462e+06,-241,-303,-0.323387,-302,-0.322536
1.24302,22988,2.58615e+06,-275,-324,-0.345716,-327,-0.349236
1.26192,22616,2.5443e+06,-307,-343,-0.366539,-346,-0.369528
1.28205,22156,2.49255e+06,-338,-363,-0.387302,-390,-0.41652
1.30091,21674,2.43832e+06,-418,-380,-0.405344,-383,-0.409044
1.32146,21126,2.37668e+06,-430,-396,-0.423391,-395,-0.42186
1.3418,20524,2.30895e+06,-461,-412,-0.439507,-406,-0.433608
1.36081,19911,2.23999e+06,-490,-424,-0.452956,-426,-0.454968
1.37993,19257,2.16641e+06,-532,-435,-0.464847,-433,-0.462444
1.39995,18454,2.07608e+06,-571,-445,-0.475505,-447,-0.477396
1.42091,17631,1.98349e+06,-605,-454,-0.484645,-449,-0.479532
1.44089,16835,1.89394e+06,-620,-460,-0.491404,-460,-0.49128
1.46093,15931,1.79224e+06,-650,-465,-0.496238,-466,-0.497688
1.48085,15085,1.69706e+06,-664,-467,-0.499096,-462,-0.493416
1.49985,14119,1.58839e+06,-687,-468,-0.5,-465,-0.49662
1.51992,13200,1.485e+06,-712,-467,-0.499021,-472,-0.504096
1.54089,12184,1.3707e+06,-733,-464,-0.49588,-468,-0.499824
1.56088,11174,1.25708e+06,-723,-460,-0.490883,-458,-0.489144
1.58001,10215,1.14919e+06,-732,-453,-0.484288,-451,-0.481668
1.59994,9231,1.03849e+06,-728,-445,-0.475559,-442,-0.472056
1.61991,8214,924075,-724,-435,-0.464942,-440,-0.46992
1.64181,7190,808875,-704,-422,-0.451199,-423,-0.451764
1.65988,6321,711112,-699,-410,-0.438243,-409,-0.436812
1.67797,5412,608850,-674,-397,-0.423866,-392,-0.418656
1.69882,4516,508050,-651,-380,-0.405598,-381,-0.406908
1.71692,3671,412988,-631,-364,-0.388323,-366,-0.390888
1.73582,2901,326362,-594,-345,-0.368946,-349,-0.372732
1.75694,2049,230512,-555,-324,-0.345763,-327,-0.349236
1.7759,1386,155925,-503,-303,-0.323654,-300,-0.3204
1.79596,682,76725,-474,-280,-0.299008,-282,-0.301176
1.81493,93,10462.5,-438,-257,-0.274603,-256,-0.273408
1.8339,-406,-45675,-350,-233,-0.249226,-234,-0.249912
1.85191,-846,-95175,-331,-210,-0.224316,-212,-0.226416
1.86989,-1252,-140850,-278,-186,-0.198735,-186,-0.198648
1.88988,-1590,-178875,-218,-159,-0.169549,-158,-0.168744
1.90791,-1878,-211275,-184,-134,-0.142644,-134,-0.143112
1.92794,-2115,-237938,-142,-105,-0.112222,-106,-0.113208
1.94833,-2289,-257512,-99,-76,-0.0808065,-75,-0.0801
1.96783,-2395,-269438,-54,-47,-0.0504493,-46,-0.049128
1.98885,-2451,-275738,-12,-16,-0.0175064,-21,-0.022428
2.00886,-2460,-276750,2,13,0.0139146,13,0.013884
2.02695,-2450,-275625,12,40,0.0422846,41,0.043788
2.04782,-2430,-273375,19,70,0.0748367,70,0.07476
2.06893,-2389,-268762,37,101,0.107436,101,0.107868
2.09089,-2320,-261000,69,132,0.140844,135,0.14418
2.11085,-2234,-251325,72,160,0.170622,160,0.17088
2.12882,-2130,-239625,94,184,0.196878,185,0.19758
2.14686,-1994,-224325,128,208,0.222587,209,0.223212
2.16592,-1829,-205762,155,233,0.248987,231,0.246708
2.18494,-1629,-183262,168,257,0.274427,254,0.271272
2.20491,-1400,-157500,208,281,0.300094,279,0.297972
2.22485,-1096,-123300,250,304,0.32454,306,0.326808
2.24486,-781,-87862.5,264,326,0.347799,329,0.351372
2.26399,-392,-44100,310,345,0.368747,344,0.367392
2.28407,54,6075,353,365,0.389304,363,0.387684
2.3054,605,68062.5,366,383,0.409432,381,0.406908
2.32588,1168,131400,443,400,0.427039,403,0.430404
2.34689,1795,201938,460,415,0.443264,411,0.438948
2.36683,2404,270450,480,428,0.456879,425,0.4539
2.38802,3178,357525,522,439,0.469375,444,0.474192
2.40885,3915,440438,560,449,0.479639,452,0.482736
2.42903,4732,532350,606,457,0.487622,460,0.49128
2.45091,5648,635400,627,463,0.494067,468,0.499824
2.4739,6661,749362,657,467,0.49832,464,0.495552
2.49598,7639,859388,685,468,0.49996,464,0.495552
2.5171,8693,977962,697,467,0.499279,463,0.494484
2.54002,9774,1.09958e+06,724,464,0.496053,458,0.489144
2.56208,10813,1.21646e+06,718,459,0.490521,456,0.487008
2.58095,11760,1.323e+06,717,453,0.483918,448,0.478464
2.60093,12750,1.43438e+06,716,445,0.475073,438,0.467784
2.6229,13835,1.55644e+06,727,434,0.463191,435,0.46458
2.64496,14907,1.67704e+06,701,420,0.449044,422,0.450696
2.66596,15921,1.79111e+06,693,406,0.43357,402,0.429336
2.68808,16950,1.90688e+06,658,389,0.415226,386,0.412248
2.71003,17960,2.0205e+06,644,370,0.395044,374,0.399432
2.732,18838,2.11928e+06,597,349,0.372975,351,0.374868
2.75399,19775,2.22469e+06,561,327,0.349089,328,0.350304
2.77596,20557,2.31266e+06,511,303,0.323575,306,0.326808
2.79596,21276,2.39355e+06,483,280,0.299005,284,0.303312
2.81597,21916,2.46555e+06,431,256,0.273236,257,0.274476
2.836,22476,2.52855e+06,390,231,0.246358,232,0.247776
2.85607,22965,2.58356e+06,334,205,0.218461,204,0.217872
2.87802,23429,2.63576e+06,277,175,0.186951,177,0.189036
2.90037,23793,2.67671e+06,226,144,0.153957,143,0.152724
2.92095,24073,2.70821e+06,177,115,0.122897,116,0.123888
2.94207,24285,2.73206e+06,118,85,0.0905001,87,0.092916
2.96391,24427,2.74804e+06,71,53,0.0565678,53,0.056604
2.98511,24506,2.75692e+06,29,22,0.0233839,22,0.023496
3.00487,24529,2.75951e+06,0,-7,-0.00764997,-5,-0.00534
3.02296,24523,2.75884e+06,-12,-34,-0.0360289,-32,-0.034176
3.04431,24504,2.7567e+06,-22,-65,-0.0693838,-66,-0.070488
3.06301,24470,2.75288e+06,-38,-92,-0.0983331,-91,-0.097188
3.08412,24402,2.74522e+06,-65,-122,-0.130608,-120,-0.12816
3.10498,24311,2.73499e+06,-88,-152,-0.161922,-154,-0.164472
3.12501,24190,2.72138e+06,-107,-179,-0.191356,-181,-0.193308
3.14497,24040,2.7045e+06,-130,-206,-0.219927,-210,-0.22428
3.16611,23850,2.68312e+06,-164,-233,-0.249239,-235,-0.25098
3.18595,23650,2.66062e+06,-164,-258,-0.275758,-256,-0.273408
3.20601,23377,2.62991e+06,-218,-282,-0.301482,-278,-0.296904
3.22695,23056,2.5938e+06,-275,-306,-0.327049,-306,-0.326808
3.24695,22677,2.55116e+06,-279,-328,-0.350149,-328,-0.350304
3.26592,22256,2.5038e+06,-345,-347,-0.37079,-349,-0.372732
3.28799,21729,2.44451e+06,-401,-368,-0.393131,-370,-0.39516
3.30794,21129,2.37701e+06,-450,-385,-0.411709,-382,-0.407976
3.32996,20513,2.30771e+06,-490,-403,-0.430342,-403,-0.430404
3.35199,19771,2.22424e+06,-521,-418,-0.446914,-415,-0.44322
3.37505,18969,2.13401e+06,-558,-433,-0.461972,-433,-0.462444
3.39508,18198,2.04728e+06,-588,-443,-0.473083,-446,-0.476328
3.4139,17461,1.96436e+06,-616,-451,-0.481818,-447,-0.477396
3.43202,16618,1.86952e+06,-648,-458,-0.48864,-454,-0.484872
3.45404,15644,1.75995e+06,-689,-463,-0.494798,-467,-0.498756
3.47609,14597,1.64216e+06,-714,-467,-0.498591,-466,-0.497688
3.49809,13540,1.52325e+06,-737,-468,-0.499991,-471,-0.503028
3.52006,12425,1.39781e+06,-771,-467,-0.499008,-465,-0.49662
3.54198,11282,1.26922e+06,-752,-464,-0.495658,-465,-0.49662
3.56196,10225,1.15031e+06,-795,-459,-0.490558,-458,-0.489144
3.58195,9198,1.03478e+06,-797,-453,-0.483522,-458,-0.489144
3.60312,8020,902250,-785,-444,-0.473989,-451,-0.481668
3.62497,6849,770512,-774,-433,-0.461958,-430,-0.45924
3.64708,5686,639675,-767,-419,-0.447568,-422,-0.450696
3.66803,4607,518288,-731,-404,-0.431936,-396,-0.422928
3.69005,3499,393638,-712,-387,-0.413499,-389,-0.415452
3.71116,2471,277988,-686,-369,-0.393955,-371,-0.396228
3.7331,1448,162900,-661,-348,-0.371816,-343,-0.366324
3.75415,538,60525,-615,-327,-0.348912,-325,-0.3471
3.77608,-360,-40500,-565,-303,-0.323431,-295,-0.31506
3.79713,-1138,-128025,-503,-279,-0.297526,-277,-0.295836
3.81596,-1767,-198788,-460,-256,-0.273253,-258,-0.275544
3.83711,-2443,-274838,-381,-229,-0.244848,-231,-0.246708
3.85907,-3024,-340200,-321,-201,-0.214211,-202,-0.215736
3.88107,-3513,-395212,-267,-171,-0.182501,-174,-0.185832
3.90301,-3918,-440775,-211,-140,-0.15001,-142,-0.151656
3.92495,-4225,-475312,-188,-109,-0.116797,-108,-0.115344
3.94294,-4426,-497925,-115,-83,-0.0891525,-83,-0.088644
3.96401,-4593,-516712,-66,-53,-0.0564199,-55,-0.05874
3.98496,-4678,-526275,-30,-22,-0.0236113,-27,-0.028836
4.00494,-4703,-529088,-5,7,0.00776303,6,0.006408
4.02497,-4696,-528300,13,37,0.0391876,38,0.040584
4.04698,-4674,-525825,26,69,0.0735331,68,0.072624
4.06598,-4635,-521438,43,96,0.102895,96,0.102528
4.085,-4569,-514012,63,124,0.131931,127,0.135636
4.10405,-4479,-503888,81,150,0.160548,148,0.158064
4.12719,-4340,-488250,95,182,0.19452,179,0.191172
4.14866,-4175,-469688,118,211,0.225112,212,0.226416
4.17113,-3971,-446738,179,240,0.256041,238,0.254184
4.19304,-3713,-417712,178,267,0.284973,262,0.279816
4.21296,-3451,-388238,230,290,0.310108,287,0.306516
4.23101,-3140,-353250,270,311,0.331842,304,0.324672
4.24995,-2804,-315450,289,331,0.353494,327,0.349236
4.26804,-2395,-269438,358,349,0.373017,350,0.3738
4.28799,-1914,-215325,382,368,0.393132,369,0.394092
4.30813,-1380,-155250,410,386,0.411884,388,0.414384
4.32997,-729,-82012.5,475,403,0.430345,401,0.428268
4.35008,-78,-8775,500,417,0.445557,416,0.444288
4.37096,628,70650,547,430,0.459473,430,0.45924
4.39032,1384,155700,580,441,0.470609,441,0.470988
4.41001,2187,246038,606,450,0.480151,450,0.4806
4.42996,2979,335138,650,457,0.487944,454,0.484872
4.44996,3918,440775,678,462,0.493834,459,0.490212
4.47096,4901,551362,690,466,0.497921,468,0.499824
4.49305,5965,671062,732,468,0.499881,470,0.50196
4.51514,7063,794588,756,468,0.499435,471,0.503028
4.53704,8192,921600,776,465,0.496618,459,0.490212
4.55807,9287,1.04479e+06,784,460,0.491702,469,0.500892
4.57812,10353,1.16471e+06,795,454,0.485019,449,0.479532
4.60002,11530,1.29712e+06,774,445,0.47552,439,0.468852
4.62209,12771,1.43674e+06,770,434,0.463668,441,0.470988
4.64714,14067,1.58254e+06,775,419,0.447526,416,0.444288
4.667,15089,1.69751e+06,763,405,0.432753,404,0.431472
4.68694,16106,1.81192e+06,740,390,0.416219,388,0.414384
4.70949,17289,1.94501e+06,692,370,0.395565,365,0.38982
4.73322,18324,2.06145e+06,654,348,0.371689,347,0.370596
4.75519,19299,2.17114e+06,613,326,0.347746,326,0.348168
4.77699,20207,2.27329e+06,574,302,0.322339,303,0.323604
4.79712,20971,2.35924e+06,518,279,0.297539,276,0.294768
4.81904,21732,2.44485e+06,470,252,0.269185,254,0.271272
4.84009,22372,2.51685e+06,416,225,0.240757,222,0.237096
4.86214,22957,2.58266e+06,361,196,0.209837,196,0.209328
4.88462,23448,2.6379e+06,306,166,0.17729,169,0.180492
4.90438,23817,2.67941e+06,214,139,0.14795,136,0.145248
4.92714,24155,2.71744e+06,189,106,0.113456,106,0.113208
4.94903,24388,2.74365e+06,103,75,0.0797202,75,0.0801
4.97115,24538,2.76052e+06,65,42,0.0452555,45,0.04806
4.99312,24611,2.76874e+06,13,10,0.0108119,8,0.008544
5.015,24619,2.76964e+06,-11,-22,-0.023547,-21,-0.022428
5.0371,24596,2.76705e+06,-24,-54,-0.0581449,-55,-0.05874
5.05909,24552,2.7621e+06,-36,-86,-0.0922834,-86,-0.091848
5.0811,24486,2.75468e+06,-61,-118,-0.126012,-118,-0.126024
5.10303,24389,2.74376e+06,-80,-149,-0.159029,-148,-0.158064
5.1251,24262,2.72948e+06,-92,-179,-0.191482,-175,-0.1869
5.14609,24103,2.71159e+06,-133,-207,-0.221502,-206,-0.220008
5.16618,23917,2.69066e+06,-155,-233,-0.249338,-231,-0.246708
5.18813,23660,2.66175e+06,-206,-261,-0.278605,-260,-0.27768
5.21009,23349,2.62676e+06,-256,-287,-0.306571,-288,-0.307584
5.23204,22988,2.58615e+06,-273,-312,-0.33305,-315,-0.33642
5.2527,22551,2.53699e+06,-308,-334,-0.356545,-335,-0.35778
5.27427,22071,2.48299e+06,-362,-355,-0.379454,-355,-0.37914
5.29395,21562,2.42572e+06,-417,-373,-0.398848,-373,-0.398364
5.31444,20890,2.35012e+06,-472,-391,-0.417417,-387,-0.413316
5.33602,20223,2.27509e+06,-517,-407,-0.435104,-409,-0.436812
5.35697,19510,2.19488e+06,-540,-422,-0.450369,-419,-0.447492
5.37797,18710,2.10488e+06,-591,-434,-0.463707,-437,-0.466716
5.39805,17831,2.00599e+06,-631,-444,-0.474573,-441,-0.470988
5.41812,16968,1.9089e+06,-669,-453,-0.483548,-457,-0.488076
5.43817,16040,1.8045e+06,-704,-459,-0.490596,-454,-0.484872
5.45807,15070,1.69538e+06,-726,-464,-0.495668,-467,-0.498756
5.4783,13972,1.57185e+06,-768,-467,-0.498838,-463,-0.494484
5.49996,12873,1.44821e+06,-787,-468,-0.5,-466,-0.497688
5.52103,11719,1.31839e+06,-815,-467,-0.498909,-460,-0.49128
5.54406,10425,1.17281e+06,-839,-464,-0.495218,-464,-0.495552
5.56503,9332,1.04985e+06,-839,-458,-0.4896,-454,-0.484872
5.583,8299,933638,-845,-452,-0.483096,-452,-0.482736
5.60311,7060,794250,-835,-444,-0.473996,-452,-0.482736
5.62411,5847,657788,-824,-433,-0.462473,-433,-0.462444
5.64609,4596,517050,-817,-420,-0.448257,-416,-0.444288
5.66815,3367,378788,-804,-404,-0.431846,-407,-0.434676
5.69016,2171,244238,-781,-387,-0.413396,-390,-0.41652
5.71108,1076,121050,-750,-369,-0.39404,-369,-0.394092
5.73212,10,1125,-721,-349,-0.372847,-352,-0.375936
5.75407,-1013,-113962,-654,-327,-0.349,-330,-0.35244
5.77501,-1967,-221288,-612,-304,-0.324708,-305,-0.32574
5.79602,-2787,-313538,-559,-280,-0.298927,-278,-0.296904
5.81721,-3588,-403650,-513,-254,-0.271608,-255,-0.27234
5.83917,-4319,-485888,-425,-227,-0.24202,-229,-0.244572
5.86108,-4922,-553725,-381,-198,-0.211356,-197,-0.210396
5.88006,-5402,-607725,-344,-172,-0.183982,-173,-0.184764
5.89828,-5809,-653512,-249,-147,-0.157077,-145,-0.15486
5.91904,-6155,-692438,-227,-118,-0.125806,-118,-0.126024
5.94016,-6439,-724388,-159,-87,-0.0934401,-86,-0.091848
5.96006,-6610,-743625,-107,-59,-0.0625781,-57,-0.060876
5.97805,-6715,-755438,-50,-32,-0.0344523,-32,-0.034176
5.99601,-6765,-761062,-16,-6,-0.00626595,-10,-0.01068
6.01403,-6774,-762075,1,21,0.0220246,18,0.019224
6.03201,-6762,-760725,13,47,0.0502037,47,0.050196
6.05009,-6740,-758250,29,73,0.0783543,74,0.079032
6.07103,-6696,-753300,48,104,0.110655,105,0.11214
6.09131,-6630,-745875,58,132,0.141476,128,0.136704
6.11006,-6541,-735862,77,159,0.169454,163,0.174084
6.13004,-6421,-722362,100,186,0.198632,184,0.196512
6.15003,-6278,-706275,133,213,0.227038,215,0.22962
6.17001,-6077,-683662,153,238,0.25454,241,0.257388
6.1921,-5818,-654525,197,266,0.283764,267,0.285156
6.21205,-5520,-621000,232,289,0.308992,289,0.308652
6.2356,-5143,-578588,295,316,0.337199,317,0.338556
6.25817,-4714,-530325,327,339,0.36251,338,0.360984
6.28009,-4214,-474075,384,361,0.385344,359,0.383412
6.30103,-3697,-415912,411,380,0.40546,380,0.40584
6.32008,-3122,-351225,459,395,0.422234,392,0.418656
6.33903,-2554,-287325,498,410,0.437417,407,0.434676
6.35706,-1939,-218138,534,422,0.450428,426,0.454968
6.37503,-1235,-138938,569,433,0.461959,428,0.457104
6.39511,-465,-52312.5,603,443,0.473101,442,0.472056
6.41404,358,40275,642,451,0.48188,457,0.488076
6.43521,1263,142088,671,458,0.489677,459,0.490212
6.45506,2160,243000,696,464,0.495024,468,0.499824
6.47311,3091,347738,726,466,0.498217,472,0.504096
6.49303,4098,461025,768,468,0.49988,483,0.515844
6.51553,5245,590062,776,468,0.499405,468,0.499824
6.53508,6252,703350,795,465,0.496967,469,0.500892
6.55304,7296,820800,809,462,0.493075,461,0.492348
6.57506,8512,957600,819,455,0.486163,456,0.487008
6.59504,9651,1.08574e+06,831,447,0.477878,450,0.4806
6.61608,10745,1.20881e+06,805,437,0.467121,438,0.467784
6.63407,11742,1.32098e+06,812,427,0.456303,427,0.456036
6.65205,12731,1.43224e+06,791,416,0.444032,420,0.44856
6.67104,13811,1.55374e+06,786,402,0.429536,405,0.43254
6.69209,14924,1.67895e+06,768,385,0.41169,388,0.414384
6.71404,16037,1.80416e+06,714,366,0.391156,369,0.394092
6.73506,17045,1.91756e+06,688,346,0.369748,350,0.3738
6.75507,17964,2.02095e+06,643,326,0.347879,321,0.342828
6.77507,18830,2.11838e+06,590,304,0.324641,303,0.323604
6.79403,19586,2.20342e+06,556,282,0.301424,305,0.32574
6.81516,20367,2.29129e+06,488,257,0.274307,259,0.276612
6.83505,21033,2.36621e+06,437,232,0.247668,229,0.244572
6.85609,21653,2.43596e+06,375,205,0.218437,201,0.214668
6.87606,22157,2.49266e+06,349,178,0.1898,177,0.189036
6.89805,22620,2.54475e+06,272,147,0.15742,147,0.156996
6.91905,22968,2.5839e+06,195,118,0.125788,116,0.123888
6.93805,23211,2.61124e+06,135,91,0.096704,94,0.100392
6.95807,23390,2.63138e+06,94,61,0.0656656,65,0.06942
6.98009,23507,2.64454e+06,42,29,0.0312513,27,0.028836
7.00006,23547,2.64904e+06,6,0,-9.74239e-05,0,0
7.02207,23544,2.6487e+06,-15,-32,-0.0346382,-30,-0.03204
7.04207,23521,2.64611e+06,-26,-62,-0.0658951,-62,-0.066216
7.06205,23479,2.64139e+06,-43,-91,-0.0968486,-93,-0.099324
7.08205,23411,2.63374e+06,-66,-119,-0.127465,-116,-0.123888
7.10406,23309,2.62226e+06,-85,-150,-0.160566,-149,-0.159132
7.1262,23174,2.60708e+06,-110,-181,-0.193076,-184,-0.196512
7.14604,23019,2.58964e+06,-144,-207,-0.221438,-207,-0.221076
7.16615,22824,2.5677e+06,-163,-233,-0.249301,-234,-0.249912
7.18607,22582,2.54048e+06,-195,-258,-0.27592,-259,-0.276612
7.20622,22290,2.50762e+06,-257,-283,-0.301735,-282,-0.301176
7.22508,21959,2.47039e+06,-297,-304,-0.324818,-299,-0.319332
7.24707,21517,2.42066e+06,-299,-328,-0.350282,-328,-0.350304
7.26913,21016,2.3643e+06,-359,-350,-0.374148,-351,-0.374868
7.28914,20476,2.30355e+06,-399,-369,-0.394248,-364,-0.388752
7.30933,19897,2.23841e+06,-468,-387,-0.412951,-385,-0.41118
7.33103,19209,2.16101e+06,-518,-404,-0.431194,-402,-0.429336
7.35101,18501,2.08136e+06,-547,-418,-0.446221,-419,-0.447492
7.36909,17812,2.00385e+06,-589,-429,-0.458309,-427,-0.456036
7.3871,17031,1.91599e+06,-623,-439,-0.468877,-440,-0.46992
7.40923,16071,1.80799e+06,-677,-449,-0.479809,-455,-0.48594
7.42908,15201,1.71011e+06,-697,-457,-0.487642,-455,-0.48594
7.44909,14168,1.5939e+06,-734,-462,-0.493618,-455,-0.48594
7.47001,13143,1.47859e+06,-780,-466,-0.497783,-468,-0.499824
7.48904,12076,1.35855e+06,-800,-468,-0.499704,-474,-0.506232
7.51013,10931,1.22974e+06,-814,-468,-0.499747,-470,-0.50196
7.53014,9798,1.10228e+06,-849,-466,-0.49776,-470,-0.50196
7.5511,8545,961312,-860,-462,-0.493571,-459,-0.490212
7.57114,7392,831600,-860,-457,-0.487566,-455,-0.48594
7.59123,6211,698738,-879,-449,-0.479603,-454,-0.484872
7.61202,4970,559125,-883,-439,-0.469354,-443,-0.473124
7.63311,3708,417150,-872,-428,-0.456918,-431,-0.460308
7.65212,2599,292388,-858,-416,-0.443985,-415,-0.44322
7.67338,1365,153562,-846,-400,-0.427643,-405,-0.43254
7.69416,183,20587.5,-815,-384,-0.409833,-385,-0.41118
7.71409,-913,-102712,-768,-366,-0.391104,-365,-0.38982
7.73505,-2042,-229725,-735,-346,-0.369768,-342,-0.365256
7.7561,-3077,-346162,-683,-325,-0.346716,-323,-0.344964
7.77626,-4010,-451125,-659,-303,-0.323221,-301,-0.321468
7.79614,-4863,-547088,-614,-280,-0.298782,-279,-0.297972
7.81705,-5662,-636975,-542,-255,-0.271808,-255,-0.27234
7.83767,-6430,-723375,-488,-229,-0.244072,-231,-0.246708
7.85825,-7093,-797962,-427,-202,-0.215374,-199,-0.212532
7.87716,-7622,-857475,-354,-176,-0.188207,-177,-0.189036
7.89712,-8073,-908212,-280,-149,-0.158799,-151,-0.161268
7.91607,-8458,-951525,-233,-122,-0.130312,-124,-0.132432
7.93501,-8729,-982012,-181,-95,-0.101374,-96,-0.102528
7.95522,-8961,-1.00811e+06,-107,-66,-0.0701059,-64,-0.068352
7.97516,-9096,-1.0233e+06,-71,-36,-0.0389715,-38,-0.040584
7.9953,-9172,-1.03185e+06,-26,-7,-0.00737713,-6,-0.006408
8.01412,-9188,-1.03365e+06,0,21,0.0221678,21,0.022428
8.03314,-9174,-1.03208e+06,21,49,0.051964,48,0.051264
8.05444,-9139,-1.02814e+06,35,80,0.085096,79,0.084372
8.07506,-9088,-1.0224e+06,45,109,0.116809,107,0.114276
8.09409,-9019,-1.01464e+06,62,136,0.145653,138,0.147384
8.11518,-8916,-1.00305e+06,92,166,0.177007,165,0.17622
8.13521,-8774,-987075,112,193,0.206055,191,0.203988
8.15512,-8606,-968175,145,219,0.23413,220,0.23496
8.17524,-8395,-944438,164,245,0.261568,244,0.260592
8.19514,-8136,-915300,196,269,0.287679,269,0.287292
8.21508,-7845,-882562,235,293,0.312716,296,0.316128
8.23519,-7460,-839250,292,315,0.336723,315,0.33642
8.25717,-6969,-784012,354,338,0.361426,337,0.359916
8.28012,-6434,-723825,400,361,0.385382,362,0.386616
8.30215,-5861,-659362,421,381,0.406486,388,0.414384
8.32231,-5231,-588488,487,397,0.424093,395,0.42186
8.34384,-4538,-510525,523,413,0.441029,411,0.438948
8.36309,-3825,-430312,567,426,0.454459,426,0.454968
8.38405,-3000,-337500,605,437,0.467194,440,0.46992
8.40204,-2216,-249300,649,446,0.476509,445,0.47526
8.42206,-1332,-149850,701,454,0.485085,455,0.48594
8.44012,-477,-53662.5,737,460,0.491178,456,0.487008
8.45814,465,52312.5,748,464,0.495683,465,0.49662
8.47718,1467,165038,776,467,0.498715,463,0.494484
8.49613,2440,274500,809,468,0.499963,465,0.49662
8.51412,3439,386888,817,468,0.499508,472,0.504096
8.53213,4532,509850,866,466,0.497455,462,0.493416
8.55323,5768,648900,854,462,0.493026,467,0.498756
8.57412,6924,778950,875,456,0.486506,458,0.489144
8.59216,8066,907425,869,449,0.479189,448,0.478464
8.6121,9265,1.04231e+06,871,439,0.469312,439,0.468852
8.63266,10464,1.1772e+06,864,428,0.4572,426,0.454968
8.65418,11768,1.3239e+06,847,414,0.442486,414,0.442152
8.67637,13097,1.47341e+06,846,398,0.425193,398,0.425064
8.69823,14300,1.60875e+06,807,380,0.406135,374,0.399432
8.72014,15519,1.74589e+06,771,361,0.385114,362,0.386616
8.74212,16642,1.87222e+06,725,339,0.362198,339,0.362052
8.76325,17683,1.98934e+06,683,317,0.338531,315,0.33642
8.78526,18691,2.10274e+06,630,292,0.312304,292,0.311856
8.8051,19487,2.19229e+06,585,269,0.287372,272,0.290496
8.82311,20233,2.27621e+06,527,247,0.263779,242,0.258456
8.84423,20959,2.35789e+06,472,220,0.235029,220,0.23496
8.86521,21607,2.43079e+06,411,192,0.205462,193,0.206124
8.88715,22180,2.49525e+06,327,163,0.173568,164,0.175152
8.9092,22652,2.54835e+06,251,132,0.140709,129,0.137772
8.93133,23019,2.58964e+06,193,100,0.107028,100,0.1068
8.95328,23281,2.61911e+06,117,68,0.0731297,68,0.072624
8.97517,23449,2.63801e+06,70,36,0.0389601,38,0.040584
8.99615,23524,2.64645e+06,20,6,0.00605376,5,0.00534
9.01616,23539,2.64814e+06,-11,-24,-0.0253697,-23,-0.024564
9.03713,23517,2.64566e+06,-25,-54,-0.0581857,-52,-0.055536
9.05714,23479,2.64139e+06,-34,-84,-0.089277,-85,-0.09078
9.07716,23416,2.6343e+06,-64,-112,-0.120012,-111,-0.118548
9.09723,23327,2.62429e+06,-82,-141,-0.150362,-139,-0.148452
9.11917,23198,2.60978e+06,-98,-171,-0.182843,-171,-0.182628
9.14155,23032,2.5911e+06,-125,-201,-0.215088,-200,-0.2136
9.1653,22796,2.56455e+06,-186,-232,-0.248137,-236,-0.252048
9.18727,22522,2.53372e+06,-233,-260,-0.277489,-261,-0.278748
9.20915,22183,2.49559e+06,-276,-286,-0.305399,-287,-0.306516
9.23119,21775,2.44969e+06,-275,-311,-0.332053,-310,-0.33108
9.25318,21298,2.39602e+06,-340,-334,-0.35707,-334,-0.356712
9.2765,20713,2.33021e+06,-393,-357,-0.38173,-352,-0.375936
9.2982,20077,2.25866e+06,-472,-377,-0.402839,-380,-0.40584
9.32029,19353,2.17721e+06,-500,-396,-0.422409,-398,-0.425064
9.34223,18551,2.08699e+06,-560,-412,-0.439831,-413,-0.441084
9.36523,17703,1.99159e+06,-611,-427,-0.45585,-430,-0.45924
9.38518,16841,1.89461e+06,-655,-438,-0.467822,-436,-0.465648
9.40721,15838,1.78178e+06,-693,-448,-0.478907,-448,-0.478464
9.42615,14908,1.67715e+06,-730,-456,-0.486603,-454,-0.484872
9.44821,13777,1.54991e+06,-779,-462,-0.493396,-463,-0.494484
9.46917,12606,1.41818e+06,-824,-466,-0.497657,-465,-0.49662
9.4901,11520,1.296e+06,-850,-468,-0.499758,-468,-0.499824
9.50825,10398,1.16978e+06,-871,-468,-0.499832,-464,-0.495552
9.53037,9069,1.02026e+06,-905,-466,-0.497726,-469,-0.500892
9.55231,7732,869850,-912,-462,-0.493264,-463,-0.494484
9.57331,6374,717075,-934,-456,-0.486797,-451,-0.481668
9.59523,4998,562275,-937,-447,-0.47779,-447,-0.477396
9.61518,3717,418162,-935,-438,-0.467624,-436,-0.465648
9.63625,2364,265950,-939,-426,-0.454888,-423,-0.451764
9.65614,1169,131512,-908,-413,-0.441044,-418,-0.446424
9.67517,-84,-9450,-907,-399,-0.42618,-404,-0.431472
9.6962,-1305,-146812,-878,-382,-0.40799,-382,-0.407976
9.71524,-2491,-280238,-846,-365,-0.389979,-356,-0.380208
9.73627,-3700,-416250,-813,-345,-0.368467,-343,-0.366324
9.75518,-4763,-535838,-762,-326,-0.347749,-330,-0.35244
9.77513,-5748,-646650,-719,-304,-0.324564,-302,-0.322536
9.79413,-6618,-744525,-679,-282,-0.301307,-284,-0.303312
9.8125,-7477,-841162,-616,-260,-0.277784,-260,-0.27768
9.83358,-8354,-939825,-549,-234,-0.249659,-236,-0.252048
9.85425,-9087,-1.02229e+06,-464,-207,-0.221023,-209,-0.223212
9.87529,-9748,-1.09665e+06,-419,-179,-0.190924,-181,-0.193308
9.89729,-10329,-1.16201e+06,-353,-148,-0.15855,-143,-0.152724
9.91931,-10790,-1.21388e+06,-270,-117,-0.125402,-120,-0.12816
9.93926,-11123,-1.25134e+06,-196,-89,-0.0948342,-90,-0.09612
9.95915,-11357,-1.27766e+06,-137,-60,-0.0639944,-59,-0.063012
9.97917,-11513,-1.29521e+06,-66,-31,-0.032693,-33,-0.035244
10.0013,-11597,-1.30466e+06,-18,2,0.00200086,1,0.001068
10.0222,-11611,-1.30624e+06,10,33,0.0348578,33,0.035244
10.0423,-11594,-1.30432e+06,16,62,0.0661724,58,0.061944
10.0623,-11565,-1.30106e+06,34,91,0.0972287,92,0.098256
10.0833,-11510,-1.29488e+06,53,121,0.129327,121,0.129228
10.1043,-11424,-1.2852e+06,85,151,0.160861,153,0.163404
10.1255,-11300,-1.27125e+06,93,180,0.192005,181,0.193308
10.1452,-11164,-1.25595e+06,135,206,0.220241,206,0.220008
10.1635,-10983,-1.23559e+06,143,230,0.245694,228,0.243504
10.1842,-10761,-1.21061e+06,179,256,0.273445,256,0.273408
10.2022,-10481,-1.17911e+06,224,278,0.296645,273,0.291564
10.2232,-10135,-1.14019e+06,298,302,0.32256,301,0.321468
10.2422,-9731,-1.09474e+06,338,323,0.344742,323,0.344964
10.2622,-9270,-1.04288e+06,349,343,0.36682,344,0.367392
10.2823,-8746,-983925,427,363,0.387502,361,0.385548
10.3022,-8139,-915638,469,381,0.406533,378,0.403704
10.3244,-7423,-835088,523,399,0.42586,396,0.422928
10.3455,-6637,-746662,569,414,0.44224,414,0.442152
10.3673,-5746,-646425,605,428,0.45716,424,0.452832
10.3882,-4874,-548325,658,440,0.469479,447,0.477396
10.4082,-3982,-447975,699,449,0.479349,454,0.484872
10.4282,-3014,-339075,744,456,0.487331,454,0.484872
10.4482,-2032,-228600,774,462,0.493392,468,0.499824
10.4692,-853,-95962.5,807,466,0.49766,475,0.5073
10.4892,269,30262.5,839,468,0.49971,465,0.49662
10.5092,1369,154012,879,468,0.499792,464,0.495552
10.5272,2452,275850,899,466,0.498179,464,0.495552
10.5452,3631,408488,927,463,0.494974,461,0.492348
10.5652,4811,541238,942,458,0.489545,455,0.48594
10.5863,6217,699412,931,451,0.481716,455,0.48594
10.6073,7602,855225,951,442,0.471885,446,0.476328
10.6282,8865,997312,939,431,0.460002,429,0.458172
10.6474,10125,1.13906e+06,934,419,0.447361,412,0.440016
10.6682,11418,1.28452e+06,908,404,0.431777,403,0.430404
10.6881,12664,1.4247e+06,892,389,0.415185,388,0.414384
10.7092,14000,1.575e+06,872,371,0.395799,374,0.399432
10.731,15281,1.71911e+06,813,350,0.374041,356,0.380208
10.7511,16327,1.83679e+06,781,330,0.352291,334,0.356712
10.7691,17280,1.944e+06,756,311,0.331694,309,0.330012
10.7901,18335,2.06269e+06,696,287,0.30631,290,0.30972
10.8101,19239,2.16439e+06,629,263,0.280847,261,0.278748
10.8282,20049,2.25551e+06,577,241,0.256964,241,0.257388
10.8483,20814,2.34158e+06,520,215,0.229434,217,0.231756
10.8682,21489,2.41751e+06,461,188,0.201104,186,0.198648
10.8882,22080,2.484e+06,358,161,0.171965,159,0.169812
10.9095,22585,2.54081e+06,285,131,0.140234,130,0.13884
10.9283,22965,2.58356e+06,219,105,0.111748,110,0.11748
10.9493,23264,2.6172e+06,165,74,0.0792364,75,0.0801
10.9702,23468,2.64015e+06,98,44,0.0467115,42,0.044856
10.9902,23590,2.65388e+06,55,14,0.0153902,17,0.018156
11.0083,23641,2.65961e+06,10,-12,-0.0130383,-11,-0.011748
11.0282,23642,2.65972e+06,-16,-41,-0.044301,-40,-0.04272
11.0482,23619,2.65714e+06,-24,-71,-0.0753511,-71,-0.075828
11.0682,23575,2.65219e+06,-43,-99,-0.10625,-100,-0.1068
11.0901,23499,2.64364e+06,-75,-131,-0.139693,-127,-0.135636
11.1112,23383,2.63059e+06,-111,-160,-0.1712,-158,-0.168744
11.1313,23242,2.61472e+06,-115,-188,-0.200398,-188,-0.200784
11.1523,23051,2.59324e+06,-146,-216,-0.230269,-216,-0.230688
11.1732,22808,2.5659e+06,-187,-242,-0.258865,-240,-0.25632
11.1953,22499,2.53114e+06,-266,-270,-0.287841,-273,-0.291564
11.2173,22115,2.48794e+06,-310,-295,-0.315435,-296,-0.316128
11.2392,21650,2.43562e+06,-308,-320,-0.341376,-323,-0.344964
11.2603,21147,2.37904e+06,-372,-342,-0.364824,-345,-0.36846
11.2812,20596,2.31705e+06,-428,-362,-0.38642,-366,-0.390888
11.3012,19934,2.24258e+06,-487,-380,-0.405658,-381,-0.406908
11.3222,19173,2.15696e+06,-549,-397,-0.423987,-391,-0.417588
11.3454,18333,2.06246e+06,-598,-414,-0.442204,-413,-0.441084
11.3675,17435,1.96144e+06,-641,-428,-0.457298,-431,-0.460308
11.3883,16484,1.85445e+06,-688,-440,-0.46953,-451,-0.481668
11.4082,15516,1.74555e+06,-730,-449,-0.479371,-454,-0.484872
11.4282,14490,1.63012e+06,-788,-456,-0.487344,-458,-0.489144
11.4483,13402,1.50772e+06,-837,-462,-0.493407,-460,-0.49128
11.4682,12260,1.37925e+06,-853,-466,-0.497512,-453,-0.483804
11.4892,11070,1.24538e+06,-886,-468,-0.49971,-473,-0.505164
11.5092,9833,1.10621e+06,-925,-468,-0.49979,-469,-0.500892
11.5272,8634,971325,-951,-466,-0.498179,-469,-0.500892
11.5472,7329,824512,-971,-463,-0.494507,-464,-0.495552
11.5673,5975,672188,-979,-458,-0.48887,-467,-0.498756
11.5902,4434,498825,-1000,-449,-0.480045,-454,-0.484872
11.6112,3072,345600,-996,-440,-0.469782,-437,-0.466716
11.6314,1624,182700,-989,-429,-0.458023,-433,-0.462444
11.6513,264,29700,-981,-416,-0.444546,-415,-0.44322
11.6743,-1263,-142088,-965,-400,-0.426897,-394,-0.420792
11.6952,-2653,-298462,-945,-383,-0.408869,-376,-0.401568
11.7152,-3927,-441788,-916,-365,-0.389977,-357,-0.381276
11.7363,-5203,-585338,-872,-345,-0.368452,-351,-0.374868
11.7563,-6377,-717412,-815,-324,-0.34653,-323,-0.344964
11.7752,-7381,-830362,-769,-304,-0.32444,-310,-0.33108
11.7953,-8426,-947925,-712,-281,-0.299893,-281,-0.300108
11.8153,-9389,-1.05626e+06,-657,-257,-0.27416,-258,-0.275544
11.8352,-10267,-1.15504e+06,-600,-232,-0.247504,-229,-0.244572
11.8544,-11052,-1.24335e+06,-521,-207,-0.220791,-211,-0.225348
11.8753,-11778,-1.32502e+06,-434,-179,-0.190947,-181,-0.193308
11.8942,-12332,-1.38735e+06,-404,-153,-0.163102,-150,-0.1602
11.9143,-12829,-1.44326e+06,-309,-125,-0.132997,-124,-0.132432
11.9383,-13296,-1.4958e+06,-207,-90,-0.0963885,-90,-0.09612
11.9592,-13598,-1.52978e+06,-168,-60,-0.0638585,-63,-0.067284
11.9803,-13786,-1.55092e+06,-85,-29,-0.0308905,-33,-0.035244
11.9992,-13885,-1.56206e+06,-38,-1,-0.00129505,-3,-0.003204
