index,time_s,qd_rad,qd_deg,qd_dot_rad_s,qd_ddot_rad_s2,tau_inertia_Nm,tau_gravity_Nm,tau_total_Nm
0,0.000000,0.034907,2.000000,0.000000,0.000000,0.000000,0.105482,0.105482
1,0.005000,0.036619,2.098098,0.000000,0.000000,0.000000,0.110654,0.110654
2,0.010000,0.038331,2.196196,0.342427,0.000000,0.000000,0.115825,0.115825
3,0.015000,0.040043,2.294294,0.342427,-0.000000,-0.000000,0.120996,0.120996
4,0.020000,0.041755,2.392392,0.342427,0.000000,0.000000,0.126167,0.126167
5,0.025000,0.043467,2.490490,0.342427,-0.000000,-0.000000,0.131337,0.131337
6,0.030000,0.045179,2.588589,0.342427,-0.000000,-0.000000,0.136507,0.136507
7,0.035000,0.046892,2.686687,0.342427,0.000000,0.000000,0.141676,0.141676
8,0.040000,0.048604,2.784785,0.342427,-0.000000,-0.000000,0.146845,0.146845
9,0.045000,0.050316,2.882883,0.342427,-0.000000,-0.000000,0.152013,0.152013
10,0.050000,0.052028,2.980981,0.342427,-0.000000,-0.000000,0.157181,0.157181
11,0.055000,0.053740,3.079079,0.342427,0.000000,0.000000,0.162349,0.162349
12,0.060000,0.055452,3.177177,0.342427,-0.000000,-0.000000,0.167516,0.167516
13,0.065000,0.057164,3.275275,0.342427,0.000000,0.000000,0.172683,0.172683
14,0.070000,0.058876,3.373373,0.342427,-0.000000,-0.000000,0.177849,0.177849
15,0.075000,0.060589,3.471471,0.342427,0.000000,0.000000,0.183015,0.183015
16,0.080000,0.062301,3.569570,0.342427,-0.000000,-0.000000,0.188180,0.188180
17,0.085000,0.064013,3.667668,0.342427,-0.000000,-0.000000,0.193344,0.193344
18,0.090000,0.065725,3.765766,0.342427,0.000000,0.000000,0.198508,0.198508
19,0.095000,0.067437,3.863864,0.342427,-0.000000,-0.000000,0.203672,0.203672
20,0.100000,0.069149,3.961962,0.342427,-0.000000,-0.000000,0.208834,0.208834
21,0.105000,0.070861,4.060060,0.342427,0.000000,0.000000,0.213997,0.213997
22,0.110000,0.072574,4.158158,0.342427,-0.000000,-0.000000,0.219158,0.219158
23,0.115000,0.074286,4.256256,0.342427,-0.000000,-0.000000,0.224319,0.224319
24,0.120000,0.075998,4.354354,0.342427,0.000000,0.000000,0.229479,0.229479
25,0.125000,0.077710,4.452452,0.342427,0.000000,0.000000,0.234639,0.234639
26,0.130000,0.079422,4.550551,0.342427,-0.000000,-0.000000,0.239798,0.239798
27,0.135000,0.081134,4.648649,0.342427,-0.000000,-0.000000,0.244956,0.244956
28,0.140000,0.082846,4.746747,0.342427,0.000000,0.000000,0.250114,0.250114
29,0.145000,0.084558,4.844845,0.342427,0.000000,0.000000,0.255270,0.255270
30,0.150000,0.086271,4.942943,0.342427,-0.000000,-0.000000,0.260426,0.260426
31,0.155000,0.087983,5.041041,0.342427,0.000000,0.000000,0.265582,0.265582
32,0.160000,0.089695,5.139139,0.342427,-0.000000,-0.000000,0.270736,0.270736
33,0.165000,0.091407,5.237237,0.342427,0.000000,0.000000,0.275890,0.275890
34,0.170000,0.093119,5.335335,0.342427,-0.000000,-0.000000,0.281042,0.281042
35,0.175000,0.094831,5.433433,0.342427,-0.000000,-0.000000,0.286195,0.286195
36,0.180000,0.096543,5.531532,0.342427,0.000000,0.000000,0.291346,0.291346
37,0.185000,0.098256,5.629630,0.342427,0.000000,0.000000,0.296496,0.296496
38,0.190000,0.099968,5.727728,0.342427,-0.000000,-0.000000,0.301645,0.301645
39,0.195000,0.101680,5.825826,0.342427,0.000000,0.000000,0.306794,0.306794
40,0.200000,0.103392,5.923924,0.342427,0.000000,0.000000,0.311942,0.311942
41,0.205000,0.105104,6.022022,0.342427,0.000000,0.000000,0.317089,0.317089
42,0.210000,0.106816,6.120120,0.342427,-0.000000,-0.000000,0.322234,0.322234
43,0.215000,0.108528,6.218218,0.342427,0.000000,0.000000,0.327379,0.327379
44,0.220000,0.110241,6.316316,0.342427,0.000000,0.000000,0.332523,0.332523
45,0.225000,0.111953,6.414414,0.342427,-0.000000,-0.000000,0.337666,0.337666
46,0.230000,0.113665,6.512513,0.342427,-0.000000,-0.000000,0.342808,0.342808
47,0.235000,0.115377,6.610611,0.342427,0.000000,0.000000,0.347949,0.347949
48,0.240000,0.117089,6.708709,0.342427,-0.000000,-0.000000,0.353089,0.353089
49,0.245000,0.118801,6.806807,0.342427,0.000000,0.000000,0.358228,0.358228
50,0.250000,0.120513,6.904905,0.342427,0.000000,0.000000,0.363366,0.363366
51,0.255000,0.122225,7.003003,0.342427,-0.000000,-0.000000,0.368503,0.368503
52,0.260000,0.123938,7.101101,0.342427,0.000000,0.000000,0.373638,0.373638
53,0.265000,0.125650,7.199199,0.342427,0.000000,0.000000,0.378773,0.378773
54,0.270000,0.127362,7.297297,0.342427,-0.000000,-0.000000,0.383906,0.383906
55,0.275000,0.129074,7.395395,0.342427,0.000000,0.000000,0.389039,0.389039
56,0.280000,0.130786,7.493493,0.342427,-0.000000,-0.000000,0.394170,0.394170
57,0.285000,0.132498,7.591592,0.342427,-0.000000,-0.000000,0.399300,0.399300
58,0.290000,0.134210,7.689690,0.342427,0.000000,0.000000,0.404429,0.404429
59,0.295000,0.135923,7.787788,0.342427,-0.000000,-0.000000,0.409557,0.409557
60,0.300000,0.137635,7.885886,0.342427,-0.000000,-0.000000,0.414683,0.414683
61,0.305000,0.139347,7.983984,0.342427,0.000000,0.000000,0.419809,0.419809
62,0.310000,0.141059,8.082082,0.342427,-0.000000,-0.000000,0.424933,0.424933
63,0.315000,0.142771,8.180180,0.342427,0.000000,0.000000,0.430056,0.430056
64,0.320000,0.144483,8.278278,0.342427,-0.000000,-0.000000,0.435177,0.435177
65,0.325000,0.146195,8.376376,0.342427,-0.000000,-0.000000,0.440297,0.440297
66,0.330000,0.147907,8.474474,0.342427,0.000000,0.000000,0.445416,0.445416
67,0.335000,0.149620,8.572573,0.342427,0.000000,0.000000,0.450534,0.450534
68,0.340000,0.151332,8.670671,0.342427,-0.000000,-0.000000,0.455650,0.455650
69,0.345000,0.153044,8.768769,0.342427,0.000000,0.000000,0.460766,0.460766
70,0.350000,0.154756,8.866867,0.342427,-0.000000,-0.000000,0.465879,0.465879
71,0.355000,0.156468,8.964965,0.342427,0.000000,0.000000,0.470992,0.470992
72,0.360000,0.158180,9.063063,0.342427,0.000000,0.000000,0.476103,0.476103
73,0.365000,0.159892,9.161161,0.342427,-0.000000,-0.000000,0.481212,0.481212
74,0.370000,0.161605,9.259259,0.342427,0.000000,0.000000,0.486320,0.486320
75,0.375000,0.163317,9.357357,0.342427,0.000000,0.000000,0.491427,0.491427
76,0.380000,0.165029,9.455455,0.342427,-0.000000,-0.000000,0.496532,0.496532
77,0.385000,0.166741,9.553554,0.342427,0.000000,0.000000,0.501636,0.501636
78,0.390000,0.168453,9.651652,0.342427,0.000000,0.000000,0.506738,0.506738
79,0.395000,0.170165,9.749750,0.342427,0.000000,0.000000,0.511839,0.511839
80,0.400000,0.171877,9.847848,0.342427,0.000000,0.000000,0.516939,0.516939
81,0.405000,0.173590,9.945946,0.342427,-0.000000,-0.000000,0.522036,0.522036
82,0.410000,0.175302,10.044044,0.342427,-0.000000,-0.000000,0.527133,0.527133
83,0.415000,0.177014,10.142142,0.342427,0.000000,0.000000,0.532228,0.532228
84,0.420000,0.178726,10.240240,0.342427,-0.000000,-0.000000,0.537321,0.537321
85,0.425000,0.180438,10.338338,0.342427,0.000000,0.000000,0.542412,0.542412
86,0.430000,0.182150,10.436436,0.342427,0.000000,0.000000,0.547502,0.547502
87,0.435000,0.183862,10.534535,0.342427,-0.000000,-0.000000,0.552591,0.552591
88,0.440000,0.185574,10.632633,0.342427,0.000000,0.000000,0.557678,0.557678
89,0.445000,0.187287,10.730731,0.342427,-0.000000,-0.000000,0.562763,0.562763
90,0.450000,0.188999,10.828829,0.342427,-0.000000,-0.000000,0.567846,0.567846
91,0.455000,0.190711,10.926927,0.342427,0.000000,0.000000,0.572928,0.572928
92,0.460000,0.192423,11.025025,0.342427,0.000000,0.000000,0.578009,0.578009
93,0.465000,0.194135,11.123123,0.342427,0.000000,0.000000,0.583087,0.583087
94,0.470000,0.195847,11.221221,0.342427,-0.000000,-0.000000,0.588164,0.588164
95,0.475000,0.197559,11.319319,0.342427,0.000000,0.000000,0.593239,0.593239
96,0.480000,0.199272,11.417417,0.342427,0.000000,0.000000,0.598312,0.598312
97,0.485000,0.200984,11.515516,0.342427,0.000000,0.000000,0.603384,0.603384
98,0.490000,0.202696,11.613614,0.342427,-0.000000,-0.000000,0.608454,0.608454
99,0.495000,0.204408,11.711712,0.342427,0.000000,0.000000,0.613522,0.613522
100,0.500000,0.206120,11.809810,0.342427,-0.000000,-0.000000,0.618588,0.618588
101,0.505000,0.207832,11.907908,0.342427,0.000000,0.000000,0.623652,0.623652
102,0.510000,0.209544,12.006006,0.342427,-0.000000,-0.000000,0.628715,0.628715
103,0.515000,0.211256,12.104104,0.342427,0.000000,0.000000,0.633776,0.633776
104,0.520000,0.212969,12.202202,0.342427,-0.000000,-0.000000,0.638835,0.638835
105,0.525000,0.214681,12.300300,0.342427,0.000000,0.000000,0.643892,0.643892
106,0.530000,0.216393,12.398398,0.342427,-0.000000,-0.000000,0.648947,0.648947
107,0.535000,0.218105,12.496496,0.342427,0.000000,0.000000,0.654000,0.654000
108,0.540000,0.219817,12.594595,0.342427,-0.000000,-0.000000,0.659051,0.659051
109,0.545000,0.221529,12.692693,0.342427,0.000000,0.000000,0.664101,0.664101
110,0.550000,0.223241,12.790791,0.342427,-0.000000,-0.000000,0.669148,0.669148
111,0.555000,0.224954,12.888889,0.342427,0.000000,0.000000,0.674193,0.674193
112,0.560000,0.226666,12.986987,0.342427,-0.000000,-0.000000,0.679237,0.679237
113,0.565000,0.228378,13.085085,0.342427,-0.000000,-0.000000,0.684278,0.684278
114,0.570000,0.230090,13.183183,0.342427,0.000000,0.000000,0.689318,0.689318
115,0.575000,0.231802,13.281281,0.342427,-0.000000,-0.000000,0.694355,0.694355
116,0.580000,0.233514,13.379379,0.342427,-0.000000,-0.000000,0.699391,0.699391
117,0.585000,0.235226,13.477477,0.342427,0.000000,0.000000,0.704424,0.704424
118,0.590000,0.236938,13.575576,0.342427,-0.000000,-0.000000,0.709455,0.709455
119,0.595000,0.238651,13.673674,0.342427,0.000000,0.000000,0.714485,0.714485
120,0.600000,0.240363,13.771772,0.342427,-0.000000,-0.000000,0.719512,0.719512
121,0.605000,0.242075,13.869870,0.342427,-0.000000,-0.000000,0.724537,0.724537
122,0.610000,0.243787,13.967968,0.342427,0.000000,0.000000,0.729560,0.729560
123,0.615000,0.245499,14.066066,0.342427,-0.000000,-0.000000,0.734581,0.734581
124,0.620000,0.247211,14.164164,0.342427,0.000000,0.000000,0.739599,0.739599
125,0.625000,0.248923,14.262262,0.342427,-0.000000,-0.000000,0.744616,0.744616
126,0.630000,0.250636,14.360360,0.342427,0.000000,0.000000,0.749630,0.749630
127,0.635000,0.252348,14.458458,0.342427,0.000000,0.000000,0.754642,0.754642
128,0.640000,0.254060,14.556557,0.342427,0.000000,0.000000,0.759652,0.759652
129,0.645000,0.255772,14.654655,0.342427,-0.000000,-0.000000,0.764659,0.764659
130,0.650000,0.257484,14.752753,0.342427,-0.000000,-0.000000,0.769665,0.769665
131,0.655000,0.259196,14.850851,0.342427,0.000000,0.000000,0.774668,0.774668
132,0.660000,0.260908,14.948949,0.342427,0.000000,0.000000,0.779669,0.779669
133,0.665000,0.262621,15.047047,0.342427,0.000000,0.000000,0.784667,0.784667
134,0.670000,0.264333,15.145145,0.342427,-0.000000,-0.000000,0.789664,0.789664
135,0.675000,0.266045,15.243243,0.342427,0.000000,0.000000,0.794658,0.794658
136,0.680000,0.267757,15.341341,0.342427,-0.000000,-0.000000,0.799649,0.799649
137,0.685000,0.269469,15.439439,0.342427,0.000000,0.000000,0.804639,0.804639
138,0.690000,0.271181,15.537538,0.342427,-0.000000,-0.000000,0.809626,0.809626
139,0.695000,0.272893,15.635636,0.342427,0.000000,0.000000,0.814610,0.814610
140,0.700000,0.274605,15.733734,0.342427,-0.000000,-0.000000,0.819592,0.819592
141,0.705000,0.276318,15.831832,0.342427,-0.000000,-0.000000,0.824572,0.824572
142,0.710000,0.278030,15.929930,0.342427,0.000000,0.000000,0.829549,0.829549
143,0.715000,0.279742,16.028028,0.342427,0.000000,0.000000,0.834524,0.834524
144,0.720000,0.281454,16.126126,0.342427,-0.000000,-0.000000,0.839497,0.839497
145,0.725000,0.283166,16.224224,0.342427,0.000000,0.000000,0.844467,0.844467
146,0.730000,0.284878,16.322322,0.342427,-0.000000,-0.000000,0.849434,0.849434
147,0.735000,0.286590,16.420420,0.342427,-0.000000,-0.000000,0.854399,0.854399
148,0.740000,0.288303,16.518519,0.342427,0.000000,0.000000,0.859362,0.859362
149,0.745000,0.290015,16.616617,0.342427,-0.000000,-0.000000,0.864322,0.864322
150,0.750000,0.291727,16.714715,0.342427,-0.000000,-0.000000,0.869279,0.869279
151,0.755000,0.293439,16.812813,0.342427,0.000000,0.000000,0.874234,0.874234
152,0.760000,0.295151,16.910911,0.342427,-0.000000,-0.000000,0.879187,0.879187
153,0.765000,0.296863,17.009009,0.342427,-0.000000,-0.000000,0.884137,0.884137
154,0.770000,0.298575,17.107107,0.342427,0.000000,0.000000,0.889084,0.889084
155,0.775000,0.300287,17.205205,0.342427,-0.000000,-0.000000,0.894028,0.894028
156,0.780000,0.302000,17.303303,0.342427,0.000000,0.000000,0.898970,0.898970
157,0.785000,0.303712,17.401401,0.342427,-0.000000,-0.000000,0.903910,0.903910
158,0.790000,0.305424,17.499499,0.342427,0.000000,0.000000,0.908846,0.908846
159,0.795000,0.307136,17.597598,0.342427,-0.000000,-0.000000,0.913780,0.913780
160,0.800000,0.308848,17.695696,0.342427,0.000000,0.000000,0.918712,0.918712
161,0.805000,0.310560,17.793794,0.342427,-0.000000,-0.000000,0.923640,0.923640
162,0.810000,0.312272,17.891892,0.342427,-0.000000,-0.000000,0.928566,0.928566
163,0.815000,0.313985,17.989990,0.342427,0.000000,0.000000,0.933490,0.933490
164,0.820000,0.315697,18.088088,0.342427,-0.000000,-0.000000,0.938410,0.938410
165,0.825000,0.317409,18.186186,0.342427,-0.000000,-0.000000,0.943328,0.943328
166,0.830000,0.319121,18.284284,0.342427,0.000000,0.000000,0.948243,0.948243
167,0.835000,0.320833,18.382382,0.342427,-0.000000,-0.000000,0.953155,0.953155
168,0.840000,0.322545,18.480480,0.342427,0.000000,0.000000,0.958064,0.958064
169,0.845000,0.324257,18.578579,0.342427,-0.000000,-0.000000,0.962971,0.962971
170,0.850000,0.325970,18.676677,0.342427,0.000000,0.000000,0.967875,0.967875
171,0.855000,0.327682,18.774775,0.342427,0.000000,0.000000,0.972776,0.972776
172,0.860000,0.329394,18.872873,0.342427,-0.000000,-0.000000,0.977674,0.977674
173,0.865000,0.331106,18.970971,0.342427,0.000000,0.000000,0.982569,0.982569
174,0.870000,0.332818,19.069069,0.342427,-0.000000,-0.000000,0.987461,0.987461
175,0.875000,0.334530,19.167167,0.342427,-0.000000,-0.000000,0.992351,0.992351
176,0.880000,0.336242,19.265265,0.342427,0.000000,0.000000,0.997237,0.997237
177,0.885000,0.337954,19.363363,0.342427,0.000000,0.000000,1.002121,1.002121
178,0.890000,0.339667,19.461461,0.342427,-0.000000,-0.000000,1.007002,1.007002
179,0.895000,0.341379,19.559560,0.342427,0.000000,0.000000,1.011879,1.011879
180,0.900000,0.343091,19.657658,0.342427,-0.000000,-0.000000,1.016754,1.016754
181,0.905000,0.344803,19.755756,0.342427,0.000000,0.000000,1.021626,1.021626
182,0.910000,0.346515,19.853854,0.342427,-0.000000,-0.000000,1.026495,1.026495
183,0.915000,0.348227,19.951952,0.342427,0.000000,0.000000,1.031360,1.031360
184,0.920000,0.349939,20.050050,0.342427,-0.000000,-0.000000,1.036223,1.036223
185,0.925000,0.351652,20.148148,0.342427,-0.000000,-0.000000,1.041083,1.041083
186,0.930000,0.353364,20.246246,0.342427,0.000000,0.000000,1.045940,1.045940
187,0.935000,0.355076,20.344344,0.342427,-0.000000,-0.000000,1.050793,1.050793
188,0.940000,0.356788,20.442442,0.342427,0.000000,0.000000,1.055644,1.055644
189,0.945000,0.358500,20.540541,0.342427,0.000000,0.000000,1.060491,1.060491
190,0.950000,0.360212,20.638639,0.342427,-0.000000,-0.000000,1.065335,1.065335
191,0.955000,0.361924,20.736737,0.342427,0.000000,0.000000,1.070177,1.070177
192,0.960000,0.363636,20.834835,0.342427,-0.000000,-0.000000,1.075015,1.075015
193,0.965000,0.365349,20.932933,0.342427,0.000000,0.000000,1.079849,1.079849
194,0.970000,0.367061,21.031031,0.342427,-0.000000,-0.000000,1.084681,1.084681
195,0.975000,0.368773,21.129129,0.342427,0.000000,0.000000,1.089510,1.089510
196,0.980000,0.370485,21.227227,0.342427,0.000000,0.000000,1.094335,1.094335
197,0.985000,0.372197,21.325325,0.342427,0.000000,0.000000,1.099157,1.099157
198,0.990000,0.373909,21.423423,0.342427,0.000000,0.000000,1.103976,1.103976
199,0.995000,0.375621,21.521522,0.342427,-0.000000,-0.000000,1.108792,1.108792
200,1.000000,0.377334,21.619620,0.342427,-0.000000,-0.000000,1.113604,1.113604
201,1.005000,0.379046,21.717718,0.342427,0.000000,0.000000,1.118414,1.118414
202,1.010000,0.380758,21.815816,0.342427,0.000000,0.000000,1.123219,1.123219
203,1.015000,0.382470,21.913914,0.342427,-0.000000,-0.000000,1.128022,1.128022
204,1.020000,0.384182,22.012012,0.342427,0.000000,0.000000,1.132821,1.132821
205,1.025000,0.385894,22.110110,0.342427,-0.000000,-0.000000,1.137617,1.137617
206,1.030000,0.387606,22.208208,0.342427,0.000000,0.000000,1.142410,1.142410
207,1.035000,0.389318,22.306306,0.342427,0.000000,0.000000,1.147199,1.147199
208,1.040000,0.391031,22.404404,0.342427,0.000000,0.000000,1.151985,1.151985
209,1.045000,0.392743,22.502503,0.342427,-0.000000,-0.000000,1.156768,1.156768
210,1.050000,0.394455,22.600601,0.342427,0.000000,0.000000,1.161547,1.161547
211,1.055000,0.396167,22.698699,0.342427,-0.000000,-0.000000,1.166323,1.166323
212,1.060000,0.397879,22.796797,0.342427,0.000000,0.000000,1.171095,1.171095
213,1.065000,0.399591,22.894895,0.342427,-0.000000,-0.000000,1.175864,1.175864
214,1.070000,0.401303,22.992993,0.342427,0.000000,0.000000,1.180629,1.180629
215,1.075000,0.403016,23.091091,0.342427,-0.000000,-0.000000,1.185391,1.185391
216,1.080000,0.404728,23.189189,0.342427,-0.000000,-0.000000,1.190150,1.190150
217,1.085000,0.406440,23.287287,0.342427,0.000000,0.000000,1.194905,1.194905
218,1.090000,0.408152,23.385385,0.342427,0.000000,0.000000,1.199656,1.199656
219,1.095000,0.409864,23.483483,0.342427,-0.000000,-0.000000,1.204404,1.204404
220,1.100000,0.411576,23.581582,0.342427,-0.000000,-0.000000,1.209149,1.209149
221,1.105000,0.413288,23.679680,0.342427,0.000000,0.000000,1.213890,1.213890
222,1.110000,0.415001,23.777778,0.342427,0.000000,0.000000,1.218627,1.218627
223,1.115000,0.416713,23.875876,0.342427,0.000000,0.000000,1.223361,1.223361
224,1.120000,0.418425,23.973974,0.342427,-0.000000,-0.000000,1.228091,1.228091
225,1.125000,0.420137,24.072072,0.342427,-0.000000,-0.000000,1.232818,1.232818
226,1.130000,0.421849,24.170170,0.342427,0.000000,0.000000,1.237541,1.237541
227,1.135000,0.423561,24.268268,0.342427,-0.000000,-0.000000,1.242260,1.242260
228,1.140000,0.425273,24.366366,0.342427,0.000000,0.000000,1.246976,1.246976
229,1.145000,0.426985,24.464464,0.342427,-0.000000,-0.000000,1.251688,1.251688
230,1.150000,0.428698,24.562563,0.342427,-0.000000,-0.000000,1.256397,1.256397
231,1.155000,0.430410,24.660661,0.342427,0.000000,0.000000,1.261101,1.261101
232,1.160000,0.432122,24.758759,0.342427,-0.000000,-0.000000,1.265802,1.265802
233,1.165000,0.433834,24.856857,0.342427,0.000000,0.000000,1.270500,1.270500
234,1.170000,0.435546,24.954955,0.342427,0.000000,0.000000,1.275193,1.275193
235,1.175000,0.437258,25.053053,0.342427,-0.000000,-0.000000,1.279883,1.279883
236,1.180000,0.438970,25.151151,0.342427,0.000000,0.000000,1.284569,1.284569
237,1.185000,0.440683,25.249249,0.342427,-0.000000,-0.000000,1.289252,1.289252
238,1.190000,0.442395,25.347347,0.342427,0.000000,0.000000,1.293930,1.293930
239,1.195000,0.444107,25.445445,0.342427,0.000000,0.000000,1.298605,1.298605
240,1.200000,0.445819,25.543544,0.342427,0.000000,0.000000,1.303276,1.303276
241,1.205000,0.447531,25.641642,0.342427,-0.000000,-0.000000,1.307943,1.307943
242,1.210000,0.449243,25.739740,0.342427,0.000000,0.000000,1.312606,1.312606
243,1.215000,0.450955,25.837838,0.342427,-0.000000,-0.000000,1.317266,1.317266
244,1.220000,0.452667,25.935936,0.342427,-0.000000,-0.000000,1.321921,1.321921
245,1.225000,0.454380,26.034034,0.342427,0.000000,0.000000,1.326573,1.326573
246,1.230000,0.456092,26.132132,0.342427,-0.000000,-0.000000,1.331221,1.331221
247,1.235000,0.457804,26.230230,0.342427,0.000000,0.000000,1.335865,1.335865
248,1.240000,0.459516,26.328328,0.342427,-0.000000,-0.000000,1.340505,1.340505
249,1.245000,0.461228,26.426426,0.342427,0.000000,0.000000,1.345141,1.345141
250,1.250000,0.462940,26.524525,0.342427,-0.000000,-0.000000,1.349773,1.349773
251,1.255000,0.464652,26.622623,0.342427,0.000000,0.000000,1.354401,1.354401
252,1.260000,0.466365,26.720721,0.342427,0.000000,0.000000,1.359026,1.359026
253,1.265000,0.468077,26.818819,0.342427,-0.000000,-0.000000,1.363646,1.363646
254,1.270000,0.469789,26.916917,0.342427,0.000000,0.000000,1.368262,1.368262
255,1.275000,0.471501,27.015015,0.342427,-0.000000,-0.000000,1.372874,1.372874
256,1.280000,0.473213,27.113113,0.342427,-0.000000,-0.000000,1.377482,1.377482
257,1.285000,0.474925,27.211211,0.342427,0.000000,0.000000,1.382087,1.382087
258,1.290000,0.476637,27.309309,0.342427,-0.000000,-0.000000,1.386687,1.386687
259,1.295000,0.478349,27.407407,0.342427,0.000000,0.000000,1.391283,1.391283
260,1.300000,0.480062,27.505506,0.342427,-0.000000,-0.000000,1.395875,1.395875
261,1.305000,0.481774,27.603604,0.342427,0.000000,0.000000,1.400463,1.400463
262,1.310000,0.483486,27.701702,0.342427,0.000000,0.000000,1.405046,1.405046
263,1.315000,0.485198,27.799800,0.342427,-0.000000,-0.000000,1.409626,1.409626
264,1.320000,0.486910,27.897898,0.342427,0.000000,0.000000,1.414202,1.414202
265,1.325000,0.488622,27.995996,0.342427,-0.000000,-0.000000,1.418773,1.418773
266,1.330000,0.490334,28.094094,0.342427,0.000000,0.000000,1.423340,1.423340
267,1.335000,0.492047,28.192192,0.342427,-0.000000,-0.000000,1.427903,1.427903
268,1.340000,0.493759,28.290290,0.342427,-0.000000,-0.000000,1.432462,1.432462
269,1.345000,0.495471,28.388388,0.342427,0.000000,0.000000,1.437017,1.437017
270,1.350000,0.497183,28.486486,0.342427,-0.000000,-0.000000,1.441567,1.441567
271,1.355000,0.498895,28.584585,0.342427,0.000000,0.000000,1.446113,1.446113
272,1.360000,0.500607,28.682683,0.342427,-0.000000,-0.000000,1.450655,1.450655
273,1.365000,0.502319,28.780781,0.342427,0.000000,0.000000,1.455193,1.455193
274,1.370000,0.504032,28.878879,0.342427,0.000000,0.000000,1.459727,1.459727
275,1.375000,0.505744,28.976977,0.342427,-0.000000,-0.000000,1.464256,1.464256
276,1.380000,0.507456,29.075075,0.342427,0.000000,0.000000,1.468781,1.468781
277,1.385000,0.509168,29.173173,0.342427,-0.000000,-0.000000,1.473301,1.473301
278,1.390000,0.510880,29.271271,0.342427,-0.000000,-0.000000,1.477818,1.477818
279,1.395000,0.512592,29.369369,0.342427,-0.000000,-0.000000,1.482330,1.482330
280,1.400000,0.514304,29.467467,0.342427,0.000000,0.000000,1.486837,1.486837
281,1.405000,0.516016,29.565566,0.342427,-0.000000,-0.000000,1.491340,1.491340
282,1.410000,0.517729,29.663664,0.342427,-0.000000,-0.000000,1.495839,1.495839
283,1.415000,0.519441,29.761762,0.342427,0.000000,0.000000,1.500334,1.500334
284,1.420000,0.521153,29.859860,0.342427,0.000000,0.000000,1.504824,1.504824
285,1.425000,0.522865,29.957958,0.342427,-0.000000,-0.000000,1.509309,1.509309
286,1.430000,0.524577,30.056056,0.342427,0.000000,0.000000,1.513791,1.513791
287,1.435000,0.526289,30.154154,0.342427,-0.000000,-0.000000,1.518267,1.518267
288,1.440000,0.528001,30.252252,0.342427,-0.000000,-0.000000,1.522740,1.522740
289,1.445000,0.529714,30.350350,0.342427,0.000000,0.000000,1.527208,1.527208
290,1.450000,0.531426,30.448448,0.342427,-0.000000,-0.000000,1.531671,1.531671
291,1.455000,0.533138,30.546547,0.342427,0.000000,0.000000,1.536130,1.536130
292,1.460000,0.534850,30.644645,0.342427,-0.000000,-0.000000,1.540584,1.540584
293,1.465000,0.536562,30.742743,0.342427,-0.000000,-0.000000,1.545034,1.545034
294,1.470000,0.538274,30.840841,0.342427,0.000000,0.000000,1.549480,1.549480
295,1.475000,0.539986,30.938939,0.342427,-0.000000,-0.000000,1.553921,1.553921
296,1.480000,0.541698,31.037037,0.342427,-0.000000,-0.000000,1.558357,1.558357
297,1.485000,0.543411,31.135135,0.342427,-0.000000,-0.000000,1.562789,1.562789
298,1.490000,0.545123,31.233233,0.342427,0.000000,0.000000,1.567216,1.567216
299,1.495000,0.546835,31.331331,0.342427,-0.000000,-0.000000,1.571638,1.571638
300,1.500000,0.548547,31.429429,0.342427,-0.000000,-0.000000,1.576056,1.576056
301,1.505000,0.550259,31.527528,0.342427,0.000000,0.000000,1.580469,1.580469
302,1.510000,0.551971,31.625626,0.342427,-0.000000,-0.000000,1.584878,1.584878
303,1.515000,0.553683,31.723724,0.342427,0.000000,0.000000,1.589282,1.589282
304,1.520000,0.555396,31.821822,0.342427,0.000000,0.000000,1.593682,1.593682
305,1.525000,0.557108,31.919920,0.342427,-0.000000,-0.000000,1.598076,1.598076
306,1.530000,0.558820,32.018018,0.342427,0.000000,0.000000,1.602466,1.602466
307,1.535000,0.560532,32.116116,0.342427,-0.000000,-0.000000,1.606852,1.606852
308,1.540000,0.562244,32.214214,0.342427,0.000000,0.000000,1.611232,1.611232
309,1.545000,0.563956,32.312312,0.342427,-0.000000,-0.000000,1.615608,1.615608
310,1.550000,0.565668,32.410410,0.342427,0.000000,0.000000,1.619979,1.619979
311,1.555000,0.567381,32.508509,0.342427,0.000000,0.000000,1.624346,1.624346
312,1.560000,0.569093,32.606607,0.342427,-0.000000,-0.000000,1.628707,1.628707
313,1.565000,0.570805,32.704705,0.342427,0.000000,0.000000,1.633064,1.633064
314,1.570000,0.572517,32.802803,0.342427,-0.000000,-0.000000,1.637416,1.637416
315,1.575000,0.574229,32.900901,0.342427,0.000000,0.000000,1.641763,1.641763
316,1.580000,0.575941,32.998999,0.342427,0.000000,0.000000,1.646106,1.646106
317,1.585000,0.577653,33.097097,0.342427,-0.000000,-0.000000,1.650444,1.650444
318,1.590000,0.579365,33.195195,0.342427,0.000000,0.000000,1.654776,1.654776
319,1.595000,0.581078,33.293293,0.342427,0.000000,0.000000,1.659104,1.659104
320,1.600000,0.582790,33.391391,0.342427,-0.000000,-0.000000,1.663427,1.663427
321,1.605000,0.584502,33.489489,0.342427,0.000000,0.000000,1.667746,1.667746
322,1.610000,0.586214,33.587588,0.342427,-0.000000,-0.000000,1.672059,1.672059
323,1.615000,0.587926,33.685686,0.342427,0.000000,0.000000,1.676367,1.676367
324,1.620000,0.589638,33.783784,0.342427,-0.000000,-0.000000,1.680671,1.680671
325,1.625000,0.591350,33.881882,0.342427,0.000000,0.000000,1.684969,1.684969
326,1.630000,0.593063,33.979980,0.342427,-0.000000,-0.000000,1.689263,1.689263
327,1.635000,0.594775,34.078078,0.342427,0.000000,0.000000,1.693552,1.693552
328,1.640000,0.596487,34.176176,0.342427,-0.000000,-0.000000,1.697836,1.697836
329,1.645000,0.598199,34.274274,0.342427,0.000000,0.000000,1.702114,1.702114
330,1.650000,0.599911,34.372372,0.342427,0.000000,0.000000,1.706388,1.706388
331,1.655000,0.601623,34.470470,0.342427,-0.000000,-0.000000,1.710657,1.710657
332,1.660000,0.603335,34.568569,0.342427,0.000000,0.000000,1.714920,1.714920
333,1.665000,0.605047,34.666667,0.342427,-0.000000,-0.000000,1.719179,1.719179
334,1.670000,0.606760,34.764765,0.342427,0.000000,0.000000,1.723433,1.723433
335,1.675000,0.608472,34.862863,0.342427,0.000000,0.000000,1.727682,1.727682
336,1.680000,0.610184,34.960961,0.342427,0.000000,0.000000,1.731925,1.731925
337,1.685000,0.611896,35.059059,0.342427,-0.000000,-0.000000,1.736164,1.736164
338,1.690000,0.613608,35.157157,0.342427,0.000000,0.000000,1.740397,1.740397
339,1.695000,0.615320,35.255255,0.342427,0.000000,0.000000,1.744625,1.744625
340,1.700000,0.617032,35.353353,0.342427,-0.000000,-0.000000,1.748848,1.748848
341,1.705000,0.618745,35.451451,0.342427,0.000000,0.000000,1.753066,1.753066
342,1.710000,0.620457,35.549550,0.342427,0.000000,0.000000,1.757279,1.757279
343,1.715000,0.622169,35.647648,0.342427,-0.000000,-0.000000,1.761487,1.761487
344,1.720000,0.623881,35.745746,0.342427,0.000000,0.000000,1.765690,1.765690
345,1.725000,0.625593,35.843844,0.342427,-0.000000,-0.000000,1.769887,1.769887
346,1.730000,0.627305,35.941942,0.342427,0.000000,0.000000,1.774079,1.774079
347,1.735000,0.629017,36.040040,0.342427,-0.000000,-0.000000,1.778266,1.778266
348,1.740000,0.630729,36.138138,0.342427,0.000000,0.000000,1.782448,1.782448
349,1.745000,0.632442,36.236236,0.342427,-0.000000,-0.000000,1.786625,1.786625
350,1.750000,0.634154,36.334334,0.342427,0.000000,0.000000,1.790796,1.790796
351,1.755000,0.635866,36.432432,0.342427,-0.000000,-0.000000,1.794962,1.794962
352,1.760000,0.637578,36.530531,0.342427,-0.000000,-0.000000,1.799123,1.799123
353,1.765000,0.639290,36.628629,0.342427,0.000000,0.000000,1.803279,1.803279
354,1.770000,0.641002,36.726727,0.342427,-0.000000,-0.000000,1.807429,1.807429
355,1.775000,0.642714,36.824825,0.342427,0.000000,0.000000,1.811574,1.811574
356,1.780000,0.644427,36.922923,0.342427,0.000000,0.000000,1.815714,1.815714
357,1.785000,0.646139,37.021021,0.342427,-0.000000,-0.000000,1.819848,1.819848
358,1.790000,0.647851,37.119119,0.342427,0.000000,0.000000,1.823977,1.823977
359,1.795000,0.649563,37.217217,0.342427,0.000000,0.000000,1.828101,1.828101
360,1.800000,0.651275,37.315315,0.342427,0.000000,0.000000,1.832219,1.832219
361,1.805000,0.652987,37.413413,0.342427,-0.000000,-0.000000,1.836332,1.836332
362,1.810000,0.654699,37.511512,0.342427,0.000000,0.000000,1.840439,1.840439
363,1.815000,0.656412,37.609610,0.342427,-0.000000,-0.000000,1.844542,1.844542
364,1.820000,0.658124,37.707708,0.342427,0.000000,0.000000,1.848638,1.848638
365,1.825000,0.659836,37.805806,0.342427,-0.000000,-0.000000,1.852730,1.852730
366,1.830000,0.661548,37.903904,0.342427,0.000000,0.000000,1.856816,1.856816
367,1.835000,0.663260,38.002002,0.342427,-0.000000,-0.000000,1.860896,1.860896
368,1.840000,0.664972,38.100100,0.342427,0.000000,0.000000,1.864971,1.864971
369,1.845000,0.666684,38.198198,0.342427,0.000000,0.000000,1.869041,1.869041
370,1.850000,0.668396,38.296296,0.342427,-0.000000,-0.000000,1.873105,1.873105
371,1.855000,0.670109,38.394394,0.342427,0.000000,0.000000,1.877163,1.877163
372,1.860000,0.671821,38.492492,0.342427,0.000000,0.000000,1.881216,1.881216
373,1.865000,0.673533,38.590591,0.342427,-0.000000,-0.000000,1.885264,1.885264
374,1.870000,0.675245,38.688689,0.342427,0.000000,0.000000,1.889306,1.889306
375,1.875000,0.676957,38.786787,0.342427,0.000000,0.000000,1.893342,1.893342
376,1.880000,0.678669,38.884885,0.342427,0.000000,0.000000,1.897373,1.897373
377,1.885000,0.680381,38.982983,0.342427,-0.000000,-0.000000,1.901399,1.901399
378,1.890000,0.682094,39.081081,0.342427,-0.000000,-0.000000,1.905418,1.905418
379,1.895000,0.683806,39.179179,0.342427,-0.000000,-0.000000,1.909433,1.909433
380,1.900000,0.685518,39.277277,0.342427,-0.000000,-0.000000,1.913441,1.913441
381,1.905000,0.687230,39.375375,0.342427,0.000000,0.000000,1.917444,1.917444
382,1.910000,0.688942,39.473473,0.342427,0.000000,0.000000,1.921442,1.921442
383,1.915000,0.690654,39.571572,0.342427,-0.000000,-0.000000,1.925433,1.925433
384,1.920000,0.692366,39.669670,0.342427,0.000000,0.000000,1.929420,1.929420
385,1.925000,0.694078,39.767768,0.342427,0.000000,0.000000,1.933400,1.933400
386,1.930000,0.695791,39.865866,0.342427,-0.000000,-0.000000,1.937375,1.937375
387,1.935000,0.697503,39.963964,0.342427,-0.000000,-0.000000,1.941344,1.941344
388,1.940000,0.699215,40.062062,0.342427,-0.000000,-0.000000,1.945307,1.945307
389,1.945000,0.700927,40.160160,0.342427,0.000000,0.000000,1.949265,1.949265
390,1.950000,0.702639,40.258258,0.342427,-0.000000,-0.000000,1.953217,1.953217
391,1.955000,0.704351,40.356356,0.342427,-0.000000,-0.000000,1.957163,1.957163
392,1.960000,0.706063,40.454454,0.342427,0.000000,0.000000,1.961104,1.961104
393,1.965000,0.707776,40.552553,0.342427,-0.000000,-0.000000,1.965039,1.965039
394,1.970000,0.709488,40.650651,0.342427,0.000000,0.000000,1.968968,1.968968
395,1.975000,0.711200,40.748749,0.342427,-0.000000,-0.000000,1.972891,1.972891
396,1.980000,0.712912,40.846847,0.342427,-0.000000,-0.000000,1.976808,1.976808
397,1.985000,0.714624,40.944945,0.342427,0.000000,0.000000,1.980720,1.980720
398,1.990000,0.716336,41.043043,0.342427,0.000000,0.000000,1.984626,1.984626
399,1.995000,0.718048,41.141141,0.342427,-0.000000,-0.000000,1.988526,1.988526
400,2.000000,0.719761,41.239239,0.342427,0.000000,0.000000,1.992420,1.992420
401,2.005000,0.721473,41.337337,0.342427,-0.000000,-0.000000,1.996309,1.996309
402,2.010000,0.723185,41.435435,0.342427,0.000000,0.000000,2.000191,2.000191
403,2.015000,0.724897,41.533534,0.342427,-0.000000,-0.000000,2.004068,2.004068
404,2.020000,0.726609,41.631632,0.342427,0.000000,0.000000,2.007939,2.007939
405,2.025000,0.728321,41.729730,0.342427,-0.000000,-0.000000,2.011803,2.011803
406,2.030000,0.730033,41.827828,0.342427,0.000000,0.000000,2.015662,2.015662
407,2.035000,0.731745,41.925926,0.342427,-0.000000,-0.000000,2.019516,2.019516
408,2.040000,0.733458,42.024024,0.342427,0.000000,0.000000,2.023363,2.023363
409,2.045000,0.735170,42.122122,0.342427,-0.000000,-0.000000,2.027204,2.027204
410,2.050000,0.736882,42.220220,0.342427,0.000000,0.000000,2.031039,2.031039
411,2.055000,0.738594,42.318318,0.342427,-0.000000,-0.000000,2.034869,2.034869
412,2.060000,0.740306,42.416416,0.342427,0.000000,0.000000,2.038692,2.038692
413,2.065000,0.742018,42.514515,0.342427,-0.000000,-0.000000,2.042509,2.042509
414,2.070000,0.743730,42.612613,0.342427,0.000000,0.000000,2.046321,2.046321
415,2.075000,0.745443,42.710711,0.342427,-0.000000,-0.000000,2.050126,2.050126
416,2.080000,0.747155,42.808809,0.342427,0.000000,0.000000,2.053926,2.053926
417,2.085000,0.748867,42.906907,0.342427,0.000000,0.000000,2.057719,2.057719
418,2.090000,0.750579,43.005005,0.342427,-0.000000,-0.000000,2.061507,2.061507
419,2.095000,0.752291,43.103103,0.342427,-0.000000,-0.000000,2.065288,2.065288
420,2.100000,0.754003,43.201201,0.342427,-0.000000,-0.000000,2.069063,2.069063
421,2.105000,0.755715,43.299299,0.342427,-0.000000,-0.000000,2.072832,2.072832
422,2.110000,0.757427,43.397397,0.342427,0.000000,0.000000,2.076595,2.076595
423,2.115000,0.759140,43.495495,0.342427,-0.000000,-0.000000,2.080352,2.080352
424,2.120000,0.760852,43.593594,0.342427,0.000000,0.000000,2.084103,2.084103
425,2.125000,0.762564,43.691692,0.342427,-0.000000,-0.000000,2.087848,2.087848
426,2.130000,0.764276,43.789790,0.342427,0.000000,0.000000,2.091587,2.091587
427,2.135000,0.765988,43.887888,0.342427,-0.000000,-0.000000,2.095320,2.095320
428,2.140000,0.767700,43.985986,0.342427,0.000000,0.000000,2.099046,2.099046
429,2.145000,0.769412,44.084084,0.342427,0.000000,0.000000,2.102766,2.102766
430,2.150000,0.771125,44.182182,0.342427,-0.000000,-0.000000,2.106480,2.106480
431,2.155000,0.772837,44.280280,0.342427,-0.000000,-0.000000,2.110188,2.110188
432,2.160000,0.774549,44.378378,0.342427,0.000000,0.000000,2.113890,2.113890
433,2.165000,0.776261,44.476476,0.342427,-0.000000,-0.000000,2.117586,2.117586
434,2.170000,0.777973,44.574575,0.342427,0.000000,0.000000,2.121275,2.121275
435,2.175000,0.779685,44.672673,0.342427,-0.000000,-0.000000,2.124958,2.124958
436,2.180000,0.781397,44.770771,0.342427,0.000000,0.000000,2.128635,2.128635
437,2.185000,0.783109,44.868869,0.342427,-0.000000,-0.000000,2.132306,2.132306
438,2.190000,0.784822,44.966967,0.342427,-0.000000,-0.000000,2.135970,2.135970
439,2.195000,0.786534,45.065065,0.342427,0.000000,0.000000,2.139628,2.139628
440,2.200000,0.788246,45.163163,0.342427,-0.000000,-0.000000,2.143280,2.143280
441,2.205000,0.789958,45.261261,0.342427,0.000000,0.000000,2.146926,2.146926
442,2.210000,0.791670,45.359359,0.342427,-0.000000,-0.000000,2.150565,2.150565
443,2.215000,0.793382,45.457457,0.342427,-0.000000,-0.000000,2.154198,2.154198
444,2.220000,0.795094,45.555556,0.342427,0.000000,0.000000,2.157825,2.157825
445,2.225000,0.796807,45.653654,0.342427,-0.000000,-0.000000,2.161445,2.161445
446,2.230000,0.798519,45.751752,0.342427,0.000000,0.000000,2.165059,2.165059
447,2.235000,0.800231,45.849850,0.342427,-0.000000,-0.000000,2.168667,2.168667
448,2.240000,0.801943,45.947948,0.342427,0.000000,0.000000,2.172268,2.172268
449,2.245000,0.803655,46.046046,0.342427,-0.000000,-0.000000,2.175863,2.175863
450,2.250000,0.805367,46.144144,0.342427,-0.000000,-0.000000,2.179452,2.179452
451,2.255000,0.807079,46.242242,0.342427,0.000000,0.000000,2.183034,2.183034
452,2.260000,0.808792,46.340340,0.342427,-0.000000,-0.000000,2.186610,2.186610
453,2.265000,0.810504,46.438438,0.342427,-0.000000,-0.000000,2.190179,2.190179
454,2.270000,0.812216,46.536537,0.342427,0.000000,0.000000,2.193742,2.193742
455,2.275000,0.813928,46.634635,0.342427,-0.000000,-0.000000,2.197299,2.197299
456,2.280000,0.815640,46.732733,0.342427,0.000000,0.000000,2.200849,2.200849
457,2.285000,0.817352,46.830831,0.342427,-0.000000,-0.000000,2.204392,2.204392
458,2.290000,0.819064,46.928929,0.342427,0.000000,0.000000,2.207929,2.207929
459,2.295000,0.820776,47.027027,0.342427,-0.000000,-0.000000,2.211460,2.211460
460,2.300000,0.822489,47.125125,0.342427,0.000000,0.000000,2.214984,2.214984
461,2.305000,0.824201,47.223223,0.342427,-0.000000,-0.000000,2.218502,2.218502
462,2.310000,0.825913,47.321321,0.342427,0.000000,0.000000,2.222013,2.222013
463,2.315000,0.827625,47.419419,0.342427,-0.000000,-0.000000,2.225518,2.225518
464,2.320000,0.829337,47.517518,0.342427,0.000000,0.000000,2.229016,2.229016
465,2.325000,0.831049,47.615616,0.342427,0.000000,0.000000,2.232508,2.232508
466,2.330000,0.832761,47.713714,0.342427,0.000000,0.000000,2.235993,2.235993
467,2.335000,0.834474,47.811812,0.342427,-0.000000,-0.000000,2.239471,2.239471
468,2.340000,0.836186,47.909910,0.342427,0.000000,0.000000,2.242943,2.242943
469,2.345000,0.837898,48.008008,0.342427,-0.000000,-0.000000,2.246409,2.246409
470,2.350000,0.839610,48.106106,0.342427,0.000000,0.000000,2.249868,2.249868
471,2.355000,0.841322,48.204204,0.342427,-0.000000,-0.000000,2.253320,2.253320
472,2.360000,0.843034,48.302302,0.342427,-0.000000,-0.000000,2.256766,2.256766
473,2.365000,0.844746,48.400400,0.342427,0.000000,0.000000,2.260205,2.260205
474,2.370000,0.846458,48.498498,0.342427,0.000000,0.000000,2.263637,2.263637
475,2.375000,0.848171,48.596597,0.342427,-0.000000,-0.000000,2.267063,2.267063
476,2.380000,0.849883,48.694695,0.342427,0.000000,0.000000,2.270482,2.270482
477,2.385000,0.851595,48.792793,0.342427,-0.000000,-0.000000,2.273894,2.273894
478,2.390000,0.853307,48.890891,0.342427,0.000000,0.000000,2.277300,2.277300
479,2.395000,0.855019,48.988989,0.342427,-0.000000,-0.000000,2.280699,2.280699
480,2.400000,0.856731,49.087087,0.342427,0.000000,0.000000,2.284092,2.284092
481,2.405000,0.858443,49.185185,0.342427,-0.000000,-0.000000,2.287477,2.287477
482,2.410000,0.860156,49.283283,0.342427,0.000000,0.000000,2.290856,2.290856
483,2.415000,0.861868,49.381381,0.342427,-0.000000,-0.000000,2.294229,2.294229
484,2.420000,0.863580,49.479479,0.342427,-0.000000,-0.000000,2.297594,2.297594
485,2.425000,0.865292,49.577578,0.342427,-0.000000,-0.000000,2.300953,2.300953
486,2.430000,0.867004,49.675676,0.342427,0.000000,0.000000,2.304305,2.304305
487,2.435000,0.868716,49.773774,0.342427,-0.000000,-0.000000,2.307650,2.307650
488,2.440000,0.870428,49.871872,0.342427,0.000000,0.000000,2.310989,2.310989
489,2.445000,0.872141,49.969970,0.342427,-0.000000,-0.000000,2.314321,2.314321
490,2.450000,0.873853,50.068068,0.342427,0.000000,0.000000,2.317646,2.317646
491,2.455000,0.875565,50.166166,0.342427,-0.000000,-0.000000,2.320964,2.320964
492,2.460000,0.877277,50.264264,0.342427,0.000000,0.000000,2.324276,2.324276
493,2.465000,0.878989,50.362362,0.342427,-0.000000,-0.000000,2.327580,2.327580
494,2.470000,0.880701,50.460460,0.342427,0.000000,0.000000,2.330878,2.330878
495,2.475000,0.882413,50.558559,0.342427,0.000000,0.000000,2.334169,2.334169
496,2.480000,0.884125,50.656657,0.342427,-0.000000,-0.000000,2.337453,2.337453
497,2.485000,0.885838,50.754755,0.342427,-0.000000,-0.000000,2.340730,2.340730
498,2.490000,0.887550,50.852853,0.342427,0.000000,0.000000,2.344001,2.344001
499,2.495000,0.889262,50.950951,0.342427,-0.000000,-0.000000,2.347264,2.347264
500,2.500000,0.890974,51.049049,0.342427,0.000000,0.000000,2.350521,2.350521
501,2.505000,0.892686,51.147147,0.342427,0.000000,0.000000,2.353771,2.353771
502,2.510000,0.894398,51.245245,0.342427,-0.000000,-0.000000,2.357013,2.357013
503,2.515000,0.896110,51.343343,0.342427,0.000000,0.000000,2.360249,2.360249
504,2.520000,0.897823,51.441441,0.342427,0.000000,0.000000,2.363478,2.363478
505,2.525000,0.899535,51.539540,0.342427,-0.000000,-0.000000,2.366701,2.366701
506,2.530000,0.901247,51.637638,0.342427,0.000000,0.000000,2.369916,2.369916
507,2.535000,0.902959,51.735736,0.342427,0.000000,0.000000,2.373124,2.373124
508,2.540000,0.904671,51.833834,0.342427,0.000000,0.000000,2.376325,2.376325
509,2.545000,0.906383,51.931932,0.342427,0.000000,0.000000,2.379519,2.379519
510,2.550000,0.908095,52.030030,0.342427,-0.000000,-0.000000,2.382707,2.382707
511,2.555000,0.909807,52.128128,0.342427,-0.000000,-0.000000,2.385887,2.385887
512,2.560000,0.911520,52.226226,0.342427,0.000000,0.000000,2.389060,2.389060
513,2.565000,0.913232,52.324324,0.342427,-0.000000,-0.000000,2.392227,2.392227
514,2.570000,0.914944,52.422422,0.342427,0.000000,0.000000,2.395386,2.395386
515,2.575000,0.916656,52.520521,0.342427,-0.000000,-0.000000,2.398538,2.398538
516,2.580000,0.918368,52.618619,0.342427,0.000000,0.000000,2.401684,2.401684
517,2.585000,0.920080,52.716717,0.342427,-0.000000,-0.000000,2.404822,2.404822
518,2.590000,0.921792,52.814815,0.342427,0.000000,0.000000,2.407953,2.407953
519,2.595000,0.923505,52.912913,0.342427,-0.000000,-0.000000,2.411077,2.411077
520,2.600000,0.925217,53.011011,0.342427,-0.000000,-0.000000,2.414194,2.414194
521,2.605000,0.926929,53.109109,0.342427,-0.000000,-0.000000,2.417304,2.417304
522,2.610000,0.928641,53.207207,0.342427,0.000000,0.000000,2.420407,2.420407
523,2.615000,0.930353,53.305305,0.342427,0.000000,0.000000,2.423503,2.423503
524,2.620000,0.932065,53.403403,0.342427,0.000000,0.000000,2.426592,2.426592
525,2.625000,0.933777,53.501502,0.342427,-0.000000,-0.000000,2.429673,2.429673
526,2.630000,0.935489,53.599600,0.342427,0.000000,0.000000,2.432748,2.432748
527,2.635000,0.937202,53.697698,0.342427,-0.000000,-0.000000,2.435815,2.435815
528,2.640000,0.938914,53.795796,0.342427,0.000000,0.000000,2.438875,2.438875
529,2.645000,0.940626,53.893894,0.342427,-0.000000,-0.000000,2.441928,2.441928
530,2.650000,0.942338,53.991992,0.342427,0.000000,0.000000,2.444974,2.444974
531,2.655000,0.944050,54.090090,0.342427,-0.000000,-0.000000,2.448013,2.448013
532,2.660000,0.945762,54.188188,0.342427,-0.000000,-0.000000,2.451044,2.451044
533,2.665000,0.947474,54.286286,0.342427,0.000000,0.000000,2.454069,2.454069
534,2.670000,0.949187,54.384384,0.342427,-0.000000,-0.000000,2.457086,2.457086
535,2.675000,0.950899,54.482482,0.342427,0.000000,0.000000,2.460096,2.460096
536,2.680000,0.952611,54.580581,0.342427,0.000000,0.000000,2.463098,2.463098
537,2.685000,0.954323,54.678679,0.342427,-0.000000,-0.000000,2.466094,2.466094
538,2.690000,0.956035,54.776777,0.342427,0.000000,0.000000,2.469082,2.469082
539,2.695000,0.957747,54.874875,0.342427,-0.000000,-0.000000,2.472063,2.472063
540,2.700000,0.959459,54.972973,0.342427,-0.000000,-0.000000,2.475037,2.475037
541,2.705000,0.961172,55.071071,0.342427,0.000000,0.000000,2.478004,2.478004
542,2.710000,0.962884,55.169169,0.342427,0.000000,0.000000,2.480963,2.480963
543,2.715000,0.964596,55.267267,0.342427,-0.000000,-0.000000,2.483915,2.483915
544,2.720000,0.966308,55.365365,0.342427,0.000000,0.000000,2.486860,2.486860
545,2.725000,0.968020,55.463463,0.342427,-0.000000,-0.000000,2.489797,2.489797
546,2.730000,0.969732,55.561562,0.342427,-0.000000,-0.000000,2.492727,2.492727
547,2.735000,0.971444,55.659660,0.342427,-0.000000,-0.000000,2.495650,2.495650
548,2.740000,0.973156,55.757758,0.342427,0.000000,0.000000,2.498566,2.498566
549,2.745000,0.974869,55.855856,0.342427,-0.000000,-0.000000,2.501474,2.501474
550,2.750000,0.976581,55.953954,0.342427,0.000000,0.000000,2.504375,2.504375
551,2.755000,0.978293,56.052052,0.342427,-0.000000,-0.000000,2.507268,2.507268
552,2.760000,0.980005,56.150150,0.342427,0.000000,0.000000,2.510154,2.510154
553,2.765000,0.981717,56.248248,0.342427,0.000000,0.000000,2.513033,2.513033
554,2.770000,0.983429,56.346346,0.342427,-0.000000,-0.000000,2.515905,2.515905
555,2.775000,0.985141,56.444444,0.342427,-0.000000,-0.000000,2.518769,2.518769
556,2.780000,0.986854,56.542543,0.342427,0.000000,0.000000,2.521625,2.521625
557,2.785000,0.988566,56.640641,0.342427,-0.000000,-0.000000,2.524475,2.524475
558,2.790000,0.990278,56.738739,0.342427,0.000000,0.000000,2.527317,2.527317
559,2.795000,0.991990,56.836837,0.342427,-0.000000,-0.000000,2.530151,2.530151
560,2.800000,0.993702,56.934935,0.342427,0.000000,0.000000,2.532978,2.532978
561,2.805000,0.995414,57.033033,0.342427,-0.000000,-0.000000,2.535798,2.535798
562,2.810000,0.997126,57.131131,0.342427,0.000000,0.000000,2.538610,2.538610
563,2.815000,0.998838,57.229229,0.342427,0.000000,0.000000,2.541415,2.541415
564,2.820000,1.000551,57.327327,0.342427,0.000000,0.000000,2.544212,2.544212
565,2.825000,1.002263,57.425425,0.342427,-0.000000,-0.000000,2.547002,2.547002
566,2.830000,1.003975,57.523524,0.342427,0.000000,0.000000,2.549784,2.549784
567,2.835000,1.005687,57.621622,0.342427,-0.000000,-0.000000,2.552559,2.552559
568,2.840000,1.007399,57.719720,0.342427,0.000000,0.000000,2.555327,2.555327
569,2.845000,1.009111,57.817818,0.342427,0.000000,0.000000,2.558087,2.558087
570,2.850000,1.010823,57.915916,0.342427,-0.000000,-0.000000,2.560839,2.560839
571,2.855000,1.012536,58.014014,0.342427,0.000000,0.000000,2.563584,2.563584
572,2.860000,1.014248,58.112112,0.342427,-0.000000,-0.000000,2.566321,2.566321
573,2.865000,1.015960,58.210210,0.342427,0.000000,0.000000,2.569051,2.569051
574,2.870000,1.017672,58.308308,0.342427,-0.000000,-0.000000,2.571774,2.571774
575,2.875000,1.019384,58.406406,0.342427,-0.000000,-0.000000,2.574489,2.574489
576,2.880000,1.021096,58.504505,0.342427,0.000000,0.000000,2.577196,2.577196
577,2.885000,1.022808,58.602603,0.342427,-0.000000,-0.000000,2.579896,2.579896
578,2.890000,1.024521,58.700701,0.342427,0.000000,0.000000,2.582588,2.582588
579,2.895000,1.026233,58.798799,0.342427,-0.000000,-0.000000,2.585272,2.585272
580,2.900000,1.027945,58.896897,0.342427,0.000000,0.000000,2.587949,2.587949
581,2.905000,1.029657,58.994995,0.342427,-0.000000,-0.000000,2.590619,2.590619
582,2.910000,1.031369,59.093093,0.342427,0.000000,0.000000,2.593281,2.593281
583,2.915000,1.033081,59.191191,0.342427,0.000000,0.000000,2.595935,2.595935
584,2.920000,1.034793,59.289289,0.342427,-0.000000,-0.000000,2.598581,2.598581
585,2.925000,1.036505,59.387387,0.342427,0.000000,0.000000,2.601220,2.601220
586,2.930000,1.038218,59.485485,0.342427,-0.000000,-0.000000,2.603852,2.603852
587,2.935000,1.039930,59.583584,0.342427,0.000000,0.000000,2.606476,2.606476
588,2.940000,1.041642,59.681682,0.342427,-0.000000,-0.000000,2.609092,2.609092
589,2.945000,1.043354,59.779780,0.342427,0.000000,0.000000,2.611700,2.611700
590,2.950000,1.045066,59.877878,0.342427,-0.000000,-0.000000,2.614301,2.614301
591,2.955000,1.046778,59.975976,0.342427,-0.000000,-0.000000,2.616894,2.616894
592,2.960000,1.048490,60.074074,0.342427,0.000000,0.000000,2.619480,2.619480
593,2.965000,1.050203,60.172172,0.342427,-0.000000,-0.000000,2.622057,2.622057
594,2.970000,1.051915,60.270270,0.342427,-0.000000,-0.000000,2.624627,2.624627
595,2.975000,1.053627,60.368368,0.342427,0.000000,0.000000,2.627190,2.627190
596,2.980000,1.055339,60.466466,0.342427,0.000000,0.000000,2.629745,2.629745
597,2.985000,1.057051,60.564565,0.342427,-0.000000,-0.000000,2.632292,2.632292
598,2.990000,1.058763,60.662663,0.342427,0.000000,0.000000,2.634831,2.634831
599,2.995000,1.060475,60.760761,0.342427,-0.000000,-0.000000,2.637362,2.637362
600,3.000000,1.062187,60.858859,0.342427,0.000000,0.000000,2.639886,2.639886
601,3.005000,1.063900,60.956957,0.342427,-0.000000,-0.000000,2.642402,2.642402
602,3.010000,1.065612,61.055055,0.342427,0.000000,0.000000,2.644911,2.644911
603,3.015000,1.067324,61.153153,0.342427,-0.000000,-0.000000,2.647411,2.647411
604,3.020000,1.069036,61.251251,0.342427,-0.000000,-0.000000,2.649904,2.649904
605,3.025000,1.070748,61.349349,0.342427,0.000000,0.000000,2.652389,2.652389
606,3.030000,1.072460,61.447447,0.342427,-0.000000,-0.000000,2.654867,2.654867
607,3.035000,1.074172,61.545546,0.342427,0.000000,0.000000,2.657336,2.657336
608,3.040000,1.075885,61.643644,0.342427,-0.000000,-0.000000,2.659798,2.659798
609,3.045000,1.077597,61.741742,0.342427,-0.000000,-0.000000,2.662252,2.662252
610,3.050000,1.079309,61.839840,0.342427,0.000000,0.000000,2.664698,2.664698
611,3.055000,1.081021,61.937938,0.342427,-0.000000,-0.000000,2.667136,2.667136
612,3.060000,1.082733,62.036036,0.342427,0.000000,0.000000,2.669567,2.669567
613,3.065000,1.084445,62.134134,0.342427,-0.000000,-0.000000,2.671989,2.671989
614,3.070000,1.086157,62.232232,0.342427,-0.000000,-0.000000,2.674404,2.674404
615,3.075000,1.087869,62.330330,0.342427,-0.000000,-0.000000,2.676811,2.676811
616,3.080000,1.089582,62.428428,0.342427,0.000000,0.000000,2.679210,2.679210
617,3.085000,1.091294,62.526527,0.342427,0.000000,0.000000,2.681601,2.681601
618,3.090000,1.093006,62.624625,0.342427,-0.000000,-0.000000,2.683985,2.683985
619,3.095000,1.094718,62.722723,0.342427,-0.000000,-0.000000,2.686360,2.686360
620,3.100000,1.096430,62.820821,0.342427,-0.000000,-0.000000,2.688728,2.688728
621,3.105000,1.098142,62.918919,0.342427,-0.000000,-0.000000,2.691088,2.691088
622,3.110000,1.099854,63.017017,0.342427,0.000000,0.000000,2.693440,2.693440
623,3.115000,1.101567,63.115115,0.342427,0.000000,0.000000,2.695784,2.695784
624,3.120000,1.103279,63.213213,0.342427,0.000000,0.000000,2.698120,2.698120
625,3.125000,1.104991,63.311311,0.342427,-0.000000,-0.000000,2.700448,2.700448
626,3.130000,1.106703,63.409409,0.342427,-0.000000,-0.000000,2.702769,2.702769
627,3.135000,1.108415,63.507508,0.342427,0.000000,0.000000,2.705081,2.705081
628,3.140000,1.110127,63.605606,0.342427,-0.000000,-0.000000,2.707385,2.707385
629,3.145000,1.111839,63.703704,0.342427,0.000000,0.000000,2.709682,2.709682
630,3.150000,1.113552,63.801802,0.342427,-0.000000,-0.000000,2.711970,2.711970
631,3.155000,1.115264,63.899900,0.342427,-0.000000,-0.000000,2.714251,2.714251
632,3.160000,1.116976,63.997998,0.342427,0.000000,0.000000,2.716524,2.716524
633,3.165000,1.118688,64.096096,0.342427,-0.000000,-0.000000,2.718788,2.718788
634,3.170000,1.120400,64.194194,0.342427,0.000000,0.000000,2.721045,2.721045
635,3.175000,1.122112,64.292292,0.342427,-0.000000,-0.000000,2.723294,2.723294
636,3.180000,1.123824,64.390390,0.342427,0.000000,0.000000,2.725535,2.725535
637,3.185000,1.125536,64.488488,0.342427,-0.000000,-0.000000,2.727767,2.727767
638,3.190000,1.127249,64.586587,0.342427,-0.000000,-0.000000,2.729992,2.729992
639,3.195000,1.128961,64.684685,0.342427,0.000000,0.000000,2.732209,2.732209
640,3.200000,1.130673,64.782783,0.342427,0.000000,0.000000,2.734418,2.734418
641,3.205000,1.132385,64.880881,0.342427,0.000000,0.000000,2.736618,2.736618
642,3.210000,1.134097,64.978979,0.342427,0.000000,0.000000,2.738811,2.738811
643,3.215000,1.135809,65.077077,0.342427,-0.000000,-0.000000,2.740996,2.740996
644,3.220000,1.137521,65.175175,0.342427,-0.000000,-0.000000,2.743172,2.743172
645,3.225000,1.139234,65.273273,0.342427,0.000000,0.000000,2.745341,2.745341
646,3.230000,1.140946,65.371371,0.342427,0.000000,0.000000,2.747502,2.747502
647,3.235000,1.142658,65.469469,0.342427,-0.000000,-0.000000,2.749654,2.749654
648,3.240000,1.144370,65.567568,0.342427,-0.000000,-0.000000,2.751799,2.751799
649,3.245000,1.146082,65.665666,0.342427,0.000000,0.000000,2.753935,2.753935
650,3.250000,1.147794,65.763764,0.342427,-0.000000,-0.000000,2.756063,2.756063
651,3.255000,1.149506,65.861862,0.342427,-0.000000,-0.000000,2.758184,2.758184
652,3.260000,1.151218,65.959960,0.342427,0.000000,0.000000,2.760296,2.760296
653,3.265000,1.152931,66.058058,0.342427,0.000000,0.000000,2.762400,2.762400
654,3.270000,1.154643,66.156156,0.342427,-0.000000,-0.000000,2.764496,2.764496
655,3.275000,1.156355,66.254254,0.342427,-0.000000,-0.000000,2.766584,2.766584
656,3.280000,1.158067,66.352352,0.342427,0.000000,0.000000,2.768663,2.768663
657,3.285000,1.159779,66.450450,0.342427,-0.000000,-0.000000,2.770735,2.770735
658,3.290000,1.161491,66.548549,0.342427,0.000000,0.000000,2.772799,2.772799
659,3.295000,1.163203,66.646647,0.342427,0.000000,0.000000,2.774854,2.774854
660,3.300000,1.164916,66.744745,0.342427,-0.000000,-0.000000,2.776901,2.776901
661,3.305000,1.166628,66.842843,0.342427,-0.000000,-0.000000,2.778940,2.778940
662,3.310000,1.168340,66.940941,0.342427,0.000000,0.000000,2.780971,2.780971
663,3.315000,1.170052,67.039039,0.342427,-0.000000,-0.000000,2.782994,2.782994
664,3.320000,1.171764,67.137137,0.342427,0.000000,0.000000,2.785009,2.785009
665,3.325000,1.173476,67.235235,0.342427,-0.000000,-0.000000,2.787015,2.787015
666,3.330000,1.175188,67.333333,0.342427,-0.000000,-0.000000,2.789014,2.789014
667,3.335000,1.176900,67.431431,0.342427,-0.000000,-0.000000,2.791004,2.791004
668,3.340000,1.178613,67.529530,0.342427,0.000000,0.000000,2.792986,2.792986
669,3.345000,1.180325,67.627628,0.342427,-0.000000,-0.000000,2.794959,2.794959
670,3.350000,1.182037,67.725726,0.342427,0.000000,0.000000,2.796925,2.796925
671,3.355000,1.183749,67.823824,0.342427,0.000000,0.000000,2.798882,2.798882
672,3.360000,1.185461,67.921922,0.342427,-0.000000,-0.000000,2.800832,2.800832
673,3.365000,1.187173,68.020020,0.342427,-0.000000,-0.000000,2.802772,2.802772
674,3.370000,1.188885,68.118118,0.342427,0.000000,0.000000,2.804705,2.804705
675,3.375000,1.190598,68.216216,0.342427,-0.000000,-0.000000,2.806630,2.806630
676,3.380000,1.192310,68.314314,0.342427,0.000000,0.000000,2.808546,2.808546
677,3.385000,1.194022,68.412412,0.342427,-0.000000,-0.000000,2.810454,2.810454
678,3.390000,1.195734,68.510511,0.342427,-0.000000,-0.000000,2.812354,2.812354
679,3.395000,1.197446,68.608609,0.342427,0.000000,0.000000,2.814246,2.814246
680,3.400000,1.199158,68.706707,0.342427,-0.000000,-0.000000,2.816129,2.816129
681,3.405000,1.200870,68.804805,0.342427,0.000000,0.000000,2.818004,2.818004
682,3.410000,1.202583,68.902903,0.342427,-0.000000,-0.000000,2.819871,2.819871
683,3.415000,1.204295,69.001001,0.342427,0.000000,0.000000,2.821729,2.821729
684,3.420000,1.206007,69.099099,0.342427,0.000000,0.000000,2.823580,2.823580
685,3.425000,1.207719,69.197197,0.342427,-0.000000,-0.000000,2.825422,2.825422
686,3.430000,1.209431,69.295295,0.342427,-0.000000,-0.000000,2.827255,2.827255
687,3.435000,1.211143,69.393393,0.342427,0.000000,0.000000,2.829081,2.829081
688,3.440000,1.212855,69.491491,0.342427,0.000000,0.000000,2.830898,2.830898
689,3.445000,1.214567,69.589590,0.342427,-0.000000,-0.000000,2.832707,2.832707
690,3.450000,1.216280,69.687688,0.342427,-0.000000,-0.000000,2.834507,2.834507
691,3.455000,1.217992,69.785786,0.342427,0.000000,0.000000,2.836300,2.836300
692,3.460000,1.219704,69.883884,0.342427,0.000000,0.000000,2.838083,2.838083
693,3.465000,1.221416,69.981982,0.342427,-0.000000,-0.000000,2.839859,2.839859
694,3.470000,1.223128,70.080080,0.342427,0.000000,0.000000,2.841626,2.841626
695,3.475000,1.224840,70.178178,0.342427,0.000000,0.000000,2.843385,2.843385
696,3.480000,1.226552,70.276276,0.342427,-0.000000,-0.000000,2.845136,2.845136
697,3.485000,1.228265,70.374374,0.342427,-0.000000,-0.000000,2.846878,2.846878
698,3.490000,1.229977,70.472472,0.342427,0.000000,0.000000,2.848612,2.848612
699,3.495000,1.231689,70.570571,0.342427,0.000000,0.000000,2.850338,2.850338
700,3.500000,1.233401,70.668669,0.342427,-0.000000,-0.000000,2.852055,2.852055
701,3.505000,1.235113,70.766767,0.342427,0.000000,0.000000,2.853764,2.853764
702,3.510000,1.236825,70.864865,0.342427,-0.000000,-0.000000,2.855464,2.855464
703,3.515000,1.238537,70.962963,0.342427,-0.000000,-0.000000,2.857156,2.857156
704,3.520000,1.240249,71.061061,0.342427,0.000000,0.000000,2.858840,2.858840
705,3.525000,1.241962,71.159159,0.342427,0.000000,0.000000,2.860515,2.860515
706,3.530000,1.243674,71.257257,0.342427,0.000000,0.000000,2.862182,2.862182
707,3.535000,1.245386,71.355355,0.342427,-0.000000,-0.000000,2.863841,2.863841
708,3.540000,1.247098,71.453453,0.342427,0.000000,0.000000,2.865491,2.865491
709,3.545000,1.248810,71.551552,0.342427,-0.000000,-0.000000,2.867133,2.867133
710,3.550000,1.250522,71.649650,0.342427,-0.000000,-0.000000,2.868766,2.868766
711,3.555000,1.252234,71.747748,0.342427,0.000000,0.000000,2.870391,2.870391
712,3.560000,1.253947,71.845846,0.342427,-0.000000,-0.000000,2.872008,2.872008
713,3.565000,1.255659,71.943944,0.342427,-0.000000,-0.000000,2.873616,2.873616
714,3.570000,1.257371,72.042042,0.342427,-0.000000,-0.000000,2.875216,2.875216
715,3.575000,1.259083,72.140140,0.342427,0.000000,0.000000,2.876807,2.876807
716,3.580000,1.260795,72.238238,0.342427,0.000000,0.000000,2.878390,2.878390
717,3.585000,1.262507,72.336336,0.342427,-0.000000,-0.000000,2.879964,2.879964
718,3.590000,1.264219,72.434434,0.342427,0.000000,0.000000,2.881530,2.881530
719,3.595000,1.265932,72.532533,0.342427,0.000000,0.000000,2.883088,2.883088
720,3.600000,1.267644,72.630631,0.342427,-0.000000,-0.000000,2.884637,2.884637
721,3.605000,1.269356,72.728729,0.342427,-0.000000,-0.000000,2.886178,2.886178
722,3.610000,1.271068,72.826827,0.342427,-0.000000,-0.000000,2.887710,2.887710
723,3.615000,1.272780,72.924925,0.342427,0.000000,0.000000,2.889233,2.889233
724,3.620000,1.274492,73.023023,0.342427,0.000000,0.000000,2.890749,2.890749
725,3.625000,1.276204,73.121121,0.342427,-0.000000,-0.000000,2.892255,2.892255
726,3.630000,1.277916,73.219219,0.342427,-0.000000,-0.000000,2.893754,2.893754
727,3.635000,1.279629,73.317317,0.342427,-0.000000,-0.000000,2.895244,2.895244
728,3.640000,1.281341,73.415415,0.342427,0.000000,0.000000,2.896725,2.896725
729,3.645000,1.283053,73.513514,0.342427,-0.000000,-0.000000,2.898198,2.898198
730,3.650000,1.284765,73.611612,0.342427,-0.000000,-0.000000,2.899662,2.899662
731,3.655000,1.286477,73.709710,0.342427,-0.000000,-0.000000,2.901118,2.901118
732,3.660000,1.288189,73.807808,0.342427,0.000000,0.000000,2.902565,2.902565
733,3.665000,1.289901,73.905906,0.342427,-0.000000,-0.000000,2.904004,2.904004
734,3.670000,1.291614,74.004004,0.342427,0.000000,0.000000,2.905434,2.905434
735,3.675000,1.293326,74.102102,0.342427,0.000000,0.000000,2.906856,2.906856
736,3.680000,1.295038,74.200200,0.342427,0.000000,0.000000,2.908269,2.908269
737,3.685000,1.296750,74.298298,0.342427,-0.000000,-0.000000,2.909674,2.909674
738,3.690000,1.298462,74.396396,0.342427,-0.000000,-0.000000,2.911070,2.911070
739,3.695000,1.300174,74.494494,0.342427,-0.000000,-0.000000,2.912458,2.912458
740,3.700000,1.301886,74.592593,0.342427,0.000000,0.000000,2.913837,2.913837
741,3.705000,1.303598,74.690691,0.342427,-0.000000,-0.000000,2.915208,2.915208
742,3.710000,1.305311,74.788789,0.342427,-0.000000,-0.000000,2.916570,2.916570
743,3.715000,1.307023,74.886887,0.342427,-0.000000,-0.000000,2.917923,2.917923
744,3.720000,1.308735,74.984985,0.342427,0.000000,0.000000,2.919268,2.919268
745,3.725000,1.310447,75.083083,0.342427,-0.000000,-0.000000,2.920604,2.920604
746,3.730000,1.312159,75.181181,0.342427,0.000000,0.000000,2.921932,2.921932
747,3.735000,1.313871,75.279279,0.342427,-0.000000,-0.000000,2.923251,2.923251
748,3.740000,1.315583,75.377377,0.342427,0.000000,0.000000,2.924562,2.924562
749,3.745000,1.317296,75.475475,0.342427,-0.000000,-0.000000,2.925864,2.925864
750,3.750000,1.319008,75.573574,0.342427,0.000000,0.000000,2.927158,2.927158
751,3.755000,1.320720,75.671672,0.342427,-0.000000,-0.000000,2.928443,2.928443
752,3.760000,1.322432,75.769770,0.342427,0.000000,0.000000,2.929719,2.929719
753,3.765000,1.324144,75.867868,0.342427,-0.000000,-0.000000,2.930987,2.930987
754,3.770000,1.325856,75.965966,0.342427,0.000000,0.000000,2.932246,2.932246
755,3.775000,1.327568,76.064064,0.342427,0.000000,0.000000,2.933497,2.933497
756,3.780000,1.329280,76.162162,0.342427,-0.000000,-0.000000,2.934739,2.934739
757,3.785000,1.330993,76.260260,0.342427,0.000000,0.000000,2.935972,2.935972
758,3.790000,1.332705,76.358358,0.342427,0.000000,0.000000,2.937197,2.937197
759,3.795000,1.334417,76.456456,0.342427,0.000000,0.000000,2.938413,2.938413
760,3.800000,1.336129,76.554555,0.342427,-0.000000,-0.000000,2.939621,2.939621
761,3.805000,1.337841,76.652653,0.342427,-0.000000,-0.000000,2.940820,2.940820
762,3.810000,1.339553,76.750751,0.342427,-0.000000,-0.000000,2.942010,2.942010
763,3.815000,1.341265,76.848849,0.342427,0.000000,0.000000,2.943192,2.943192
764,3.820000,1.342978,76.946947,0.342427,0.000000,0.000000,2.944365,2.944365
765,3.825000,1.344690,77.045045,0.342427,-0.000000,-0.000000,2.945529,2.945529
766,3.830000,1.346402,77.143143,0.342427,-0.000000,-0.000000,2.946685,2.946685
767,3.835000,1.348114,77.241241,0.342427,-0.000000,-0.000000,2.947832,2.947832
768,3.840000,1.349826,77.339339,0.342427,0.000000,0.000000,2.948971,2.948971
769,3.845000,1.351538,77.437437,0.342427,-0.000000,-0.000000,2.950101,2.950101
770,3.850000,1.353250,77.535536,0.342427,0.000000,0.000000,2.951222,2.951222
771,3.855000,1.354963,77.633634,0.342427,-0.000000,-0.000000,2.952334,2.952334
772,3.860000,1.356675,77.731732,0.342427,0.000000,0.000000,2.953438,2.953438
773,3.865000,1.358387,77.829830,0.342427,-0.000000,-0.000000,2.954534,2.954534
774,3.870000,1.360099,77.927928,0.342427,0.000000,0.000000,2.955620,2.955620
775,3.875000,1.361811,78.026026,0.342427,0.000000,0.000000,2.956698,2.956698
776,3.880000,1.363523,78.124124,0.342427,-0.000000,-0.000000,2.957767,2.957767
777,3.885000,1.365235,78.222222,0.342427,-0.000000,-0.000000,2.958828,2.958828
778,3.890000,1.366947,78.320320,0.342427,-0.000000,-0.000000,2.959880,2.959880
779,3.895000,1.368660,78.418418,0.342427,0.000000,0.000000,2.960923,2.960923
780,3.900000,1.370372,78.516517,0.342427,0.000000,0.000000,2.961958,2.961958
781,3.905000,1.372084,78.614615,0.342427,-0.000000,-0.000000,2.962984,2.962984
782,3.910000,1.373796,78.712713,0.342427,0.000000,0.000000,2.964001,2.964001
783,3.915000,1.375508,78.810811,0.342427,-0.000000,-0.000000,2.965009,2.965009
784,3.920000,1.377220,78.908909,0.342427,0.000000,0.000000,2.966009,2.966009
785,3.925000,1.378932,79.007007,0.342427,-0.000000,-0.000000,2.967000,2.967000
786,3.930000,1.380645,79.105105,0.342427,0.000000,0.000000,2.967983,2.967983
787,3.935000,1.382357,79.203203,0.342427,0.000000,0.000000,2.968957,2.968957
788,3.940000,1.384069,79.301301,0.342427,0.000000,0.000000,2.969922,2.969922
789,3.945000,1.385781,79.399399,0.342427,-0.000000,-0.000000,2.970878,2.970878
790,3.950000,1.387493,79.497497,0.342427,0.000000,0.000000,2.971826,2.971826
791,3.955000,1.389205,79.595596,0.342427,-0.000000,-0.000000,2.972764,2.972764
792,3.960000,1.390917,79.693694,0.342427,0.000000,0.000000,2.973695,2.973695
793,3.965000,1.392629,79.791792,0.342427,-0.000000,-0.000000,2.974616,2.974616
794,3.970000,1.394342,79.889890,0.342427,0.000000,0.000000,2.975529,2.975529
795,3.975000,1.396054,79.987988,0.342427,-0.000000,-0.000000,2.976433,2.976433
796,3.980000,1.397766,80.086086,0.342427,-0.000000,-0.000000,2.977328,2.977328
797,3.985000,1.399478,80.184184,0.342427,-0.000000,-0.000000,2.978215,2.978215
798,3.990000,1.401190,80.282282,0.342427,0.000000,0.000000,2.979093,2.979093
799,3.995000,1.402902,80.380380,0.342427,0.000000,0.000000,2.979962,2.979962
800,4.000000,1.404614,80.478478,0.342427,-0.000000,-0.000000,2.980822,2.980822
801,4.005000,1.406327,80.576577,0.342427,-0.000000,-0.000000,2.981674,2.981674
802,4.010000,1.408039,80.674675,0.342427,0.000000,0.000000,2.982517,2.982517
803,4.015000,1.409751,80.772773,0.342427,0.000000,0.000000,2.983351,2.983351
804,4.020000,1.411463,80.870871,0.342427,0.000000,0.000000,2.984176,2.984176
805,4.025000,1.413175,80.968969,0.342427,0.000000,0.000000,2.984993,2.984993
806,4.030000,1.414887,81.067067,0.342427,-0.000000,-0.000000,2.985801,2.985801
807,4.035000,1.416599,81.165165,0.342427,-0.000000,-0.000000,2.986600,2.986600
808,4.040000,1.418312,81.263263,0.342427,0.000000,0.000000,2.987390,2.987390
809,4.045000,1.420024,81.361361,0.342427,0.000000,0.000000,2.988172,2.988172
810,4.050000,1.421736,81.459459,0.342427,-0.000000,-0.000000,2.988945,2.988945
811,4.055000,1.423448,81.557558,0.342427,0.000000,0.000000,2.989709,2.989709
812,4.060000,1.425160,81.655656,0.342427,0.000000,0.000000,2.990465,2.990465
813,4.065000,1.426872,81.753754,0.342427,-0.000000,-0.000000,2.991211,2.991211
814,4.070000,1.428584,81.851852,0.342427,0.000000,0.000000,2.991949,2.991949
815,4.075000,1.430296,81.949950,0.342427,-0.000000,-0.000000,2.992678,2.992678
816,4.080000,1.432009,82.048048,0.342427,0.000000,0.000000,2.993398,2.993398
817,4.085000,1.433721,82.146146,0.342427,0.000000,0.000000,2.994110,2.994110
818,4.090000,1.435433,82.244244,0.342427,-0.000000,-0.000000,2.994813,2.994813
819,4.095000,1.437145,82.342342,0.342427,0.000000,0.000000,2.995507,2.995507
820,4.100000,1.438857,82.440440,0.342427,-0.000000,-0.000000,2.996192,2.996192
821,4.105000,1.440569,82.538539,0.342427,-0.000000,-0.000000,2.996868,2.996868
822,4.110000,1.442281,82.636637,0.342427,0.000000,0.000000,2.997536,2.997536
823,4.115000,1.443994,82.734735,0.342427,-0.000000,-0.000000,2.998195,2.998195
824,4.120000,1.445706,82.832833,0.342427,0.000000,0.000000,2.998845,2.998845
825,4.125000,1.447418,82.930931,0.342427,-0.000000,-0.000000,2.999486,2.999486
826,4.130000,1.449130,83.029029,0.342427,-0.000000,-0.000000,3.000118,3.000118
827,4.135000,1.450842,83.127127,0.342427,0.000000,0.000000,3.000742,3.000742
828,4.140000,1.452554,83.225225,0.342427,0.000000,0.000000,3.001357,3.001357
829,4.145000,1.454266,83.323323,0.342427,0.000000,0.000000,3.001963,3.001963
830,4.150000,1.455978,83.421421,0.342427,-0.000000,-0.000000,3.002560,3.002560
831,4.155000,1.457691,83.519520,0.342427,-0.000000,-0.000000,3.003149,3.003149
832,4.160000,1.459403,83.617618,0.342427,0.000000,0.000000,3.003728,3.003728
833,4.165000,1.461115,83.715716,0.342427,-0.000000,-0.000000,3.004299,3.004299
834,4.170000,1.462827,83.813814,0.342427,0.000000,0.000000,3.004861,3.004861
835,4.175000,1.464539,83.911912,0.342427,-0.000000,-0.000000,3.005414,3.005414
836,4.180000,1.466251,84.010010,0.342427,-0.000000,-0.000000,3.005959,3.005959
837,4.185000,1.467963,84.108108,0.342427,0.000000,0.000000,3.006494,3.006494
838,4.190000,1.469676,84.206206,0.342427,-0.000000,-0.000000,3.007021,3.007021
839,4.195000,1.471388,84.304304,0.342427,0.000000,0.000000,3.007539,3.007539
840,4.200000,1.473100,84.402402,0.342427,0.000000,0.000000,3.008048,3.008048
841,4.205000,1.474812,84.500501,0.342427,0.000000,0.000000,3.008549,3.008549
842,4.210000,1.476524,84.598599,0.342427,-0.000000,-0.000000,3.009040,3.009040
843,4.215000,1.478236,84.696697,0.342427,0.000000,0.000000,3.009523,3.009523
844,4.220000,1.479948,84.794795,0.342427,-0.000000,-0.000000,3.009997,3.009997
845,4.225000,1.481660,84.892893,0.342427,-0.000000,-0.000000,3.010462,3.010462
846,4.230000,1.483373,84.990991,0.342427,0.000000,0.000000,3.010918,3.010918
847,4.235000,1.485085,85.089089,0.342427,-0.000000,-0.000000,3.011366,3.011366
848,4.240000,1.486797,85.187187,0.342427,0.000000,0.000000,3.011804,3.011804
849,4.245000,1.488509,85.285285,0.342427,-0.000000,-0.000000,3.012234,3.012234
850,4.250000,1.490221,85.383383,0.342427,-0.000000,-0.000000,3.012655,3.012655
851,4.255000,1.491933,85.481481,0.342427,0.000000,0.000000,3.013067,3.013067
852,4.260000,1.493645,85.579580,0.342427,0.000000,0.000000,3.013470,3.013470
853,4.265000,1.495358,85.677678,0.342427,-0.000000,-0.000000,3.013865,3.013865
854,4.270000,1.497070,85.775776,0.342427,-0.000000,-0.000000,3.014250,3.014250
855,4.275000,1.498782,85.873874,0.342427,-0.000000,-0.000000,3.014627,3.014627
856,4.280000,1.500494,85.971972,0.342427,0.000000,0.000000,3.014995,3.014995
857,4.285000,1.502206,86.070070,0.342427,-0.000000,-0.000000,3.015354,3.015354
858,4.290000,1.503918,86.168168,0.342427,0.000000,0.000000,3.015704,3.015704
859,4.295000,1.505630,86.266266,0.342427,-0.000000,-0.000000,3.016046,3.016046
860,4.300000,1.507343,86.364364,0.342427,0.000000,0.000000,3.016378,3.016378
861,4.305000,1.509055,86.462462,0.342427,-0.000000,-0.000000,3.016702,3.016702
862,4.310000,1.510767,86.560561,0.342427,-0.000000,-0.000000,3.017017,3.017017
863,4.315000,1.512479,86.658659,0.342427,0.000000,0.000000,3.017323,3.017323
864,4.320000,1.514191,86.756757,0.342427,0.000000,0.000000,3.017620,3.017620
865,4.325000,1.515903,86.854855,0.342427,-0.000000,-0.000000,3.017908,3.017908
866,4.330000,1.517615,86.952953,0.342427,-0.000000,-0.000000,3.018188,3.018188
867,4.335000,1.519327,87.051051,0.342427,-0.000000,-0.000000,3.018459,3.018459
868,4.340000,1.521040,87.149149,0.342427,0.000000,0.000000,3.018720,3.018720
869,4.345000,1.522752,87.247247,0.342427,-0.000000,-0.000000,3.018973,3.018973
870,4.350000,1.524464,87.345345,0.342427,0.000000,0.000000,3.019217,3.019217
871,4.355000,1.526176,87.443443,0.342427,-0.000000,-0.000000,3.019453,3.019453
872,4.360000,1.527888,87.541542,0.342427,0.000000,0.000000,3.019679,3.019679
873,4.365000,1.529600,87.639640,0.342427,-0.000000,-0.000000,3.019897,3.019897
874,4.370000,1.531312,87.737738,0.342427,-0.000000,-0.000000,3.020105,3.020105
875,4.375000,1.533025,87.835836,0.342427,0.000000,0.000000,3.020305,3.020305
876,4.380000,1.534737,87.933934,0.342427,0.000000,0.000000,3.020496,3.020496
877,4.385000,1.536449,88.032032,0.342427,-0.000000,-0.000000,3.020678,3.020678
878,4.390000,1.538161,88.130130,0.342427,0.000000,0.000000,3.020852,3.020852
879,4.395000,1.539873,88.228228,0.342427,-0.000000,-0.000000,3.021016,3.021016
880,4.400000,1.541585,88.326326,0.342427,0.000000,0.000000,3.021172,3.021172
881,4.405000,1.543297,88.424424,0.342427,-0.000000,-0.000000,3.021318,3.021318
882,4.410000,1.545009,88.522523,0.342427,-0.000000,-0.000000,3.021456,3.021456
883,4.415000,1.546722,88.620621,0.342427,0.000000,0.000000,3.021585,3.021585
884,4.420000,1.548434,88.718719,0.342427,-0.000000,-0.000000,3.021705,3.021705
885,4.425000,1.550146,88.816817,0.342427,-0.000000,-0.000000,3.021817,3.021817
886,4.430000,1.551858,88.914915,0.342427,-0.000000,-0.000000,3.021919,3.021919
887,4.435000,1.553570,89.013013,0.342427,0.000000,0.000000,3.022013,3.022013
888,4.440000,1.555282,89.111111,0.342427,-0.000000,-0.000000,3.022097,3.022097
889,4.445000,1.556994,89.209209,0.342427,0.000000,0.000000,3.022173,3.022173
890,4.450000,1.558707,89.307307,0.342427,-0.000000,-0.000000,3.022240,3.022240
891,4.455000,1.560419,89.405405,0.342427,-0.000000,-0.000000,3.022298,3.022298
892,4.460000,1.562131,89.503504,0.342427,0.000000,0.000000,3.022348,3.022348
893,4.465000,1.563843,89.601602,0.342427,0.000000,0.000000,3.022388,3.022388
894,4.470000,1.565555,89.699700,0.342427,-0.000000,-0.000000,3.022419,3.022419
895,4.475000,1.567267,89.797798,0.342427,-0.000000,-0.000000,3.022442,3.022442
896,4.480000,1.568979,89.895896,0.342427,0.000000,0.000000,3.022456,3.022456
897,4.485000,1.570692,89.993994,0.342427,-0.000000,-0.000000,3.022461,3.022461
898,4.490000,1.572404,90.092092,0.342427,0.000000,0.000000,3.022457,3.022457
899,4.495000,1.574116,90.190190,0.342427,-0.000000,-0.000000,3.022444,3.022444
900,4.500000,1.575828,90.288288,0.342427,0.000000,0.000000,3.022423,3.022423
901,4.505000,1.577540,90.386386,0.342427,-0.000000,-0.000000,3.022392,3.022392
902,4.510000,1.579252,90.484484,0.342427,-0.000000,-0.000000,3.022353,3.022353
903,4.515000,1.580964,90.582583,0.342427,0.000000,0.000000,3.022305,3.022305
904,4.520000,1.582676,90.680681,0.342427,0.000000,0.000000,3.022248,3.022248
905,4.525000,1.584389,90.778779,0.342427,-0.000000,-0.000000,3.022182,3.022182
906,4.530000,1.586101,90.876877,0.342427,0.000000,0.000000,3.022107,3.022107
907,4.535000,1.587813,90.974975,0.342427,0.000000,0.000000,3.022023,3.022023
908,4.540000,1.589525,91.073073,0.342427,-0.000000,-0.000000,3.021931,3.021931
909,4.545000,1.591237,91.171171,0.342427,0.000000,0.000000,3.021830,3.021830
910,4.550000,1.592949,91.269269,0.342427,0.000000,0.000000,3.021719,3.021719
911,4.555000,1.594661,91.367367,0.342427,0.000000,0.000000,3.021600,3.021600
912,4.560000,1.596374,91.465465,0.342427,-0.000000,-0.000000,3.021472,3.021472
913,4.565000,1.598086,91.563564,0.342427,0.000000,0.000000,3.021336,3.021336
914,4.570000,1.599798,91.661662,0.342427,-0.000000,-0.000000,3.021190,3.021190
915,4.575000,1.601510,91.759760,0.342427,0.000000,0.000000,3.021036,3.021036
916,4.580000,1.603222,91.857858,0.342427,0.000000,0.000000,3.020872,3.020872
917,4.585000,1.604934,91.955956,0.342427,-0.000000,-0.000000,3.020700,3.020700
918,4.590000,1.606646,92.054054,0.342427,-0.000000,-0.000000,3.020519,3.020519
919,4.595000,1.608358,92.152152,0.342427,0.000000,0.000000,3.020329,3.020329
920,4.600000,1.610071,92.250250,0.342427,-0.000000,-0.000000,3.020130,3.020130
921,4.605000,1.611783,92.348348,0.342427,0.000000,0.000000,3.019923,3.019923
922,4.610000,1.613495,92.446446,0.342427,0.000000,0.000000,3.019706,3.019706
923,4.615000,1.615207,92.544545,0.342427,-0.000000,-0.000000,3.019481,3.019481
924,4.620000,1.616919,92.642643,0.342427,0.000000,0.000000,3.019247,3.019247
925,4.625000,1.618631,92.740741,0.342427,-0.000000,-0.000000,3.019004,3.019004
926,4.630000,1.620343,92.838839,0.342427,-0.000000,-0.000000,3.018752,3.018752
927,4.635000,1.622056,92.936937,0.342427,0.000000,0.000000,3.018491,3.018491
928,4.640000,1.623768,93.035035,0.342427,0.000000,0.000000,3.018222,3.018222
929,4.645000,1.625480,93.133133,0.342427,-0.000000,-0.000000,3.017943,3.017943
930,4.650000,1.627192,93.231231,0.342427,0.000000,0.000000,3.017656,3.017656
931,4.655000,1.628904,93.329329,0.342427,-0.000000,-0.000000,3.017360,3.017360
932,4.660000,1.630616,93.427427,0.342427,0.000000,0.000000,3.017055,3.017055
933,4.665000,1.632328,93.525526,0.342427,0.000000,0.000000,3.016741,3.016741
934,4.670000,1.634040,93.623624,0.342427,0.000000,0.000000,3.016418,3.016418
935,4.675000,1.635753,93.721722,0.342427,-0.000000,-0.000000,3.016087,3.016087
936,4.680000,1.637465,93.819820,0.342427,0.000000,0.000000,3.015747,3.015747
937,4.685000,1.639177,93.917918,0.342427,0.000000,0.000000,3.015397,3.015397
938,4.690000,1.640889,94.016016,0.342427,-0.000000,-0.000000,3.015039,3.015039
939,4.695000,1.642601,94.114114,0.342427,-0.000000,-0.000000,3.014673,3.014673
940,4.700000,1.644313,94.212212,0.342427,0.000000,0.000000,3.014297,3.014297
941,4.705000,1.646025,94.310310,0.342427,-0.000000,-0.000000,3.013912,3.013912
942,4.710000,1.647738,94.408408,0.342427,0.000000,0.000000,3.013519,3.013519
943,4.715000,1.649450,94.506507,0.342427,-0.000000,-0.000000,3.013117,3.013117
944,4.720000,1.651162,94.604605,0.342427,-0.000000,-0.000000,3.012706,3.012706
945,4.725000,1.652874,94.702703,0.342427,0.000000,0.000000,3.012286,3.012286
946,4.730000,1.654586,94.800801,0.342427,0.000000,0.000000,3.011857,3.011857
947,4.735000,1.656298,94.898899,0.342427,-0.000000,-0.000000,3.011420,3.011420
948,4.740000,1.658010,94.996997,0.342427,0.000000,0.000000,3.010973,3.010973
949,4.745000,1.659723,95.095095,0.342427,-0.000000,-0.000000,3.010518,3.010518
950,4.750000,1.661435,95.193193,0.342427,0.000000,0.000000,3.010054,3.010054
951,4.755000,1.663147,95.291291,0.342427,-0.000000,-0.000000,3.009581,3.009581
952,4.760000,1.664859,95.389389,0.342427,0.000000,0.000000,3.009100,3.009100
953,4.765000,1.666571,95.487487,0.342427,-0.000000,-0.000000,3.008609,3.008609
954,4.770000,1.668283,95.585586,0.342427,-0.000000,-0.000000,3.008110,3.008110
955,4.775000,1.669995,95.683684,0.342427,0.000000,0.000000,3.007602,3.007602
956,4.780000,1.671707,95.781782,0.342427,0.000000,0.000000,3.007085,3.007085
957,4.785000,1.673420,95.879880,0.342427,0.000000,0.000000,3.006559,3.006559
958,4.790000,1.675132,95.977978,0.342427,0.000000,0.000000,3.006025,3.006025
959,4.795000,1.676844,96.076076,0.342427,-0.000000,-0.000000,3.005482,3.005482
960,4.800000,1.678556,96.174174,0.342427,-0.000000,-0.000000,3.004929,3.004929
961,4.805000,1.680268,96.272272,0.342427,-0.000000,-0.000000,3.004368,3.004368
962,4.810000,1.681980,96.370370,0.342427,0.000000,0.000000,3.003799,3.003799
963,4.815000,1.683692,96.468468,0.342427,0.000000,0.000000,3.003220,3.003220
964,4.820000,1.685405,96.566567,0.342427,0.000000,0.000000,3.002633,3.002633
965,4.825000,1.687117,96.664665,0.342427,-0.000000,-0.000000,3.002036,3.002036
966,4.830000,1.688829,96.762763,0.342427,-0.000000,-0.000000,3.001431,3.001431
967,4.835000,1.690541,96.860861,0.342427,0.000000,0.000000,3.000818,3.000818
968,4.840000,1.692253,96.958959,0.342427,-0.000000,-0.000000,3.000195,3.000195
969,4.845000,1.693965,97.057057,0.342427,0.000000,0.000000,2.999564,2.999564
970,4.850000,1.695677,97.155155,0.342427,0.000000,0.000000,2.998924,2.998924
971,4.855000,1.697389,97.253253,0.342427,-0.000000,-0.000000,2.998275,2.998275
972,4.860000,1.699102,97.351351,0.342427,-0.000000,-0.000000,2.997617,2.997617
973,4.865000,1.700814,97.449449,0.342427,0.000000,0.000000,2.996950,2.996950
974,4.870000,1.702526,97.547548,0.342427,-0.000000,-0.000000,2.996275,2.996275
975,4.875000,1.704238,97.645646,0.342427,0.000000,0.000000,2.995591,2.995591
976,4.880000,1.705950,97.743744,0.342427,0.000000,0.000000,2.994898,2.994898
977,4.885000,1.707662,97.841842,0.342427,-0.000000,-0.000000,2.994196,2.994196
978,4.890000,1.709374,97.939940,0.342427,-0.000000,-0.000000,2.993486,2.993486
979,4.895000,1.711087,98.038038,0.342427,0.000000,0.000000,2.992767,2.992767
980,4.900000,1.712799,98.136136,0.342427,0.000000,0.000000,2.992039,2.992039
981,4.905000,1.714511,98.234234,0.342427,0.000000,0.000000,2.991302,2.991302
982,4.910000,1.716223,98.332332,0.342427,0.000000,0.000000,2.990556,2.990556
983,4.915000,1.717935,98.430430,0.342427,-0.000000,-0.000000,2.989802,2.989802
984,4.920000,1.719647,98.528529,0.342427,0.000000,0.000000,2.989039,2.989039
985,4.925000,1.721359,98.626627,0.342427,-0.000000,-0.000000,2.988267,2.988267
986,4.930000,1.723071,98.724725,0.342427,0.000000,0.000000,2.987487,2.987487
987,4.935000,1.724784,98.822823,0.342427,-0.000000,-0.000000,2.986697,2.986697
988,4.940000,1.726496,98.920921,0.342427,0.000000,0.000000,2.985899,2.985899
989,4.945000,1.728208,99.019019,0.342427,-0.000000,-0.000000,2.985092,2.985092
990,4.950000,1.729920,99.117117,0.342427,0.000000,0.000000,2.984277,2.984277
991,4.955000,1.731632,99.215215,0.342427,0.000000,0.000000,2.983452,2.983452
992,4.960000,1.733344,99.313313,0.342427,-0.000000,-0.000000,2.982619,2.982619
993,4.965000,1.735056,99.411411,0.342427,0.000000,0.000000,2.981778,2.981778
994,4.970000,1.736769,99.509510,0.342427,-0.000000,-0.000000,2.980927,2.980927
995,4.975000,1.738481,99.607608,0.342427,-0.000000,-0.000000,2.980068,2.980068
996,4.980000,1.740193,99.705706,0.342427,0.000000,0.000000,2.979200,2.979200
997,4.985000,1.741905,99.803804,0.342427,-0.000000,-0.000000,2.978323,2.978323
998,4.990000,1.743617,99.901902,0.000000,0.000000,0.000000,2.977437,2.977437
999,4.995000,1.745329,100.000000,0.000000,0.000000,0.000000,2.976543,2.976543
