time_s,qd_rad,tau_Nm
0.0,0.5751400106612711,1.6440745558547134
0.005,0.5747001370453452,1.6429587911997683
0.01,0.5742602634294193,1.6418427086507066
0.015,0.5738203898134934,1.6407263084234778
0.02,0.5733805161975676,1.6396095907340928
0.025,0.5729406425816417,1.6384925557986243
0.03,0.5725007689657158,1.6373737081055209
0.035,0.5720608953497899,1.63625379573482
0.04,0.571621021733864,1.6351336066526925
0.045,0.5711811481179381,1.6340137094519753
0.05,0.5707412745020123,1.6328944533521748
0.055,0.5701486229868551,1.631387263671294
0.06,0.5695406936817747,1.629841610826271
0.065,0.5689327643766944,1.6282960436600116
0.07,0.5683248350716141,1.6267500342540642
0.075,0.5677169057665338,1.6252028353168044
0.08,0.5671089764614534,1.6236530698824707
0.085,0.5665010471563732,1.6221022995103374
0.09,0.5658931178512928,1.6205509205266369
0.095,0.5652851885462125,1.6189991128211945
0.1,0.5646772592411321,1.6174469894201948
0.105,0.5640274206230594,1.6157875485783162
0.11,0.5633682688243218,1.614103933786925
0.115,0.562709117025584,1.6124198365242486
0.12,0.5620499652268464,1.6107351025196825
0.125,0.5613908134281087,1.6090495106390654
0.13,0.5607316616293709,1.6073629272040242
0.135,0.5600725098306333,1.6056756738197726
0.14,0.5594133580318956,1.6039877356599546
0.145,0.5587542062331579,1.6022990350124047
0.15,0.5580950544344202,1.6006095224571413
0.155,0.5574516652544863,1.5989596062676352
0.16,0.5568141870566039,1.5973240640192619
0.165,0.5561767088587214,1.5956877762035815
0.17,0.555539230660839,1.5940508064991745
0.17500000000000002,0.5549017524629565,1.5924132468767622
0.18,0.5542642742650741,1.5907753429369966
0.185,0.5536267960671916,1.5891369721669417
0.19,0.552989317869309,1.5874979758988206
0.195,0.5523518396714266,1.5858582795961231
0.2,0.5517143614735441,1.5842178349838514
0.20500000000000002,0.5510896856352318,1.5826095862426197
0.21,0.5504723254309594,1.5810194419230863
0.215,0.549854965226687,1.5794286019161423
0.22,0.5492376050224145,1.577837122931601
0.225,0.5486202448181421,1.5762450879407566
0.23,0.5480028846138697,1.5746523751668455
0.23500000000000001,0.5473855244095973,1.5730588489497326
0.24,0.5467681642053248,1.5714646615841943
0.245,0.5461508040010524,1.5698699805178302
0.25,0.54553344379678,1.5682749167294698
0.255,0.5448924876184024,1.566618535298217
0.26,0.5442318681282704,1.564910932278761
0.265,0.5435712486381383,1.5632028542116718
0.27,0.5429106291480064,1.5614941863378302
0.275,0.5422500096578743,1.5597847574294166
0.28,0.5415893901677423,1.5580737807762137
0.28500000000000003,0.5409287706776102,1.5563610372213124
0.29,0.5402681511874783,1.5546473833824193
0.295,0.5396075316973462,1.5529333193922377
0.3,0.5389469122072142,1.5512191814064178
0.305,0.5382291934608333,1.5493569636381028
0.31,0.5374429556069538,1.547316834010943
0.315,0.5366567177530743,1.5452763739711592
0.32,0.5358704798991948,1.5432352642797627
0.325,0.5350842420453152,1.541193021721005
0.33,0.5342980041914357,1.539148333922448
0.335,0.5335117663375561,1.537100593714977
0.34,0.5327255284836766,1.5350514820358103
0.34500000000000003,0.5319392906297971,1.5330017651070091
0.35000000000000003,0.5311530527759175,1.5309519652519141
0.355,0.5302988715436266,1.5287252126676985
0.36,0.529325789399116,1.5261883383186943
0.365,0.5283527072546054,1.5236509833424698
0.37,0.5273796251100947,1.5211126956038683
0.375,0.5264065429655841,1.5185727790697923
0.38,0.5254334608210733,1.5160296838156382
0.385,0.5244603786765627,1.5134821183375993
0.39,0.5234872965320521,1.510932509763826
0.395,0.5225142143875414,1.5083818229398767
0.4,0.5215411322430308,1.5058307244935878
0.405,0.5205057436131387,1.5031162063246237
0.41000000000000003,0.5193042043555628,1.4999655696545866
0.41500000000000004,0.518102665097987,1.496813987462515
0.42,0.5169011258404111,1.4936609356406154
0.425,0.5156995865828353,1.4905055918651375
0.43,0.5144980473252594,1.4873464055198715
0.435,0.5132965080676836,1.4841813378729716
0.44,0.5120949688101077,1.4810133820485827
0.445,0.5108934295525319,1.4778435891350103
0.45,0.509691890294956,1.474672694834214
0.455,0.5084464217950945,1.4713851421752986
0.46,0.5070032717049471,1.4675745606510657
0.465,0.5055601216147997,1.4637622558509638
0.47000000000000003,0.5041169715246523,1.4599477052920857
0.47500000000000003,0.5026738214345049,1.4561300711084426
0.48,0.5012306713443575,1.4523080027045219
0.485,0.49978752125421017,1.4484789218576557
0.49,0.49834437116406277,1.4446460480557028
0.495,0.4969012210739154,1.440810376007142
0.5,0.49545807098376804,1.436972610985295
0.505,0.4939947633659445,1.433079527659593
0.51,0.4923298804713595,1.4286479439825923
0.515,0.49066499757677456,1.424213663319607
0.52,0.48900011468218957,1.4197762374925715
0.525,0.4873352317876046,1.4153349288929413
0.53,0.48567034889301963,1.410888710481656
0.535,0.48400546599843464,1.4064349644260614
0.54,0.48234058310384964,1.401976662589006
0.545,0.4806757002092647,1.3975145842558714
0.55,0.4790108173146797,1.3930492895987856
0.555,0.4773459344200947,1.3885811196765916
0.56,0.47551318687128996,1.3836591396276183
0.5650000000000001,0.4736804393224852,1.37873349795164
0.5700000000000001,0.47184769177368047,1.3738038825128183
0.5750000000000001,0.47001494422487566,1.3688697620668477
0.58,0.46818219667607097,1.3639303862608985
0.585,0.46634944912726617,1.3589839440345193
0.59,0.4645167015784614,1.3540325162295004
0.595,0.4626839540296567,1.3490765627154233
0.6,0.4608512064808519,1.3441164199426212
0.605,0.4590184589320471,1.3391523009421227
0.61,0.4570997480526464,1.3339511536095865
0.615,0.4551724408401861,1.3287223197794122
0.62,0.4532451336277258,1.3234889375167433
0.625,0.45131782641526547,1.3182507289005063
0.63,0.4493905192028052,1.3130072925933625
0.635,0.4474632119903449,1.30775783466959
0.64,0.4455359047778846,1.3025032674179908
0.645,0.44360859756542426,1.2972438560182284
0.65,0.44168129035296394,1.2919797376429587
0.655,0.4397539831405037,1.286711005617662
0.66,0.4377991819261525,1.2813624477335712
0.665,0.4358382709336034,1.2759924545995913
0.67,0.43387735994105425,1.2706176986103135
0.675,0.4319164489485051,1.265238098746969
0.68,0.4299555379559561,1.259853530144502
0.685,0.42799462696340695,1.2544639552448587
0.6900000000000001,0.4260337159708578,1.2490695985455411
0.6950000000000001,0.4240728049783087,1.2436704498912623
0.7000000000000001,0.42211189398575955,1.2382664633739775
0.705,0.4201509829932104,1.2328576171488141
0.71,0.41820346838068373,1.2274809141498273
0.715,0.41626097741066537,1.2221133312640156
0.72,0.414318486440647,1.2167410550465134
0.725,0.41237599547062864,1.2113641593218287
0.73,0.4104335045006103,1.2059827419765787
0.735,0.408491013530592,1.200597353180477
0.74,0.4065485225605736,1.1952078993767294
0.745,0.40460603159055525,1.1898140050667236
0.75,0.4026635406205369,1.184415433673887
0.755,0.4007210496505185,1.1790120383610954
0.76,0.3988222984036147,1.1737255894427745
0.765,0.39694854128420487,1.1685041591254284
0.77,0.395074784164795,1.1632783081337548
0.775,0.3932010270453852,1.158048246492631
0.78,0.39132726992597533,1.1528142739637832
0.785,0.3894535128065655,1.1475773426162383
0.79,0.3875797556871557,1.1423373207018328
0.795,0.38570599856774584,1.1370934381065918
0.8,0.383832241448336,1.1318453069456114
0.805,0.38195848432892615,1.1265926768652426
0.81,0.3801421897694141,1.1214967166710004
0.8150000000000001,0.3783737806764836,1.1165309025308507
0.8200000000000001,0.37660537158355306,1.1115610903971573
0.8250000000000001,0.37483696249062254,1.106587577093407
0.8300000000000001,0.373068553397692,1.1016107969711968
0.835,0.37130014430476144,1.0966318199774394
0.84,0.36953173521183097,1.0916506792379284
0.845,0.36776332611890045,1.0866663304855082
0.85,0.3659949170259699,1.0816783443721933
0.855,0.36422650793303935,1.0766864376603535
0.86,0.36250897285283695,1.0718342461648953
0.865,0.36085248658790825,1.0671508315675968
0.87,0.35919600032297966,1.0624639309433435
0.875,0.35753951405805096,1.057773842707946
0.88,0.3558830277931223,1.0530810113849436
0.885,0.35422654152819366,1.0483863510318079
0.89,0.35257005526326496,1.043690107011024
0.895,0.35091356899833637,1.038991204001123
0.9,0.34925708273340766,1.0342892829588248
0.905,0.347600596468479,1.0295841034382918
0.91,0.3459771458836847,1.0249694766031106
0.915,0.34441150773912566,1.0205160530615938
0.92,0.3428458695945666,1.0160596590497588
0.925,0.3412802314500075,1.0116005264967962
0.93,0.33971459330544845,1.0071390059276224
0.935,0.3381489551608894,1.0026757055495825
0.9400000000000001,0.33658331701633026,0.9982109399193909
0.9450000000000001,0.3350176788717712,0.9937438665407415
0.9500000000000001,0.3334520407272122,0.9892742769172004
0.9550000000000001,0.33188640258265306,0.9848020305562608
0.96,0.3303349711540473,0.980367672749009
0.965,0.32882142430131694,0.976038995151155
0.97,0.32730787744858664,0.9717078034517946
0.975,0.32579433059585633,0.9673742281135387
0.98,0.324280783743126,0.9630384676020539
0.985,0.32276723689039566,0.9587008030137406
0.99,0.3212536900376653,0.9543613847846737
0.995,0.319740143184935,0.9500198056368985
1.0,0.3182265963322047,0.945676039922393
1.0050000000000001,0.3167130494794744,0.9413300727251012
1.01,0.31520099674179425,0.93698619328627
1.0150000000000001,0.3136956675218403,0.9326594488461789
1.02,0.31219033830188636,0.9283305456401473
1.025,0.3106850090819324,0.9239995115181838
1.03,0.30917967986197853,0.9196663850620442
1.035,0.3076743506420246,0.9153311962434741
1.04,0.30616902142207064,0.9109937979406787
1.045,0.3046636922021167,0.9066542592336668
1.05,0.30315836298216275,0.9023126866638972
1.055,0.30165303376220887,0.8979691584096086
1.06,0.3001457289223114,0.8936180200068119
1.065,0.2986186678829789,0.8892079223537387
1.07,0.2970916068436464,0.8847958749282271
1.075,0.2955645458043139,0.8803818428885658
1.08,0.2940374847649814,0.8759657630299786
1.085,0.29251042372564895,0.8715475437846003
1.09,0.29098336268631647,0.8671267323863078
1.095,0.28945630164698394,0.8627037523770301
1.1,0.28792924060765146,0.8582787850379666
1.105,0.2864021795683189,0.8538519628068975
1.11,0.2848751185289865,0.849423369278163
1.115,0.28331063634901077,0.8448844447151213
1.12,0.281746154169035,0.8403436720218456
1.125,0.28018167198905924,0.8358009890410228
1.1300000000000001,0.2786171898090835,0.831256284772265
1.135,0.27705270762910783,0.8267093993720823
1.1400000000000001,0.2754882254491321,0.8221597284572677
1.145,0.2739237432691563,0.8176078473717565
1.1500000000000001,0.27235926108918057,0.8130539756555021
1.155,0.27079477890920484,0.8084982748178552
1.16,0.26923029672922916,0.8039408483375383
1.165,0.2676253969691727,0.7992639304813438
1.17,0.2660164554511082,0.7945734313920946
1.175,0.2644075139330436,0.7898810574128894
1.18,0.2627985724149791,0.7851866808795079
1.185,0.2611896308969146,0.7804901160975227
1.19,0.25958068937885015,0.7757911129880692
1.195,0.2579717478607856,0.7710900580707745
1.2,0.2563628063427211,0.7663870068973746
1.205,0.25475386482465656,0.7616819744196154
1.21,0.25314492330659205,0.7569749745588789
1.215,0.2515353327524669,0.7522641202515837
1.22,0.24992559796810604,0.7475508993600793
1.225,0.24831586318374516,0.7428357447694864
1.23,0.24670612839938427,0.7381186662974784
1.235,0.2450963936150234,0.733399672731217
1.24,0.24348665883066253,0.7286786475227223
1.245,0.2418769240463017,0.723955636380519
1.25,0.24026718926194077,0.7192307389319077
1.2550000000000001,0.23865745447757994,0.7145040306078316
1.26,0.2370477196932191,0.7097755640548848
1.2650000000000001,0.23542528808195792,0.7050080521119252
1.27,0.2337980951606092,0.7002247907037816
1.2750000000000001,0.23217090223926037,0.695439752959663
1.28,0.23054370931791165,0.6906529007920261
1.285,0.22891651639656294,0.6858641733290262
1.29,0.22728932347521413,0.6810736476875329
1.295,0.22566213055386541,0.6762814282947888
1.3,0.22403493763251658,0.6714874443048741
1.305,0.22240774471116787,0.6666916119481684
1.31,0.22078055178981915,0.6618938811455402
1.315,0.21916978068712606,0.6571426825659413
1.32,0.2175683934808077,0.652417315118105
1.325,0.21596700627448928,0.6476901551561545
1.33,0.21436561906817095,0.64296128676692
1.335,0.21276423186185262,0.6382308277272725
1.34,0.2111628446555342,0.6334990760266844
1.345,0.20956145744921587,0.6287659723373348
1.35,0.20796007024289745,0.6240312952890061
1.355,0.20635868303657912,0.6192949512025645
1.36,0.20475729583026075,0.6145568822196121
1.365,0.20317087486001503,0.609861370831165
1.37,0.20159692575316332,0.60520108763059
1.375,0.20002297664631152,0.600539173288548
1.3800000000000001,0.1984490275394598,0.5958757126146004
1.385,0.196875078432608,0.5912108262386262
1.3900000000000001,0.19530112932575627,0.5865448145542296
1.395,0.19372718021890456,0.5818777022254109
1.4000000000000001,0.19215323111205274,0.5772092078999724
1.405,0.19057928200520102,0.5725392145548541
1.41,0.18900533289834923,0.5678676473939449
1.415,0.1874460865850571,0.5632381341138039
1.42,0.18590448362403653,0.5586594575347099
1.425,0.18436288066301587,0.5540792920660526
1.43,0.1828212777019953,0.549497731119504
1.435,0.18127967474097464,0.5449149103332726
1.44,0.17973807177995407,0.5403311136401181
1.445,0.1781964688189335,0.5357464336075389
1.45,0.17665486585791285,0.5311605475300203
1.455,0.17511326289689227,0.5265733443288083
1.46,0.1735716599358716,0.5219847518197629
1.465,0.1720408910675025,0.5174269989567246
1.47,0.17052908186127352,0.5129243199794749
1.475,0.16901727265504446,0.5084203148837367
1.48,0.16750546344881548,0.5039150664428227
1.485,0.1659936542425864,0.4994086963243148
1.49,0.16448184503635743,0.49490143447996054
1.495,0.16297003583012845,0.49039343992037315
1.5,0.16145822662389936,0.48588439392461963
1.5050000000000001,0.15994641741767038,0.48137419731735903
1.51,0.1584346082114413,0.4768627848497474
1.5150000000000001,0.1569298866896606,0.47237128421925056
1.52,0.15544406565974178,0.46793498636911557
1.5250000000000001,0.15395824462982305,0.4634975166985279
1.53,0.15247242359990432,0.45905894514127127
1.5350000000000001,0.15098660256998553,0.454619375557348
1.54,0.1495007815400668,0.45017895974955136
1.545,0.14801496051014798,0.4457378038191108
1.55,0.14652913948022928,0.44129568814513065
1.555,0.14504331845031054,0.4368525884275016
1.56,0.14355749742039173,0.4324084906471003
1.565,0.1420731080853163,0.427967674709258
1.57,0.14059516137703568,0.4235451457802239
1.575,0.13911721466875515,0.4191216482398038
1.58,0.1376392679604746,0.4146972090373198
1.585,0.136161321252194,0.4102718654029295
1.59,0.13468337454391344,0.4058456760875364
1.595,0.13320542783563283,0.40141878024284294
1.6,0.13172748112735227,0.39699105177934746
1.605,0.13024953441907175,0.3925624441693654
1.61,0.1287715877107911,0.3881329273723411
1.615,0.12729478908135042,0.38370592978247414
1.62,0.12582947124030824,0.3793124395969349
1.625,0.12436415339926611,0.37491806303406566
1.6300000000000001,0.12289883555822399,0.37052283575553047
1.635,0.12143351771718179,0.3661268099099564
1.6400000000000001,0.11996819987613967,0.36173005413291404
1.645,0.11850288203509748,0.3573328611448915
1.6500000000000001,0.11703756419405537,0.3529349917401816
1.655,0.11557224635301325,0.34853634939145683
1.6600000000000001,0.11410692851197105,0.3441368678504229
1.665,0.11264161067092893,0.33973651114779957
1.67,0.11119948748565678,0.33540494563719936
1.675,0.10975736430038471,0.3310725463324641
1.68,0.10831524111511265,0.3267393676594346
1.685,0.10687311792984051,0.32240549432279014
1.69,0.10543099474456845,0.31807104130602976
1.695,0.1039888715592963,0.3137361537998864
1.7,0.10254674837402425,0.309400613774945
1.705,0.1011046251887521,0.3050644302856007
1.71,0.09966250200348004,0.30072761237709167
1.715,0.09822037881820797,0.29639016908547855
1.72,0.09677824832299377,0.29205208744699723
1.725,0.09533611709678542,0.2877133962644478
1.73,0.09389398587057701,0.283374106745151
1.735,0.09245185464436868,0.27903422788842425
1.74,0.09100972341816034,0.2746937686843132
1.745,0.08956759219195193,0.27035293745909
1.75,0.0881254609657436,0.2660116679999452
1.7550000000000001,0.08668332973953519,0.26166984973611906
1.76,0.08524119851332684,0.2573274045767827
1.7650000000000001,0.08379906728711851,0.2529842869181743
1.77,0.08237729778141661,0.2487018175050003
1.7750000000000001,0.08096005310249402,0.24443232754051647
1.78,0.07954280842357134,0.2401622402979258
1.7850000000000001,0.07812556374464874,0.23589163966173868
1.79,0.07670831906572614,0.23162064200336946
1.795,0.07529107438680348,0.22734974769233599
1.8,0.07387382970788088,0.22307871345156086
1.805,0.0724565850289582,0.21880726043342555
1.81,0.0710393403500356,0.21453521853393887
1.815,0.06962209567111301,0.2102624820937145
1.82,0.06824075535208858,0.2060972769794295
1.825,0.06687287916802609,0.2019719837124
1.83,0.06550500298396351,0.197846092847725
1.835,0.06413712679990101,0.19371975563793678
1.84,0.06276925061583843,0.18959318777998202
1.845,0.06140137443177593,0.18546694312802944
1.85,0.06003349824771343,0.18134074916134005
1.855,0.058665622063650856,0.1772142602076322
1.86,0.05729774587958836,0.17308731976131841
1.865,0.05592986969552578,0.16895982866678338
1.87,0.05458995132092324,0.16491612069309358
1.875,0.05326600883744067,0.1609200661802961
1.8800000000000001,0.051942066353958025,0.15692352627658107
1.885,0.05061812387047546,0.15292663050535396
1.8900000000000001,0.04929418138699282,0.14892956573985416
1.895,0.04797023890351025,0.14493284948749297
1.9000000000000001,0.04664629642002768,0.14093637265193637
1.905,0.045322353936545046,0.13693972165717655
1.9100000000000001,0.04399841145306248,0.13294270613780576
1.915,0.04267446896957983,0.1289452025316767
1.92,0.04137844053024695,0.12503145102133711
1.925,0.04010567379437214,0.12118742479399477
1.93,0.03883290705849726,0.11734295629836883
1.935,0.037560140322622455,0.11349818840348803
1.94,0.03628737358674757,0.10965333078152904
1.945,0.035014606850872765,0.10580892870359095
1.95,0.03374184011499796,0.10196501303271699
1.955,0.032469073379123074,0.09812104328897951
1.96,0.031196306643248267,0.09427678557643918
1.965,0.02992353990737339,0.0904320848461762
1.97,0.028678228740767583,0.08666981419416198
1.975,0.027465864257284592,0.08300657537689597
1.98,0.02625349977380153,0.07934291350669626
1.985,0.02504113529031854,0.0756789880771271
1.99,0.02382877080683548,0.07201503742868635
1.995,0.022616406323352486,0.06835157611696009
2.0,0.021404041839869492,0.06468876123698591
2.005,0.020191677356386432,0.06102597627673301
2.0100000000000002,0.01897931287290344,0.05736299964757618
2.015,0.017766948389420376,0.053699682129346976
2.02,0.016574743653798123,0.050096870562681854
2.025,0.01541781847693211,0.04660025755681848
2.0300000000000002,0.01426089330006616,0.043103295996952576
2.035,0.013103968123200208,0.03960612543114167
2.04,0.011947042946334193,0.0361089577758461
2.045,0.010790117769468243,0.032612262423829225
2.05,0.009633192592602226,0.029116436479864664
2.055,0.008476267415736276,0.025620756673418295
2.06,0.007319342238870326,0.02212493562548749
2.065,0.006162417062004311,0.01862877645431393
2.07,0.005024399335518022,0.01518931908814575
2.075,0.0039368014767107926,0.011901792827209767
2.08,0.0028492036179036235,0.008613882275742989
2.085,0.0017616057590964544,0.0053257517489274445
2.09,0.000674007900289225,0.0020376560591556197
2.095,-0.00041358995851794363,-0.0012499357393370748
2.1,-0.001501187817325173,-0.0045364260893721985
2.105,-0.0025887856761323417,-0.007822696581696117
2.11,-0.003676383534939512,-0.011109044439913137
2.115,-0.00476398139374674,-0.014395676141571716
2.12,-0.005838939621822818,-0.017644505279866295
2.125,-0.006857019511609026,-0.020721851022051863
2.13,-0.007875099401395178,-0.023799558891517872
2.1350000000000002,-0.00889317929118133,-0.02687747308058626
2.14,-0.009911259180967538,-0.029955347035537747
2.145,-0.01092933907075369,-0.03303277920117766
2.15,-0.011947418960539899,-0.03610895202131004
2.1550000000000002,-0.012965498850326052,-0.03918483467612035
2.16,-0.01398357874011226,-0.042260745253661594
2.165,-0.015001658629898412,-0.0453369076007206
2.17,-0.016013175285764035,-0.04839361674858669
2.1750000000000003,-0.016959059602424387,-0.051252400752009805
2.18,-0.017904943919084683,-0.054111550131959014
2.185,-0.018850828235745035,-0.05697091240162233
2.19,-0.01979671255240533,-0.05983024083292283
2.195,-0.02074259686906563,-0.06268919445652213
2.2,-0.021688481185725982,-0.06554699315236452
2.205,-0.02263436550238628,-0.0684045506888762
2.21,-0.02358024981904663,-0.0712620774420935
2.215,-0.02452613413570693,-0.07411972295003373
2.22,-0.025472018452367226,-0.07697757591269865
2.225,-0.026371296459443673,-0.07969484750498541
2.23,-0.027270574466520068,-0.08241232841758579
2.235,-0.028169852473596515,-0.08512992519610561
2.24,-0.02906913048067291,-0.08784748354813084
2.245,-0.029968408487749305,-0.09056478834323052
2.25,-0.030867686494825748,-0.0932811635920766
2.255,-0.03176696450190215,-0.09599726339359928
2.2600000000000002,-0.032666242508978593,-0.09871329622846553
2.265,-0.033565520516054985,-0.10142941190767524
2.27,-0.034464798523131376,-0.10414570157256396
2.275,-0.035323217254464495,-0.10673877925304891
2.2800000000000002,-0.03617755005822323,-0.10931970348357359
2.285,-0.03703188286198201,-0.11190073193172102
2.29,-0.03788621566574074,-0.11448172137334335
2.295,-0.038740548469499474,-0.11706246991462353
2.3000000000000003,-0.039594881273258255,-0.11964262049748492
2.305,-0.04044921407701699,-0.12222258371181487
2.31,-0.04130354688077577,-0.12480245557326723
2.315,-0.042157879684534494,-0.12738227637042768
2.32,-0.04301221248829323,-0.12996207066690438
2.325,-0.043856689058794224,-0.1325120858718026
2.33,-0.04469897535523789,-0.13505546536349783
2.335,-0.0455412616516816,-0.13759880050406695
2.34,-0.04638354794812526,-0.14014205303574348
2.345,-0.04722583424456898,-0.14268516897578637
2.35,-0.048068120541012636,-0.1452281416252545
2.355,-0.0489104068374563,-0.14777103863177735
2.36,-0.04975269313390001,-0.15031383605355922
2.365,-0.050594979430343676,-0.15285650005724455
2.37,-0.05143726572678739,-0.15539900836116274
2.375,-0.05228598791950173,-0.15796077590062166
2.38,-0.053137123573317575,-0.16052966039574904
2.3850000000000002,-0.05398825922713347,-0.1630983892178426
2.39,-0.05483939488094931,-0.16566698623453927
2.395,-0.055690530534765206,-0.16823548686517073
2.4,-0.05654166618858105,-0.1708038899832862
2.4050000000000002,-0.057392801842396896,-0.17337214627061406
2.41,-0.05824393749621279,-0.1759402691743219
2.415,-0.05909507315002863,-0.1785082856923916
2.42,-0.059946208803844526,-0.18107621274533137
2.4250000000000003,-0.060792431643873955,-0.18362923582035212
2.43,-0.061635847161739706,-0.18617370567191077
2.435,-0.06247926267960551,-0.18871807881819688
2.44,-0.06332267819747127,-0.19126233191998793
2.445,-0.06416609371533706,-0.19380643156059055
2.45,-0.06500950923320281,-0.19634998589977606
2.455,-0.06585292475106858,-0.19889294345412528
2.46,-0.06669634026893437,-0.201435666632955
2.465,-0.06753975578680013,-0.20397840521014932
2.47,-0.06838317130466592,-0.20652132380843424
2.475,-0.06919100576019119,-0.20895721697965364
2.48,-0.06996918933043272,-0.21130397704882106
2.485,-0.07074737290067423,-0.2136509226685659
2.49,-0.07152555647091573,-0.21599787824506209
2.495,-0.07230374004115728,-0.21834458303330184
2.5,-0.07308192361139881,-0.2206900428035705
2.505,-0.07386010718164032,-0.22303404130822926
2.5100000000000002,-0.07463829075188182,-0.22537763677097375
2.515,-0.07541647432212333,-0.2277214069493599
2.52,-0.07619465789236482,-0.2300657394231921
2.525,-0.07690661882395923,-0.23221126839173784
2.5300000000000002,-0.07753911258917696,-0.2341181233232476
2.535,-0.0781716063543947,-0.2360256107273161
2.54,-0.07880410011961242,-0.23793335813027114
2.545,-0.07943659388483015,-0.23984080288064455
2.5500000000000003,-0.08006908765004794,-0.24174638869743825
2.555,-0.08070158141526568,-0.2436493723822083
2.56,-0.08133407518048341,-0.24555174974135027
2.565,-0.08196656894570113,-0.24745444398209923
2.57,-0.08259906271091887,-0.24935808371276053
2.575,-0.08314948962045501,-0.25101581689122926
2.58,-0.08355629953254819,-0.25224233368264004
2.585,-0.08396310944464136,-0.2534699737328136
2.59,-0.08436991935673452,-0.2546981878136256
2.595,-0.08477672926882769,-0.2559261320979893
2.6,-0.0851835391809209,-0.2571517988366651
2.605,-0.08559034909301408,-0.2583733510530526
2.61,-0.08599715900510725,-0.2595939911862027
2.615,-0.08640396891720041,-0.2608150906321898
2.62,-0.08681077882929358,-0.2620375957846469
2.625,-0.08712879358687751,-0.2629946672293377
2.63,-0.08721002126576995,-0.26324082666632936
2.6350000000000002,-0.08729124894466236,-0.26348872301276416
2.64,-0.0873724766235548,-0.2637376028535962
2.645,-0.08745370430244723,-0.26398628777133076
2.65,-0.08753493198133967,-0.26423247323863286
2.6550000000000002,-0.0876161596602321,-0.26447290334114865
2.66,-0.08769738733912452,-0.2647121164458458
2.665,-0.08777861501801695,-0.264951818579096
2.67,-0.08785984269690938,-0.26519320162185067
2.6750000000000003,-0.08786945726370263,-0.2652213312154206
2.68,-0.08755681282604949,-0.264281714350083
2.685,-0.08724416838839637,-0.2633442450833392
2.69,-0.08693152395074323,-0.26240805880808654
2.695,-0.08661887951309011,-0.2614717767718055
2.7,-0.08630623507543694,-0.26053309772075783
2.705,-0.0859935906377838,-0.25958699131987756
2.71,-0.08568094620013068,-0.2586392533452902
2.715,-0.08536830176247755,-0.25769192566802307
2.72,-0.08505565732482442,-0.25674645123726564
2.725,-0.08470130225900173,-0.2556780575137785
2.73,-0.0839298409114835,-0.25335637134911515
2.735,-0.08315837956396528,-0.25103714786362613
2.74,-0.08238691821644706,-0.24871943560999513
2.745,-0.08161545686892875,-0.246401684219154
2.75,-0.08084399552141053,-0.2440817444002831
2.755,-0.0800725341738923,-0.2417526755002875
2.7600000000000002,-0.07930107282637408,-0.2394215026147499
2.765,-0.07852961147885586,-0.23709051391370375
2.77,-0.07775815013133755,-0.23476134419963493
2.775,-0.07698668878381933,-0.23243497490748163
2.7800000000000002,-0.07571470116087854,-0.22860327587495077
2.785,-0.07444271353793774,-0.22477414709057109
2.79,-0.07317072591499696,-0.2209466147056418
2.795,-0.07189873829205602,-0.2171190515044178
2.8000000000000003,-0.07062675066911524,-0.21328917690410149
2.805,-0.06935476304617444,-0.2094496752424831
2.81,-0.06808277542323365,-0.20560764383801916
2.815,-0.06681078780029286,-0.2017653965981351
2.82,-0.06553880017735193,-0.1979246047796501
2.825,-0.06426681255441113,-0.19408629698876845
2.83,-0.0625472643131765,-0.1889007888284598
2.835,-0.06078296001011245,-0.18358261973645243
2.84,-0.05901865570704839,-0.1782658947245766
2.845,-0.05725435140398414,-0.17294908215699734
2.85,-0.05549004710092008,-0.16763000774846443
2.855,-0.053725742797856024,-0.16230209916315025
2.86,-0.05196143849479197,-0.15697091049196804
2.865,-0.05019713419172791,-0.15163914972261183
2.87,-0.04843282988866366,-0.14630847468176977
2.875,-0.0466685255855996,-0.14097993120630956
2.88,-0.044520633883711386,-0.13449573391911043
2.8850000000000002,-0.04228750053764001,-0.12775631688540856
2.89,-0.04005436719156863,-0.12101826553722202
2.895,-0.037821233845497,-0.11428019479818982
2.9,-0.03558810049942562,-0.10754010760367153
2.9050000000000002,-0.033354967153354245,-0.10079246575465745
2.91,-0.03112183380728286,-0.09404121662918996
2.915,-0.028888700461211482,-0.08728925439519955
2.92,-0.026655567115139858,-0.0805381016792904
2.9250000000000003,-0.024422433769068476,-0.07378874410015518
2.93,-0.02189010908998219,-0.0661375557571078
2.935,-0.019245587661015317,-0.05814938581324399
2.94,-0.016601066232048444,-0.05016263980613304
2.945,-0.013956544803081278,-0.042176177557565135
2.95,-0.011312023374114405,-0.034188321881702184
2.955,-0.008667501945147534,-0.026194754996790692
2.96,-0.006022980516180661,-0.018197862989324604
2.965,-0.0033784590872137886,-0.010200503090683998
2.97,-0.0007339376582466244,-0.0022039933516707316
2.975,0.0019105837707202485,0.005790788928159826
2.98,0.004769971677112464,0.014432825688867093
2.985,0.007752140427747761,0.02344377039353283
2.99,0.010734309178383057,0.03245294405959593
2.995,0.013716477929018684,0.041461208136645125
3.0,0.016698646679653983,0.05046986482858068
3.005,0.019680815430289277,0.05948204697332771
3.0100000000000002,0.022662984180924575,0.06849661637164392
3.015,0.025645152931559872,0.07751094728173162
3.02,0.0286273216821955,0.08652395576563317
3.025,0.031609490432830796,0.09553489763971641
3.0300000000000002,0.034733625395041906,0.10497219806469299
3.035,0.037976065533566195,0.11476418374854357
3.04,0.041218505672090844,0.12455371208989491
3.045,0.04446094581061513,0.1343413750760799
3.0500000000000003,0.04770338594913943,0.14412810445639965
3.055,0.050945826087663716,0.15391597102352428
3.06,0.05418826622618801,0.1637046564985336
3.065,0.05743070636471266,0.17349195127901262
3.0700000000000003,0.06067314650323695,0.183277038468694
3.075,0.06391558664176124,0.193059335646051
3.08,0.06723966755612704,0.20308469399959014
3.085,0.07066171740150268,0.21340205883072053
3.09,0.07408376724687869,0.2237160295288526
3.095,0.07750581709225432,0.23402694354420905
3.1,0.08092786693762996,0.24433537281325557
3.105,0.0843499167830056,0.2546425060416935
3.11,0.08777196662838123,0.26494843834730275
3.115,0.09119401647375724,0.27525151012733395
3.12,0.09461606631913289,0.28555116112166823
3.125,0.09803811616450853,0.2958469712778498
3.13,0.1014992133429757,0.3062560726276708
3.1350000000000002,0.10502864335435305,0.31686622595034264
3.14,0.1085580733657308,0.327471877862136
3.145,0.11208750337710816,0.3380731574615136
3.15,0.11561693338848553,0.3486703340676698
3.1550000000000002,0.11914636339986288,0.3592639751942952
3.16,0.12267579341124024,0.36985429446128787
3.165,0.126205223422618,0.380440164485999
3.17,0.12973465343399537,0.39102120416675373
3.1750000000000003,0.13326408344537272,0.4015971096917311
3.18,0.13680964918087757,0.41221596849522746
3.185,0.14039824351405572,0.42295804271592546
3.19,0.14398683784723426,0.43369435417353036
3.1950000000000003,0.1475754321804124,0.4444249015072681
3.2,0.15116402651359057,0.4551497606591091
3.205,0.15475262084676872,0.4658691420335927
3.21,0.15834121517994684,0.4765832252815499
3.215,0.1619298095131254,0.4872912701719234
3.22,0.16551840384630354,0.49799299972759037
3.225,0.1691069981794817,0.5086881789681479
3.23,0.1727014307990749,0.5193939984141528
3.235,0.17632213570753585,0.5301710775609397
3.24,0.1799428406159972,0.5409410292640224
3.245,0.18356354552445814,0.551703782825608
3.25,0.18718425043291909,0.5624593095567749
3.255,0.19080495534138003,0.5732076354191787
3.2600000000000002,0.19442566024984098,0.5839488354879172
3.265,0.19804636515830235,0.5946824300042447
3.27,0.2016670700667633,0.6054082150594503
3.275,0.20528777497522424,0.6161260053854898
3.2800000000000002,0.20890977095514934,0.6268394517270264
3.285,0.21254467764971596,0.6375827269019043
3.29,0.216179584344283,0.6483174971078284
3.295,0.21981449103884962,0.6590436500025261
3.3000000000000003,0.22344939773341627,0.6697610918953685
3.305,0.22708430442798289,0.6804697477492367
3.31,0.2307192111225495,0.691169434133702
3.315,0.23435411781711654,0.7018599463625826
3.3200000000000003,0.2379890245116832,0.7125411922503424
3.325,0.2416239312062498,0.7232130657153594
3.33,0.24525883790081643,0.7338754467817868
3.335,0.24888300533606134,0.744496742752964
3.34,0.25250717277130663,0.7551083231529883
3.345,0.25613134020655154,0.7657100275766252
3.35,0.25975550764179645,0.776301681730299
3.355,0.2633796750770413,0.7868830974339172
3.36,0.2670038425122862,0.797453454838709
3.365,0.2706280099475315,0.8080130291310037
3.37,0.2742521773827764,0.8185620069693393
3.375,0.2778763448180213,0.8291004845433356
3.38,0.2815005122532662,0.8396284675755085
3.3850000000000002,0.28506157746664246,0.8499628458043249
3.39,0.2886163324578314,0.8602685738010232
3.395,0.29217108744902043,0.8705637153598214
3.4,0.2957258424402094,0.8808479221159943
3.4050000000000002,0.29928059743139834,0.8911207552355064
3.41,0.30283535242258774,0.901381274379463
3.415,0.3063901074137767,0.9116300858864282
3.42,0.30994486240496566,0.9218673686419444
3.4250000000000003,0.3134996173961546,0.9320931729148803
3.43,0.31705437238734363,0.942307482137466
3.435,0.3205671428654354,0.9523897817016391
3.44,0.3240705834517273,0.9624339053578912
3.4450000000000003,0.3275740240380192,0.9724664352159026
3.45,0.33107746462431115,0.9824870928626217
3.455,0.3345809052106031,0.9924955330476637
3.46,0.3380843457968954,1.0024901214426543
3.465,0.3415877863831873,1.012471366596019
3.47,0.34509122696947925,1.0224400826962587
3.475,0.3485946675557712,1.032396768665077
3.48,0.3520981081420631,1.0423416995004817
3.485,0.35547670542130233,1.0519211911153552
3.49,0.3588084864603963,1.061357226180484
3.495,0.36214026749949024,1.0707822432064347
3.5,0.3654720485385842,1.0801956385090268
3.505,0.3688038295776782,1.089596584458299
3.5100000000000002,0.3721356106167725,1.0989829295110876
3.515,0.3754673916558665,1.1083555481301068
3.52,0.37879917269496044,1.1177156850397172
3.525,0.3821309537340544,1.1270638962904354
3.5300000000000002,0.3854627347731484,1.1364005076009038
3.535,0.3886821618784814,1.1454113661233434
3.54,0.39183738673595053,1.154232092480461
3.545,0.3949926115934196,1.1630421450036998
3.5500000000000003,0.39814783645088864,1.1718409436387014
3.555,0.40130306130835774,1.1806276779767697
3.56,0.40445828616582713,1.1894000317899076
3.565,0.40761351102329624,1.1981583429668716
3.5700000000000003,0.4107687358807653,1.2069043857902841
3.575,0.41392396073823434,1.2156389943275046
3.58,0.41707918559570345,1.2243626909849723
3.585,0.42010413072852626,1.2327161708730985
3.59,0.42302050942414315,1.2407606386357557
3.595,0.4259368881197601,1.248795701244801
3.6,0.428853266815377,1.2568206526499326
3.605,0.43176964551099395,1.2648344751106488
3.61,0.4346860242066112,1.2728347800980513
3.615,0.4376024029022281,1.2808215018411595
3.62,0.440518781597845,1.288796892072831
3.625,0.44343516029346197,1.2967618290614051
3.63,0.44635153898907887,1.304716880499479
3.6350000000000002,0.4491597383096305,1.3123677744503477
3.64,0.45183812238010307,1.3196568263614437
3.645,0.4545165064505757,1.3269375975213344
3.65,0.4571948905210482,1.3342094285016897
3.6550000000000002,0.45987327459152083,1.341471349273494
3.66,0.46255165866199366,1.3487212071313561
3.665,0.46523004273246626,1.3559582437297475
3.67,0.4679084268029388,1.3631850006995936
3.6750000000000003,0.47058681087341137,1.3704024290618448
3.68,0.47326519494388425,1.377611160146383
3.685,0.47585450267362545,1.3845721923160788
3.69,0.4782879268070867,1.391107217707418
3.6950000000000003,0.48072135094054796,1.3976352700365249
3.7,0.4831547750740092,1.404155714743887
3.705,0.48558819920747076,1.4106675975577787
3.71,0.4880216233409321,1.417169006497685
3.715,0.49045504747439334,1.4236585409399272
3.72,0.4928884716078546,1.4301390071008664
3.725,0.49532189574131585,1.436611373204127
3.73,0.4977553198747774,1.4430762956139365
3.735,0.5001235771923711,1.4493612812720231
3.74,0.5023180563343183,1.4551793223648084
3.745,0.5045125354762654,1.4609916316409137
3.75,0.5067070146182124,1.466797628190972
3.755,0.5089014937601598,1.472596419229954
3.7600000000000002,0.511095972902107,1.4783863708336253
3.765,0.5132904520440541,1.4841653981988239
3.77,0.5154849311860011,1.489936534142841
3.775,0.5176794103279483,1.4957007953992307
3.7800000000000002,0.5198738894698957,1.5014588839427412
3.785,0.522024522393769,1.507096315563829
3.79,0.5239778473363097,1.5122120051675574
3.795,0.5259311722788506,1.5173232556378609
3.8000000000000003,0.5278844972213914,1.5224295180567458
3.805,0.5298378221639324,1.5275299287349475
3.81,0.5317911471064732,1.5326230889416559
3.815,0.5337444720490141,1.5377061789610638
3.8200000000000003,0.5356977969915548,1.5427825354906142
3.825,0.5376511219340957,1.5478532405004302
3.83,0.5396044468766368,1.5529190529199215
3.835,0.5415352727766454,1.5579221364616611
3.84,0.543241108251332,1.5623389251404853
3.845,0.5449469437260187,1.5667525773078659
3.85,0.5466527792007053,1.5711625661633266
3.855,0.5483586146753923,1.575568041856483
3.86,0.5500644501500789,1.579967831487078
3.865,0.5517702856247655,1.5843582604071023
3.87,0.5534761210994522,1.5887430548368873
3.875,0.5551819565741388,1.5931233969067344
3.88,0.5568877920488258,1.5975001273604188
3.8850000000000002,0.5585936275235124,1.6018737455552208
3.89,0.5600379262274194,1.605574738113792
3.895,0.5614822249313265,1.6092739177210416
3.9,0.5629265236352335,1.6129707645655016
3.9050000000000002,0.5643708223391407,1.6166644174427256
3.91,0.5658151210430478,1.6203536737553053
3.915,0.5672594197469548,1.6240345512080936
3.92,0.5687037184508619,1.627710821769951
3.9250000000000003,0.5701480171547688,1.6313837619384102
3.93,0.5715923158586761,1.635054290600053
3.935,0.5730366145625831,1.638722969030521
3.94,0.5742318578483495,1.6417580269065273
3.9450000000000003,0.5754021955923019,1.6447292107913873
3.95,0.5765725333362542,1.6476992635128145
3.955,0.5777428710802067,1.6506673194731611
3.96,0.578913208824159,1.6536321554598334
3.9650000000000003,0.5800835465681113,1.6565900279800816
3.97,0.5812538843120637,1.6595440419932737
3.975,0.5824242220560161,1.6624957348781295
3.98,0.5835945597999685,1.665446047751673
3.985,0.5847648975439209,1.6683955692997132
3.99,0.5857143344834624,1.670788200450709
3.995,0.5866146823553572,1.6730573802634314
4.0,0.5875150302272518,1.675326357265034
4.005,0.5884153780991467,1.6775943126120663
4.01,0.5893157259710413,1.679860075027845
4.015,0.5902160738429361,1.6821200894729669
4.0200000000000005,0.5911164217148307,1.6843766854731388
4.025,0.5920167695867256,1.6866317467913523
4.03,0.5929171174586203,1.6888863041890259
4.035,0.5938174653305149,1.6911410160182816
4.04,0.5945103274043009,1.6928766859962998
4.045,0.5951253823037959,1.6944185365988176
4.05,0.595740437203291,1.6959610157922007
4.055,0.596355492102786,1.6975032935346914
4.0600000000000005,0.596970547002281,1.6990441673743677
4.065,0.5975856019017761,1.7005803140576385
4.07,0.5982006568012711,1.7021133572374156
4.075,0.5988157117007663,1.7036454734455704
4.08,0.5994307666002613,1.705177711136007
4.085,0.6000458214997564,1.7067107524332255
4.09,0.6004822906953117,1.7077995973880105
4.095,0.6008167109171872,1.70863541757569
4.1,0.6011511311390628,1.709472345478777
4.105,0.6014855513609384,1.7103095983906962
4.11,0.6018199715828139,1.7111460272752435
4.115,0.6021543918046894,1.711978738624316
4.12,0.6024888120265649,1.712808559721203
4.125,0.6028232322484405,1.7136378217578143
4.13,0.603157652470316,1.7144675199659962
4.135,0.6034920726921916,1.7152983126983958
4.14,0.6036857255248137,1.715780275706734
4.1450000000000005,0.6037620721997247,1.7159719084629406
4.15,0.6038384188746356,1.716164771545049
4.155,0.6039147655495465,1.7163581758808149
4.16,0.6039911122244574,1.7165510955187742
4.165,0.6040674588993683,1.7167410819197049
4.17,0.6041438055742793,1.716928172728517
4.175,0.6042201522491901,1.717114804770123
4.18,0.6042964989241011,1.7173019479430394
4.1850000000000005,0.604372845599012,1.7174902536712782
4.19,0.6043382949023303,1.7174042506741554
4.195,0.6041706673597375,1.7169887647673898
4.2,0.6040030398171445,1.7165744466082409
4.205,0.6038354122745517,1.716160673735534
4.21,0.6036677847319588,1.7157465052135912
4.215,0.6035001571893659,1.7153299476573263
4.22,0.6033325296467731,1.7149104610057062
4.225,0.6031649021041802,1.7144904613159688
4.23,0.6029972745615874,1.7140707926709815
4.235,0.6028296470189944,1.7136520300294793
4.24,0.6025870491822901,1.713047798915553
4.245,0.6022132533308907,1.7121179954509327
4.25,0.6018394574794913,1.7111890170258681
4.255,0.6014656616280919,1.7102603622209436
4.26,0.6010918657766926,1.7093312604926443
4.265,0.6007180699252932,1.7084002513560395
4.2700000000000005,0.6003442740738938,1.7074664285534695
4.275,0.5999704782224944,1.7065319463603785
4.28,0.599596682371095,1.7055974688632476
4.285,0.5992228865196956,1.7046634544156798
4.29,0.5988061071853401,1.7036228454894882
4.295,0.598274705229768,1.7022966841046983
4.3,0.5977433032741958,1.7009708836444073
4.305,0.5972119013186238,1.6996450797751197
4.3100000000000005,0.5966804993630517,1.6983187024305646
4.315,0.5961490974074796,1.6969907798224537
4.32,0.5956176954519075,1.6956602954775972
4.325,0.5950862934963354,1.6943289925834952
4.33,0.5945548915407632,1.6929973484228307
4.335,0.5940234895851911,1.6916656965529748
4.34,0.5934720687282566,1.6902840671426336
4.345,0.5928305628151909,1.6886768185434182
4.3500000000000005,0.5921890569021252,1.6870694825679942
4.355,0.5915475509890594,1.6854618181582055
4.36,0.5909060450759938,1.6838534405307382
4.365,0.5902645391629281,1.6822437809932604
4.37,0.5896230332498623,1.6806321292985722
4.375,0.5889815273367967,1.6790196279169338
4.38,0.588340021423731,1.6774064784309684
4.385,0.5876985155106653,1.6757928234872594
4.39,0.5870529051036529,1.6741684181360572
4.3950000000000005,0.586366249757174,1.672440274476653
4.4,0.5856795944106951,1.6707115994448365
4.405,0.5849929390642162,1.6689823000935404
4.41,0.5843062837177373,1.667252224539744
4.415,0.5836196283712585,1.665521161964476
4.42,0.5829329730247795,1.663789173457428
4.425,0.5822463176783006,1.6620565049583573
4.43,0.5815596623318218,1.6603230353945024
4.4350000000000005,0.5808730069853428,1.6585886785191513
4.44,0.580186351638864,1.6568533829116403
4.445,0.5795263752506731,1.6551846025835981
4.45,0.5788663988624824,1.6535149445937283
4.455,0.5782064224742915,1.651844461907695
4.46,0.5775464460861007,1.6501732423171567
4.465,0.5768864696979099,1.6485014084397638
4.47,0.5762264933097191,1.6468300772622597
4.4750000000000005,0.5755665169215283,1.6451585085488942
4.48,0.5749065405333376,1.6434861976690118
4.485,0.5742465641451467,1.6418127807252576
4.49,0.5735865877569559,1.6401380345535759
4.495,0.5730246218423848,1.6387107986592546
4.5,0.5724724569751756,1.6373073059066734
4.505,0.5719202921079665,1.6359028725733669
4.51,0.5713681272407573,1.6344978381256707
4.515,0.5708159623735481,1.6330926827630614
4.5200000000000005,0.5702637975063389,1.6316894424456956
4.525,0.5697116326391297,1.6302866810653318
4.53,0.5691594677719206,1.6288834540795172
4.535,0.5686073029047114,1.6274791434973417
4.54,0.5680551380375023,1.6260733619251264
4.545,0.5676475081263291,1.6250343086028913
4.55,0.5672719970942751,1.6240758001693019
4.555,0.5668964860622211,1.6231163080467619
4.5600000000000005,0.5665209750301671,1.6221563669362205
4.565,0.566145463998113,1.6211967421357403
4.57,0.565769952966059,1.6202400019106526
4.575,0.565394441934005,1.6192845662555555
4.58,0.565018930901951,1.6183290332989777
4.585,0.564643419869897,1.6173726038879073
4.59,0.564267908837843,1.6164147671372262
4.595,0.5640530041859787,1.6158655529186061
4.6000000000000005,0.5638983269266856,1.6154687824086449
4.605,0.5637436496673925,1.6150709905173644
4.61,0.5635889724080995,1.6146728193053643
4.615,0.5634342951488064,1.6142751991011095
4.62,0.5632796178895132,1.6138807504528025
4.625,0.5631249406302201,1.6134882147272627
4.63,0.562970263370927,1.613095867381714
4.635,0.562815586111634,1.6127028672544883
4.64,0.5626609088523409,1.612308666926217
4.6450000000000005,0.5626494309633902,1.612279123152699
4.65,0.5627197812860637,1.6124573965513798
4.655,0.5627901316087373,1.6126346205198165
4.66,0.5628604819314108,1.6128114225974834
4.665,0.5629308322540844,1.6129887240661527
4.67,0.5630011825767579,1.613168743023451
4.675,0.5630715328994315,1.6133507922363222
4.68,0.5631418832221049,1.6135331009507472
4.6850000000000005,0.5632122335447785,1.6137149447238233
4.69,0.563282583867452,1.6138958443084064
4.695,0.5634553909890739,1.6143373750846206
4.7,0.5637135787764861,1.6149958363040828
4.705,0.5639717665638982,1.6156532871007248
4.71,0.5642299543513105,1.616310228967357
4.715,0.5644881421387227,1.6169674085925552
4.72,0.5647463299261349,1.6176262787342957
4.7250000000000005,0.5650045177135471,1.6182866143360353
4.73,0.5652627055009593,1.6189470325558253
4.735,0.5655208932883714,1.6196071216359538
4.74,0.5657790810757837,1.6202666050083154
4.745,0.5660843438130241,1.621045430338533
4.75,0.5664460964900583,1.6219675335379056
4.755,0.5668078491670926,1.6228889083005926
4.76,0.5671696018441268,1.6238098187400871
4.765,0.5675313545211611,1.6247306641595103
4.7700000000000005,0.5678931071981954,1.625651965232948
4.775,0.5682548598752296,1.6265735769036807
4.78,0.5686166125522639,1.627494966961039
4.785,0.5689783652292981,1.628416151175899
4.79,0.5693401179063324,1.629337140252324
4.795,0.5697004591057255,1.6302543474755975
4.8,0.5700583302192468,1.6311650822578732
4.805,0.570416201332768,1.6320756281710502
4.8100000000000005,0.5707740724462893,1.6329859756557656
4.815,0.5711319435598106,1.6338961100858413
4.82,0.5714898146733317,1.6348057507360412
4.825,0.571847685786853,1.635714357332271
4.83,0.5722055569003742,1.6366224934073184
4.835,0.5725634280138955,1.6375305706955776
4.84,0.5729212991274167,1.6384388733157051
4.845,0.5732525076620145,1.6392798542128029
4.8500000000000005,0.5735126159861501,1.639940766051793
4.855,0.5737727243102857,1.6406020890025905
4.86,0.5740328326344213,1.6412635967925773
4.865,0.5742929409585569,1.6419249355333805
4.87,0.5745530492826925,1.6425853066578235
4.875,0.574813157606828,1.643243316956014
4.88,0.5750732659309636,1.6439006665022753
4.885,0.5753333742550992,1.6445581267720573
4.89,0.5755934825792348,1.6452162367279153
4.8950000000000005,0.57582120517756,1.645793203428402
4.9,0.5759031920097383,1.646001812211631
4.905,0.5759851788419165,1.6462113928261002
4.91,0.5760671656740947,1.6464215542259841
4.915,0.5761491525062729,1.6466316728525547
4.92,0.576231139338451,1.6468406774087423
4.925,0.5763131261706292,1.6470460057668503
4.93,0.5763951130028075,1.6472504765003717
4.9350000000000005,0.5764770998349857,1.647455165735097
4.94,0.5765590866671639,1.647660833932845
4.945,0.576619089758196,1.6478122247359375
4.95,0.5764592554377659,1.6474081399604101
4.955,0.5762994211173359,1.647005390541056
4.96,0.5761395867969059,1.6466034742955336
4.965,0.5759797524764758,1.6462015733775281
4.97,0.5758199181560458,1.6457985542767513
4.9750000000000005,0.5756600838356158,1.6453933408763641
4.98,0.5755002495151857,1.644988085441097
4.985,0.5753404151947558,1.644582787981303
4.99,0.5751805808743257,1.6441774485073364
4.995,0.5750207465538957,1.643772067029552
