time_s,qd_rad,qd_dot,qd_ddot,tau_Nm
0.0,0.5751400106612711,-0.08797472318518018,0.0,1.6440745558547134
0.005,0.5747001370453452,-0.08797472318518018,0.0,1.6429587911997683
0.01,0.5742602634294193,-0.08797472318518018,1.1102230246251565e-12,1.6418427086507066
0.015,0.5738203898134934,-0.08797472318516908,1.1102230246251565e-12,1.6407263084234778
0.02,0.5733805161975676,-0.08797472318516908,-1.1102230246251565e-12,1.6396095907340928
0.025,0.5729406425816417,-0.08797472318518018,-1.1102230246251565e-12,1.6384925557986243
0.03,0.5725007689657158,-0.08797472318518018,0.0,1.6373752038332057
0.035,0.5720608953497899,-0.08797472318518018,0.0,1.636257535054032
0.04,0.571621021733864,-0.08797472318518018,1.1102230246251565e-12,1.63513954967736
0.045,0.5711811481179381,-0.08797472318516908,-1.5277789923118235,1.6340105534665605
0.05,0.5707412745020123,-0.10325251310829842,-3.208335883858604,1.6328801716456647
0.055,0.5701486229868551,-0.12005808202375512,-1.8333347907772968,1.63138215825413
0.06,0.5695406936817747,-0.12158586101607138,-0.1527778992305162,1.6298468234372525
0.065,0.5689327643766944,-0.12158586101606028,1.1102230246251565e-12,1.6283001918114575
0.07,0.5683248350716141,-0.12158586101606028,-1.1102230246251565e-12,1.6267518889563932
0.075,0.5677169057665338,-0.12158586101607138,0.0,1.6252029848895728
0.08,0.5671089764614534,-0.12158586101606028,1.1102230246251565e-12,1.623653480183437
0.085,0.5665010471563732,-0.12158586101606028,-1.1102230246251565e-12,1.622103375410649
0.09,0.5658931178512928,-0.12158586101607138,-1.1102230246251565e-12,1.6205526711440934
0.095,0.5652851885462125,-0.12158586101607138,-0.4190931299230538,1.6189984343049668
0.1,0.5646772592411321,-0.12577679231530192,-0.9313180664960452,1.6174429471958596
0.105,0.5640274206230594,-0.13089904168103184,-0.6053567432240392,1.6157856817089193
0.11,0.5633682688243218,-0.13183035974754231,-0.09313180665104781,1.6141052391518513
0.115,0.562709117025584,-0.13183035974754231,1.1102230246251565e-12,1.6124211616444066
0.12,0.5620499652268464,-0.1318303597475312,0.0,1.610735731647831
0.125,0.5613908134281087,-0.13183035974754231,-1.1102230246251565e-12,1.609049601817058
0.13,0.5607316616293709,-0.13183035974754231,1.1102230246251565e-12,1.6073627728846793
0.135,0.5600725098306333,-0.1318303597475312,0.0,1.6056752455835903
0.14,0.5594133580318956,-0.13183035974754231,-1.1102230246251565e-12,1.6039870206469897
0.145,0.5587542062331579,-0.13183035974754231,0.15762618803871753,1.602299202191695
0.15,0.5580950544344202,-0.13025409786715514,0.37436219659126024,1.600611101336939
0.155,0.5574516652544863,-0.1280867377816297,0.2758458290663679,1.598960527682724
0.16,0.5568141870566039,-0.12749563957649146,0.059109820513825184,1.5973236316035972
0.165,0.5561767088587214,-0.12749563957649146,0.0,1.5956871897900708
0.17,0.555539230660839,-0.12749563957649146,0.0,1.5940505132924192
0.17500000000000002,0.5549017524629565,-0.12749563957649146,0.0,1.592413189007008
0.18,0.5542642742650741,-0.12749563957649146,-1.1102230246251565e-12,1.5907752175992107
0.185,0.5536267960671916,-0.12749563957650256,0.0,1.5891365997346634
0.19,0.552989317869309,-0.12749563957649146,1.1102230246251565e-12,1.5874973360792655
0.195,0.5523518396714266,-0.12749563957649146,0.1280235957001885,1.5858583234643482
0.2,0.5517143614735441,-0.12621540361948957,0.32920353180143636,1.584219178485548
0.20500000000000002,0.5510896856352318,-0.1242036042584771,0.27433627650119696,1.5826105635789272
0.21,0.5504723254309594,-0.1234720408544776,0.07315634039883889,1.581019151855639
0.215,0.549854965226687,-0.12347204085448871,-1.1102230246251565e-12,1.5794280337181792
0.22,0.5492376050224145,-0.12347204085448871,1.1102230246251565e-12,1.5778368257019943
0.225,0.5486202448181421,-0.1234720408544776,1.1102230246251565e-12,1.5762450163191646
0.23,0.5480028846138697,-0.1234720408544776,-1.1102230246251565e-12,1.5746526061763821
0.23500000000000001,0.5473855244095973,-0.12347204085448871,-1.1102230246251565e-12,1.573059595880568
0.24,0.5467681642053248,-0.12347204085448871,1.1102230246251565e-12,1.5714659860388713
0.245,0.5461508040010524,-0.1234720408544776,-0.2359597410517278,1.5698701255404839
0.25,0.54553344379678,-0.12583163826500599,-0.6685525996485975,1.5682722902793762
0.255,0.5448924876184024,-0.13015756685096358,-0.6292259761397911,1.5666161713006248
0.26,0.5442318681282704,-0.1321238980264039,-0.19663311754403168,1.5649113166529625
0.265,0.5435712486381383,-0.1321238980264039,0.0,1.5632041273308963
0.27,0.5429106291480064,-0.1321238980264039,0.0,1.5614948793664403
0.275,0.5422500096578743,-0.1321238980264039,0.0,1.5597849499373637
0.28,0.5415893901677423,-0.1321238980264039,0.0,1.5580743397899113
0.28500000000000003,0.5409287706776102,-0.1321238980264039,0.0,1.5563630496706236
0.29,0.5402681511874783,-0.1321238980264039,0.0,1.554651080326339
0.295,0.5396075316973462,-0.1321238980264039,-0.5709925624886036,1.5529344355562538
0.3,0.5389469122072142,-0.13783382365128993,-1.8271761999644198,1.551212316718212
0.305,0.5382291934608333,-0.1503956600260481,-1.9413747124608083,1.5493493368278894
0.31,0.5374429556069538,-0.15724757077589802,-0.6851910749849921,1.5473172551345953
0.315,0.5366567177530743,-0.15724757077589802,-1.1102230246251565e-12,1.5452802199853983
0.32,0.5358704798991948,-0.15724757077590912,-1.1102230246251565e-12,1.543237433252909
0.325,0.5350842420453152,-0.15724757077590912,0.0,1.541193692537442
0.33,0.5342980041914357,-0.15724757077590912,0.0,1.5391489991023766
0.335,0.5335117663375561,-0.15724757077590912,0.0,1.5371033542116803
0.34,0.5327255284836766,-0.15724757077590912,0.0,1.5350567591299098
0.34500000000000003,0.5319392906297971,-0.15724757077590912,-0.6794337841131703,1.5330044590857195
0.35000000000000003,0.5311530527759175,-0.16404190861704082,-2.5478766904241112,1.5309428883174732
0.355,0.5302988715436266,-0.18272633768015023,-3.0574520285087115,1.528712735000873
0.36,0.529325789399116,-0.19461642890212794,-1.1890091221977706,1.526187930895988
0.365,0.5283527072546054,-0.19461642890212794,0.0,1.5236569256164978
0.37,0.5273796251100947,-0.19461642890212794,-1.1102230246251565e-12,1.5211161545394964
0.375,0.5264065429655841,-0.19461642890213904,-1.1102230246251565e-12,1.5185739431346672
0.38,0.5254334608210733,-0.19461642890213904,1.1102230246251565e-12,1.5160302938092014
0.385,0.5244603786765627,-0.19461642890212794,1.1102230246251565e-12,1.5134852089716526
0.39,0.5234872965320521,-0.19461642890212794,0.0,1.510938691031933
0.395,0.5225142143875414,-0.19461642890212794,-0.623064853814137,1.5083863809473348
0.4,0.5215411322430308,-0.2008470774402693,-2.907635984467083,1.5058210120405209
0.405,0.5205057436131387,-0.22369278874679877,-3.9460774074906446,1.5030995636669084
0.41000000000000003,0.5193042043555628,-0.24030785151517575,-1.6615062768365885,1.4999638074509596
0.41500000000000004,0.518102665097987,-0.24030785151516465,1.1102230246251565e-12,1.4968215242718734
0.42,0.5169011258404111,-0.24030785151516465,-1.1102230246251565e-12,1.4936654495929829
0.425,0.5156995865828353,-0.24030785151517575,-1.1102230246251565e-12,1.4905072185146393
0.43,0.5144980473252594,-0.24030785151517575,1.1102230246251565e-12,1.4873468355963695
0.435,0.5132965080676836,-0.24030785151516465,1.1102230246251565e-12,1.484184305400807
0.44,0.5120949688101077,-0.24030785151516465,-1.1102230246251565e-12,1.4810196324936855
0.445,0.5108934295525319,-0.24030785151517575,-0.4392924228580064,1.477849746396872
0.45,0.509691890294956,-0.24470077574374471,-2.8554007485714905,1.4746638890179193
0.455,0.5084464217950945,-0.26886185900089066,-4.392924228573403,1.4713660754505582
0.46,0.5070032717049471,-0.28863001802947874,-1.9768159028588084,1.4675713601651272
0.465,0.5055601216147997,-0.28863001802947874,0.0,1.4637705133197234
0.47000000000000003,0.5041169715246523,-0.28863001802947874,0.0,1.459952780194761
0.47500000000000003,0.5026738214345049,-0.28863001802947874,5.551115123125783e-13,1.4561320064526833
0.48,0.5012306713443575,-0.2886300180294732,5.551115123125783e-13,1.4523082000509466
0.485,0.49978752125421017,-0.2886300180294732,-5.551115123125783e-13,1.4484813689533231
0.49,0.49834437116406277,-0.28863001802947874,0.0,1.444651521129884
0.495,0.4969012210739154,-0.2886300180294732,-0.20157527676090137,1.4408172535300463
0.5,0.49545807098376804,-0.29064577079708775,-2.418903321138033,1.436965874893995
0.505,0.4939947633659445,-0.3128190512408535,-4.233080811990586,1.4330606843651315
0.51,0.4923298804713595,-0.3329765789169936,-2.0157527676140097,1.428643779973029
0.515,0.49066499757677456,-0.3329765789169936,-5.551115123125783e-13,1.4242215045508857
0.52,0.48900011468218957,-0.33297657891699917,0.0,1.4197811711531916
0.525,0.4873352317876046,-0.3329765789169936,5.551115123125783e-13,1.4153369023571893
0.53,0.48567034889301963,-0.3329765789169936,-5.551115123125783e-13,1.410888710481656
0.535,0.48400546599843464,-0.33297657891699917,0.0,1.4064366078562427
0.54,0.48234058310384964,-0.3329765789169936,5.551115123125783e-13,1.4019806068214409
0.545,0.4806757002092647,-0.3329765789169936,-5.551115123125783e-13,1.3975207197285477
0.55,0.4790108173146797,-0.33297657891699917,-1.67864654219807,1.3930452084138356
0.555,0.4773459344200947,-0.3497630443389743,-3.35729308439503,1.3885658357759068
0.56,0.47551318687128996,-0.36654950976094947,-1.678646542197515,1.3836550584426686
0.5650000000000001,0.4736804393224852,-0.36654950976094947,-5.551115123125783e-13,1.3787396334243163
0.5700000000000001,0.47184769177368047,-0.366549509760955,0.0,1.3738078267452531
0.5750000000000001,0.47001494422487566,-0.36654950976094947,5.551115123125783e-13,1.368871405497029
0.58,0.46818219667607097,-0.36654950976094947,-5.551115123125783e-13,1.3639303862608985
0.585,0.46634944912726617,-0.366549509760955,0.0,1.3589847856335602
0.59,0.4645167015784614,-0.36654950976094947,5.551115123125783e-13,1.3540346202271023
0.595,0.4626839540296567,-0.36654950976094947,-5.551115123125783e-13,1.3490799066689454
0.6,0.4608512064808519,-0.366549509760955,-0.8596333059601724,1.3441146441686451
0.605,0.4590184589320471,-0.3751458428205512,-1.8052299425147522,1.339144265073948
0.61,0.4570997480526464,-0.38460180918610254,-1.0315599671512077,1.333948280951527
0.615,0.4551724408401861,-0.38546144249206327,-0.08596333059607275,1.3287252527520694
0.62,0.4532451336277258,-0.38546144249206327,5.551115123125783e-13,1.3234912715514164
0.625,0.45131782641526547,-0.3854614424920577,5.551115123125783e-13,1.318251772483317
0.63,0.4493905192028052,-0.3854614424920577,-5.551115123125783e-13,1.3130073767532666
0.635,0.4474632119903449,-0.38546144249206327,-5.551115123125783e-13,1.3077581038416364
0.64,0.4455359047778846,-0.38546144249206327,0.0,1.3025039732469128
0.645,0.44360859756542426,-0.38546144249206327,5.551115123125783e-13,1.2972450044856267
0.65,0.44168129035296394,-0.3854614424920577,-0.27494001890782105,1.2919792925121485
0.655,0.4397539831405037,-0.3882108426811415,-0.6109778197971316,1.2867083537745374
0.66,0.4377991819261525,-0.39157122069002903,-0.39713558286857964,1.2813612230007598
0.665,0.4358382709336034,-0.3921821985098273,-0.061097781979824184,1.2759933109654726
0.67,0.43387735994105425,-0.3921821985098273,1.1102230246251565e-12,1.2706185679363302
0.675,0.4319164489485051,-0.39218219850981617,1.1102230246251565e-12,1.2652385114774403
0.68,0.4299555379559561,-0.39218219850981617,-1.1102230246251565e-12,1.2598535899605123
0.685,0.42799462696340695,-0.3921821985098273,-1.1102230246251565e-12,1.2544638240914878
0.6900000000000001,0.4260337159708578,-0.3921821985098273,0.0,1.249069234594937
0.6950000000000001,0.4240728049783087,-0.3921821985098273,0.0,1.2436698422139774
0.7000000000000001,0.42211189398575955,-0.3921821985098273,0.133963800224568,1.238266605456796
0.705,0.4201509829932104,-0.3908425605075816,0.31816402553230816,1.2328589590117396
0.71,0.41820346838068373,-0.3890005582545042,0.23443665039091233,1.2274816972447455
0.715,0.41626097741066537,-0.38849819400367247,0.050236425083172165,1.222112963761341
0.72,0.414318486440647,-0.38849819400367247,0.0,1.2167405566637042
0.725,0.41237599547062864,-0.38849819400367247,5.551115123125783e-13,1.211363910130424
0.73,0.4104335045006103,-0.3884981940036669,5.551115123125783e-13,1.2059826927940647
0.735,0.408491013530592,-0.3884981940036669,-5.551115123125783e-13,1.2005969249594115
0.74,0.4065485225605736,-0.38849819400367247,-5.551115123125783e-13,1.1952066269484207
0.745,0.40460603159055525,-0.38849819400367247,0.0,1.1898118191001419
0.75,0.4026635406205369,-0.38849819400367247,0.4373972311455532,1.1844155835512598
0.755,0.4007210496505185,-0.38412422169221694,1.1247357372307087,1.1790166284830876
0.76,0.3988222984036147,-0.3772508366313654,0.937279781024758,1.1737289285475112
0.765,0.39694854128420487,-0.37475142388196936,0.2499412749396024,1.1685031680995341
0.77,0.395074784164795,-0.37475142388196936,0.0,1.1632763668649246
0.775,0.3932010270453852,-0.37475142388196936,0.0,1.1580472309969614
0.78,0.39132726992597533,-0.37475142388196936,5.551115123125783e-13,1.1528140292660316
0.785,0.3894535128065655,-0.3747514238819638,5.551115123125783e-13,1.147576780045722
0.79,0.3875797556871557,-0.3747514238819638,-5.551115123125783e-13,1.1423355017238295
0.795,0.38570599856774584,-0.37475142388196936,-5.551115123125783e-13,1.1370902127022973
0.8,0.383832241448336,-0.37475142388196936,0.5746255989780291,1.1318449537763426
0.805,0.38195848432892615,-0.36900516789218907,1.6281058637712675,1.126599072979476
0.81,0.3801421897694141,-0.3584703652442567,1.5323349306084477,1.121502473642619
0.8150000000000001,0.3783737806764836,-0.3536818185861046,0.4788546658152093,1.1165299664760193
0.8200000000000001,0.37660537158355306,-0.3536818185861046,0.0,1.111557990008533
0.8250000000000001,0.37483696249062254,-0.3536818185861046,-5.551115123125783e-13,1.1065858893818576
0.8300000000000001,0.373068553397692,-0.35368181858611014,0.0,1.101610328162433
0.835,0.37130014430476144,-0.3536818185861046,1.1102230246251565e-12,1.096631321910182
0.84,0.36953173521183097,-0.35368181858609904,0.0,1.0916488861958014
0.845,0.36776332611890045,-0.3536818185861046,-1.1102230246251565e-12,1.0866630366007122
0.85,0.3659949170259699,-0.35368181858611014,0.508740127280749,1.0816773498979027
0.855,0.36422650793303935,-0.3485944173132971,1.6279684073000622,1.0766925539262753
0.86,0.36250897285283695,-0.3374021345131095,1.7297164327567671,1.0718410414625115
0.865,0.36085248658790825,-0.33129725298572943,0.610488152738009,1.0671504563569294
0.87,0.35919600032297966,-0.33129725298572943,-5.551115123125783e-13,1.0624605042406121
0.875,0.35753951405805096,-0.331297252985735,0.0,1.057771910206987
0.88,0.3558830277931223,-0.33129725298572943,0.0,1.0530804137042347
0.885,0.35422654152819366,-0.331297252985735,0.0,1.0483860276055688
0.89,0.35257005526326496,-0.33129725298572943,5.551115123125783e-13,1.0436887647921318
0.895,0.35091356899833637,-0.33129725298572943,-5.551115123125783e-13,1.0389886381529598
0.9,0.34925708273340766,-0.331297252985735,0.3303568013435232,1.0342879730825565
0.905,0.347600596468479,-0.3279936849722942,1.2388380050398773,1.029588516858846
0.91,0.3459771458836847,-0.3189088729353362,1.4866056060480748,1.0249755435403118
0.915,0.34441150773912566,-0.31312762891181345,0.5781244023522758,1.020516251160165
0.92,0.3428458695945666,-0.31312762891181345,0.0,1.0160567697753564
0.925,0.3412802314500075,-0.31312762891181345,0.0,1.011598844680353
0.93,0.33971459330544845,-0.31312762891181345,-5.551115123125783e-13,1.007138439931704
0.935,0.3381489551608894,-0.313127628911819,-5.551115123125783e-13,1.0026755664628528
0.9400000000000001,0.33658331701633026,-0.313127628911819,1.1102230246251565e-12,0.9982102352132942
0.9450000000000001,0.3350176788717712,-0.3131276289118079,5.551115123125783e-13,0.9937424571285481
0.9500000000000001,0.3334520407272122,-0.31312762891181345,0.1420671595320222,0.9892732376302485
0.9550000000000001,0.33188640258265306,-0.3117069573164877,0.6629800778201744,0.9848042451260779
0.96,0.3303349711540473,-0.3064978281336117,0.8997586770420618,0.9803714674986153
0.965,0.32882142430131694,-0.30270937054606706,0.3788457587550198,0.9760393969572627
0.97,0.32730787744858664,-0.3027093705460615,5.551115123125783e-13,0.9717060849579798
0.975,0.32579433059585633,-0.3027093705460615,-5.551115123125783e-13,0.9673731988717396
0.98,0.324280783743126,-0.30270937054606706,-1.1102230246251565e-12,0.9630380967041083
0.985,0.32276723689039566,-0.3027093705460726,0.0,0.9587007883860408
0.99,0.3212536900376653,-0.30270937054606706,1.1102230246251565e-12,0.9543612838535451
0.995,0.319740143184935,-0.3027093705460615,5.551115123125783e-13,0.9500195930476615
1.0,0.3182265963322047,-0.3027093705460615,0.014941150501823763,0.945675830502491
1.0050000000000001,0.3167130494794744,-0.30255995904104327,0.09711747826546269,0.9413303722272545
1.01,0.31520099674179425,-0.3017381957634069,0.14941150502545408,0.9369868417809608
1.0150000000000001,0.3136956675218403,-0.30106584399078873,0.06723517726181516,0.9326595577006449
1.02,0.31219033830188636,-0.30106584399078873,5.551115123125783e-13,0.9283302647883113
1.025,0.3106850090819324,-0.3010658439907832,5.551115123125783e-13,0.9239993389113262
1.03,0.30917967986197853,-0.3010658439907832,-5.551115123125783e-13,0.9196663192373952
1.035,0.3076743506420246,-0.30106584399078873,-5.551115123125783e-13,0.9153312155852078
1.04,0.30616902142207064,-0.30106584399078873,0.0,0.9109940377781768
1.045,0.3046636922021167,-0.30106584399078873,5.551115123125783e-13,0.9066547956444151
1.05,0.30315836298216275,-0.3010658439907832,-0.019756199434728394,0.902313360723317
1.055,0.30165303376220887,-0.301263405985136,-0.23707439322118162,0.8979684982117645
1.06,0.3001457289223114,-0.303436587922995,-0.41488018813651273,0.8936161731936045
1.065,0.2986186678829789,-0.30541220786650114,-0.1975619943506146,0.8892075142431574
1.07,0.2970916068436464,-0.30541220786650114,5.551115123125783e-13,0.8847966434397799
1.075,0.2955645458043139,-0.3054122078664956,5.551115123125783e-13,0.8803823264319086
1.08,0.2940374847649814,-0.3054122078664956,0.0,0.8759659564473158
1.085,0.29251042372564895,-0.3054122078664956,-5.551115123125783e-13,0.8715475437846003
1.09,0.29098336268631647,-0.30541220786650114,-5.551115123125783e-13,0.8671270987471252
1.095,0.28945630164698394,-0.30541220786650114,0.0,0.862704631642992
1.1,0.28792924060765146,-0.30541220786650114,5.551115123125783e-13,0.8582801527850186
1.105,0.2864021795683189,-0.3054122078664956,-0.3742114064314572,0.8538510530108674
1.11,0.2848751185289865,-0.3091543219308157,-0.74842281286569,0.8494199621225603
1.115,0.28331063634901077,-0.3128964359951525,-0.3742114064336777,0.8448835349190912
1.12,0.281746154169035,-0.3128964359951525,5.551115123125783e-13,0.8403450397688975
1.125,0.28018167198905924,-0.31289643599514694,1.1102230246251565e-12,0.8358018683069848
1.1300000000000001,0.2786171898090835,-0.3128964359951414,5.551115123125783e-13,0.8312566511330824
1.135,0.27705270762910783,-0.3128964359951414,-1.1102230246251565e-12,0.8267093993720823
1.1400000000000001,0.2754882254491321,-0.3128964359951525,-1.1102230246251565e-12,0.8221601241538559
1.145,0.2739237432691563,-0.3128964359951525,5.551115123125783e-13,0.817608836613227
1.1500000000000001,0.27235926108918057,-0.31289643599514694,1.1102230246251565e-12,0.8130555478899458
1.155,0.27079477890920484,-0.3128964359951414,-0.40417580080664983,0.808497439898054
1.16,0.26923029672922916,-0.31693819400321344,-0.848769181695519,0.8039370700946152
1.165,0.2676253969691727,-0.3213841278120966,-0.4850109609694231,0.7992625798369895
1.17,0.2660164554511082,-0.32178830361290767,-0.04041758008110907,0.7945748103947045
1.175,0.2644075139330436,-0.32178830361290767,5.551115123125783e-13,0.7898821548114273
1.18,0.2627985724149791,-0.3217883036129021,1.1102230246251565e-12,0.7851871715432773
1.185,0.2611896308969146,-0.32178830361289656,0.0,0.7804901556671815
1.19,0.25958068937885015,-0.3217883036129021,-1.1102230246251565e-12,0.7757911193422684
1.195,0.2579717478607856,-0.32178830361290767,0.0,0.7710900747328968
1.2,0.2563628063427211,-0.3217883036129021,5.551115123125783e-13,0.7663870340086245
1.205,0.25475386482465656,-0.3217883036129021,-0.006490360606181689,0.7616819639116525
1.21,0.25314492330659205,-0.32185320721896393,-0.014423023569909432,0.7569749119582497
1.215,0.2515353327524669,-0.3219325338486012,-0.009374965321273798,0.7522640913399773
1.22,0.24992559796810604,-0.32194695687217667,-0.0014423023575460547,0.7475509195758464
1.225,0.24831586318374516,-0.32194695687217667,0.0,0.7428357652911964
1.23,0.24670612839938427,-0.32194695687217667,2.7755575615628914e-13,0.7381186760405838
1.235,0.2450963936150234,-0.3219469568721739,8.326672684688674e-13,0.7333996741432612
1.24,0.24348665883066253,-0.32194695687216834,-2.7755575615628914e-13,0.7286787718273213
1.245,0.2418769240463017,-0.32194695687217667,-8.326672684688674e-13,0.7239559813257812
1.25,0.24026718926194077,-0.32194695687217667,1.1102230246251565e-12,0.7192313148765499
1.2550000000000001,0.23865745447757994,-0.32194695687216557,-0.12696826900249203,0.714503895944516
1.26,0.2370477196932191,-0.3232166395622016,-0.3015496388825145,0.7097742922634561
1.2650000000000001,0.23542528808195792,-0.3249624532609907,-0.2221944707553325,0.7050073099098818
1.27,0.2337980951606092,-0.3254385842697549,-0.047613100876420233,0.7002251390156268
1.2750000000000001,0.23217090223926037,-0.3254385842697549,1.1102230246251565e-12,0.6954402253171392
1.28,0.23054370931791165,-0.3254385842697438,2.7755575615628914e-13,0.6906531369707642
1.285,0.22891651639656294,-0.32543858426975214,-8.326672684688674e-13,0.6858642199432508
1.29,0.22728932347521413,-0.32543858426975214,-2.7755575615628914e-13,0.6810734869144831
1.295,0.22566213055386541,-0.3254385842697549,-2.7755575615628914e-13,0.6762809505691552
1.3,0.22403493763251658,-0.3254385842697549,1.1102230246251565e-12,0.6714866235967343
1.305,0.22240774471116787,-0.3254385842697438,0.16421818655742992,0.6666916682187358
1.31,0.22078055178981915,-0.3237964024041806,0.4222753368599008,0.6618956044795166
1.315,0.21916978068712606,-0.3212158309011448,0.3518961140502874,0.6571439362129367
1.32,0.2175683934808077,-0.32027744126367774,0.09383896374698386,0.6524169430433326
1.325,0.21596700627448928,-0.32027744126367497,1.1102230246251565e-12,0.6476894263183288
1.33,0.21436561906817095,-0.32027744126366664,0.0,0.6429609055051162
1.335,0.21276423186185262,-0.32027744126367497,-8.326672684688674e-13,0.6382307358569583
1.34,0.2111628446555342,-0.32027744126367497,0.0,0.6334989295040935
1.345,0.20956145744921587,-0.32027744126367497,0.0,0.6287654985809574
1.35,0.20796007024289745,-0.32027744126367497,5.551115123125783e-13,0.6240304552261515
1.355,0.20635868303657912,-0.3202774412636694,0.1496623607266656,0.619294859218938
1.36,0.20475729583026075,-0.3187808176564083,0.4240433553925893,0.6145585481000695
1.365,0.20317087486001503,-0.3160370077097435,0.3990996286057369,0.6098628702456788
1.37,0.20159692575316332,-0.31478982137035094,0.12471863393925808,0.605200843833279
1.375,0.20002297664631152,-0.31478982137035094,-2.7755575615628914e-13,0.6005383657862692
1.3800000000000001,0.1984490275394598,-0.3147898213703537,-2.7755575615628914e-13,0.5958752730468276
1.385,0.196875078432608,-0.3147898213703537,1.1102230246251565e-12,0.5912107041364671
1.3900000000000001,0.19530112932575627,-0.3147898213703426,0.0,0.5865446706107962
1.395,0.19372718021890456,-0.3147898213703537,-1.1102230246251565e-12,0.5818771840290505
1.4000000000000001,0.19215323111205274,-0.3147898213703537,2.7755575615628914e-13,0.5772082559540659
1.405,0.19057928200520102,-0.31478982137035094,0.14702793559612237,0.5725389271477986
1.41,0.18900533289834923,-0.3133195420143925,0.4704893939080912,0.5678694150193077
1.415,0.1874460865850571,-0.31008492743127003,0.4998949810269826,0.5632400979820475
1.42,0.18590448362403653,-0.30832059220412267,0.17643352271473622,0.5586593490973234
1.425,0.18436288066301587,-0.30832059220412267,0.0,0.5540783017352304
1.43,0.1828212777019953,-0.30832059220412267,0.0,0.5494971726189821
1.435,0.18127967474097464,-0.30832059220412267,8.326672684688674e-13,0.5449147376011524
1.44,0.17973807177995407,-0.30832059220411434,0.0,0.5403310075720782
1.445,0.1781964688189335,-0.30832059220412267,-8.326672684688674e-13,0.5357459934251732
1.45,0.17665486585791285,-0.30832059220412267,-2.7755575615628914e-13,0.5311597060569034
1.455,0.17511326289689227,-0.30832059220412544,0.10834092651457183,0.5265729147532465
1.46,0.1735716599358716,-0.30723718293897695,0.4062784744318648,0.521986199206558
1.465,0.1720408910675025,-0.3042578074598068,0.4875341693172386,0.517428988616374
1.47,0.17052908186127352,-0.30236184124580456,0.18959662140022315,0.5129243849461493
1.475,0.16901727265504446,-0.30236184124580456,0.0,0.5084193673425799
1.48,0.16750546344881548,-0.30236184124580456,0.0,0.503914514889015
1.485,0.1659936542425864,-0.30236184124580456,8.326672684688674e-13,0.4994085107052449
1.49,0.16448184503635743,-0.30236184124579624,-2.7755575615628914e-13,0.49490136509004284
1.495,0.16297003583012845,-0.30236184124580734,-1.1102230246251565e-12,0.4903930883447903
1.5,0.16145822662389936,-0.30236184124580734,2.7755575615628914e-13,0.48588369077345384
1.5050000000000001,0.15994641741767038,-0.30236184124580456,0.07087684448292553,0.48137367882047416
1.51,0.1584346082114413,-0.3016530728009781,0.3307586075851354,0.4768638896914366
1.5150000000000001,0.1569298866896606,-0.2990542551699532,0.44888668172232693,0.47237317740750445
1.52,0.15544406565974178,-0.2971642059837548,0.18900491862067215,0.46793518682887775
1.5250000000000001,0.15395824462982305,-0.2971642059837465,2.7755575615628914e-13,0.4634966593475451
1.53,0.15247242359990432,-0.29716420598375204,-5.551115123125783e-13,0.45905843165588045
1.5350000000000001,0.15098660256998553,-0.29716420598375204,-2.7755575615628914e-13,0.45461919051756755
1.54,0.1495007815400668,-0.2971642059837548,0.0,0.45017894573295847
1.545,0.14801496051014798,-0.29716420598375204,1.1102230246251565e-12,0.44573770710462
1.55,0.14652913948022928,-0.2971642059837437,-2.7755575615628914e-13,0.44129548443731426
1.555,0.14504331845031054,-0.2971642059837548,0.01431694843206932,0.4368523877566136
1.56,0.14355749742039173,-0.297021036499423,0.09306016481497315,0.4324087776368393
1.565,0.1420731080853163,-0.2962336043356051,0.14316948433068521,0.42796829611154197
1.57,0.14059516137703568,-0.29558934165611617,0.06442626794972428,0.42354525008703586
1.575,0.13911721466875515,-0.29558934165610784,0.0,0.41912137912122066
1.58,0.1376392679604746,-0.29558934165611617,-8.326672684688674e-13,0.41469704364152393
1.585,0.136161321252194,-0.29558934165611617,0.0,0.41027180232826155
1.59,0.13468337454391344,-0.29558934165611617,0.0,0.4058456648476037
1.595,0.13320542783563283,-0.29558934165611617,8.326672684688674e-13,0.4014186408676775
1.6,0.13172748112735227,-0.29558934165610784,0.0,0.3969907400585473
1.605,0.13024953441907175,-0.29558934165611617,0.01148078839746658,0.3925620524577109
1.61,0.1287715877107911,-0.2954745337721332,0.13776946078292163,0.38813331102871057
1.615,0.12729478908135042,-0.29421164704828695,0.24109655637025162,0.3837070030087146
1.62,0.12582947124030824,-0.29306356820843066,0.11480788398618436,0.3793126767595148
1.625,0.12436415339926611,-0.2930635682084251,-1.3877787807814457e-13,0.3749176164340731
1.6300000000000001,0.12289883555822399,-0.29306356820843205,-6.938893903907228e-13,0.370522554757213
1.635,0.12143351771718179,-0.29306356820843205,1.3877787807814457e-13,0.36612669751062943
1.6400000000000001,0.11996819987613967,-0.29306356820843066,1.3877787807814457e-13,0.36173005413291404
1.645,0.11850288203509748,-0.29306356820843066,6.938893903907228e-13,0.3573326340643455
1.6500000000000001,0.11703756419405537,-0.2930635682084237,-1.3877787807814457e-13,0.3529344467468712
1.655,0.11557224635301325,-0.29306356820843205,-8.326672684688674e-13,0.3485355016240851
1.6600000000000001,0.11410692851197105,-0.29306356820843205,0.2319465577005353,0.34413743176711215
1.665,0.11264161067092893,-0.2907441026314267,0.4638931154010706,0.33973862299687735
1.67,0.11119948748565678,-0.28842463705442134,0.23194655770136796,0.3354055095538886
1.675,0.10975736430038471,-0.288424637054413,1.3877787807814457e-13,0.33107169856509233
1.68,0.10831524111511265,-0.28842463705441995,-6.938893903907228e-13,0.3267388226661242
1.685,0.10687311792984051,-0.28842463705441995,-1.3877787807814457e-13,0.32240526724224416
1.69,0.10543099474456845,-0.28842463705442134,0.0,0.31807104130602976
1.695,0.1039888715592963,-0.28842463705441995,1.3877787807814457e-13,0.31373615387145226
1.7,0.10254674837402425,-0.28842463705441995,-1.3877787807814457e-13,0.30940061395385965
1.705,0.1011046251887521,-0.28842463705442134,6.938893903907228e-13,0.30506443056995575
1.71,0.09966250200348004,-0.288424637054413,-7.309942054445351e-05,0.3007276122260877
1.715,0.09822037881820797,-0.2884253680486268,-0.00015350878415643088,0.29639016840214377
1.72,0.09677824832299377,-0.2884261721422546,-8.771930487538881e-05,0.2920520872027191
1.725,0.09533611709678542,-0.28842624524167554,-7.309941957300836e-06,0.28771339651385486
1.73,0.09389398587057701,-0.28842624524167415,8.326672684688674e-13,0.283374106943627
1.735,0.09245185464436868,-0.2884262452416672,-1.3877787807814457e-13,0.2790342279771659
1.74,0.09100972341816034,-0.28842624524167554,-6.938893903907228e-13,0.27469376869146983
1.745,0.08956759219195193,-0.28842624524167415,1.3877787807814457e-13,0.2703527381135746
1.75,0.0881254609657436,-0.28842624524167415,-1.3877787807814457e-13,0.26601114527170466
1.7550000000000001,0.08668332973953519,-0.28842624524167554,6.938893903907228e-13,0.26166899919525316
1.76,0.08524119851332684,-0.2884262452416672,0.2036172050652596,0.25732773423519995
1.7650000000000001,0.08379906728711851,-0.28639007319102294,0.45248267792175056,0.25298625084065984
1.77,0.08237729778141661,-0.2839014184624497,0.29411374064952645,0.24870272452709558
1.7750000000000001,0.08096005310249402,-0.2834489357845277,0.04524826779220281,0.24443169332645065
1.78,0.07954280842357134,-0.2834489357845277,8.326672684688674e-13,0.24016159648574256
1.7850000000000001,0.07812556374464874,-0.28344893578451935,1.3877787807814457e-13,0.23589133399861498
1.79,0.07670831906572614,-0.2834489357845263,-6.938893903907228e-13,0.23162059770436602
1.795,0.07529107438680348,-0.2834489357845263,-1.3877787807814457e-13,0.2273493961811202
1.8,0.07387382970788088,-0.2834489357845277,-1.3877787807814457e-13,0.22307773800793704
1.805,0.0724565850289582,-0.2834489357845277,8.326672684688674e-13,0.2188056317647924
1.81,0.0710393403500356,-0.28344893578451935,0.3590435989825336,0.21453559933775598
1.815,0.06962209567111301,-0.27985849979470234,0.852728547582754,0.21026607849284104
1.82,0.06824075535208858,-0.2749216503086918,0.6283262982195725,0.20609937579431378
1.825,0.06687287916802609,-0.2735752368125066,0.1346413496183807,0.20197099874868074
1.83,0.06550500298396351,-0.273575236812508,-1.3877787807814457e-13,0.19784475710510502
1.835,0.06413712679990101,-0.273575236812508,0.0,0.19371908776662677
1.84,0.06276925061583843,-0.273575236812508,7.66053886991358e-13,0.1895930559632761
1.845,0.06140137443177593,-0.27357523681250034,7.216449660063518e-14,0.18546666941520956
1.85,0.06003349824771343,-0.2735752368125073,-6.938893903907228e-13,0.18133993584324667
1.855,0.058665622063650856,-0.2735752368125073,0.0,0.17721286296885638
1.86,0.05729774587958836,-0.2735752368125073,0.2795780945995252,0.17308741556080537
1.865,0.05592986969552578,-0.27077945586651203,0.7189151003995919,0.1689627626075337
1.87,0.05458995132092324,-0.26638608580851136,0.5990959169990817,0.1649182550013915
1.875,0.05326600883744067,-0.2647884966965212,0.15975891119901497,0.16091943273062723
1.8800000000000001,0.051942066353958025,-0.2647884966965212,6.661338147750939e-14,0.15692228544513093
1.885,0.05061812387047546,-0.26478849669652055,6.661338147750939e-14,0.1529259814149525
1.8900000000000001,0.04929418138699282,-0.26478849669652055,6.938893903907228e-13,0.14892940933252852
1.895,0.04797023890351025,-0.2647884966965136,0.0,0.14493257620314465
1.9000000000000001,0.04664629642002768,-0.26478849669652055,-6.938893903907228e-13,0.14093548903254347
1.905,0.045322353936545046,-0.26478849669652055,-6.661338147750939e-14,0.13693815482691285
1.9100000000000001,0.04399841145306248,-0.2647884966965212,0.2791404414968113,0.13294253457596486
1.915,0.04267446896957983,-0.26199709228155244,0.7908979175751785,0.12894830962289244
1.92,0.04137844053024695,-0.25687951752076943,0.744374510658341,0.12503424763116824
1.925,0.04010567379437214,-0.254553347174969,0.23261703458010707,0.1211869700792041
1.93,0.03883290705849726,-0.25455334717496836,0.0,0.11734145019796031
1.935,0.037560140322622455,-0.254553347174969,-6.661338147750939e-14,0.11349736855044308
1.94,0.03628737358674757,-0.254553347174969,7.605027718682322e-13,0.10965310304457211
1.945,0.035014606850872765,-0.2545533471749614,0.0,0.1058086599078079
1.95,0.03374184011499796,-0.254553347174969,-7.605027718682322e-13,0.10196404536789799
1.955,0.032469073379123074,-0.254553347174969,6.661338147750939e-14,0.09811926565286759
1.96,0.031196306643248267,-0.25455334717496836,0.2745556926900594,0.09427624888085902
1.965,0.02992353990737339,-0.25180779024806843,0.8785782166088552,0.0904353856583921
1.97,0.028678228740767583,-0.2457675650088798,0.9334893551463108,0.08667348146462876
1.975,0.027465864257284592,-0.24247289669660532,0.32946683122744846,0.08300637288407274
1.98,0.02625349977380153,-0.24247289669660532,3.3306690738754696e-14,0.07934106419170885
1.985,0.02504113529031854,-0.242472896696605,0.0,0.07567794514948885
1.99,0.02382877080683548,-0.24247289669660532,6.245004513516506e-13,0.0720147148737467
1.995,0.022616406323352486,-0.24247289669659874,0.0,0.06835137874879922
2.0,0.021404041839869492,-0.24247289669660532,-6.578071420904053e-13,0.06468794215911829
2.005,0.020191677356386432,-0.24247289669660532,-3.608224830031759e-14,0.0610244104893234
2.0100000000000002,0.01897931287290344,-0.24247289669660568,0.20159747860737376,0.057362200306524634
2.015,0.017766948389420376,-0.24045692191053158,0.7559905447779125,0.05370237538237558
2.02,0.016574743653798123,-0.23491299124882656,0.9071886537335289,0.05010057286043293
2.025,0.01541781847693211,-0.2313850353731963,0.3527955875636313,0.046600378444817014
2.0300000000000002,0.01426089330006616,-0.23138503537319025,-3.608224830031759e-14,0.0431015328413821
2.035,0.013103968123200208,-0.23138503537319666,-6.245004513516506e-13,0.039605099116705116
2.04,0.011947042946334193,-0.2313850353731965,0.0,0.03610861238156457
2.045,0.010790117769468243,-0.23138503537319666,-1.6653345369377348e-14,0.03261207731592341
2.05,0.009633192592602226,-0.23138503537319666,6.605826996519681e-13,0.02911549859980854
2.055,0.008476267415736276,-0.23138503537319005,1.6653345369377348e-14,0.02561888091330604
2.06,0.007319342238870326,-0.2313850353731965,0.18907450379596624,0.022123552458080148
2.065,0.006162417062004311,-0.2294942903352304,0.882347684384463,0.018631723783525404
2.07,0.005024399335518022,-0.22256155852935186,1.1974718573790537,0.015194369448842735
2.075,0.0039368014767107926,-0.21751957176143985,0.5041986767918061,0.011902327583382128
2.08,0.0028492036179036235,-0.2175195717614338,0.0,0.00861159516472892
2.085,0.0017616057590964544,-0.21751957176143985,-5.995204332975845e-13,0.005324381950424409
2.09,0.000674007900289225,-0.2175195717614398,5.551115123125783e-15,0.002037162438073447
2.095,-0.00041358995851794363,-0.2175195717614398,0.0,-0.0012500594839736031
2.1,-0.001501187817325173,-0.2175195717614398,5.88418203051333e-13,-0.004537279927364238
2.105,-0.0025887856761323417,-0.2175195717614339,0.0,-0.007824495003746993
2.11,-0.003676383534939512,-0.2175195717614398,0.12639630731033635,-0.011110816050626105
2.115,-0.00476398139374674,-0.21625560868833055,0.8215759975211179,-0.0143931424701388
2.12,-0.005838939621822818,-0.20930381178622862,1.2639630731094558,-0.01763901926764688
2.125,-0.006857019511609026,-0.203615977957236,0.5687833828998179,-0.02072093015571503
2.13,-0.007875099401395178,-0.20361597795723044,-8.326672684688674e-15,-0.023801934788539213
2.1350000000000002,-0.00889317929118133,-0.20361597795723607,-5.634381849972669e-13,-0.026878933267297296
2.14,-0.009911259180967538,-0.20361597795723607,0.0,-0.029955903886402124
2.145,-0.01092933907075369,-0.20361597795723607,0.0,-0.03303284345661465
2.15,-0.011947418960539899,-0.20361597795723607,0.0,-0.03610974878872864
2.1550000000000002,-0.012965498850326052,-0.20361597795723607,0.0,-0.039186616693572714
2.16,-0.01398357874011226,-0.20361597795723607,0.06563233920585387,-0.04226298455564049
2.165,-0.015001658629898412,-0.20295965456517753,0.7875880704638627,-0.04533471434847154
2.17,-0.016013175285764035,-0.19574009725259744,1.378279123311274,-0.048387481425278656
2.1750000000000003,-0.016959059602424387,-0.1891768633320648,0.6563233920532652,-0.05125104496228944
2.18,-0.017904943919084683,-0.1891768633320648,0.0,-0.054114103214655186
2.185,-0.018850828235745035,-0.1891768633320648,5.218048215738236e-13,-0.05697251878754693
2.19,-0.01979671255240533,-0.18917686333205957,-3.3306690738754696e-14,-0.05983088338729267
2.195,-0.02074259686906563,-0.18917686333206513,-5.218048215738236e-13,-0.06268919445652213
2.2,-0.021688481185725982,-0.1891768633320648,3.3306690738754696e-14,-0.0655474494379129
2.205,-0.02263436550238628,-0.1891768633320648,-3.3306690738754696e-14,-0.0684056457741923
2.21,-0.02358024981904663,-0.18917686333206513,5.218048215738236e-13,-0.07126378090814076
2.215,-0.02452613413570693,-0.18917686333205957,0.466063095839081,-0.07411858984092194
2.22,-0.025472018452367226,-0.18451623237367432,0.9321261916775403,-0.07697333245709878
2.225,-0.026371296459443673,-0.17985560141528417,0.4660630958390144,-0.07969371439587362
2.23,-0.027270574466520068,-0.17985560141528417,0.0,-0.08241403188363305
2.235,-0.028169852473596515,-0.17985560141528417,5.190292640122607e-13,-0.08513102028142171
2.24,-0.02906913048067291,-0.17985560141527898,3.3306690738754696e-14,-0.08784793983367921
2.245,-0.029968408487749305,-0.17985560141528384,-5.190292640122607e-13,-0.09056478834323052
2.25,-0.030867686494825748,-0.17985560141528417,-6.938893903907228e-14,-0.093281563612958
2.255,-0.03176696450190215,-0.17985560141528453,3.3306690738754696e-14,-0.09599826344580278
2.2600000000000002,-0.032666242508978593,-0.17985560141528384,6.245004513516506e-13,-0.09871488564476764
2.265,-0.033565520516054985,-0.1798556014152783,0.40859275743328205,-0.10142856786361547
2.27,-0.034464798523131376,-0.17576967384095102,0.8580447906093164,-0.10414188203984803
2.275,-0.035323217254464495,-0.17127515350918512,0.4903113089199662,-0.10673741384844038
2.2800000000000002,-0.03617755005822323,-0.17086656075175136,0.04085927574337678,-0.10932109755634528
2.285,-0.03703188286198201,-0.17086656075175136,4.85722573273506e-13,-0.11190184132296545
2.29,-0.03788621566574074,-0.1708665607517465,0.0,-0.1144822173992363
2.295,-0.038740548469499474,-0.17086656075175136,-4.85722573273506e-13,-0.11706250991671167
2.3000000000000003,-0.039594881273258255,-0.17086656075175136,0.0,-0.11964271699207625
2.305,-0.04044921407701699,-0.17086656075175136,6.938893903907228e-14,-0.1222228367420766
2.31,-0.04130354688077577,-0.17086656075175066,4.85722573273506e-13,-0.12480286728352359
2.315,-0.042157879684534494,-0.1708665607517465,0.09856233257776736,-0.1273821167969646
2.32,-0.04301221248829323,-0.169880937425973,0.21902740572808665,-0.12996112001648605
2.325,-0.043856689058794224,-0.16867628669446563,0.1423678137235651,-0.13251164682141203
2.33,-0.04469897535523789,-0.16845725928873734,0.021902740572829482,-0.13505577235925323
2.335,-0.0455412616516816,-0.16845725928873734,-6.938893903907228e-14,-0.1375991121458582
2.34,-0.04638354794812526,-0.16845725928873803,0.0,-0.14014220099411687
2.345,-0.04722583424456898,-0.16845725928873734,5.551115123125783e-13,-0.14268519041902888
2.35,-0.048068120541012636,-0.16845725928873248,0.0,-0.14522807861647982
2.355,-0.0489104068374563,-0.16845725928873734,-4.85722573273506e-13,-0.14777086378242762
2.36,-0.04975269313390001,-0.16845725928873734,-6.938893903907228e-14,-0.1503135441129032
2.365,-0.050594979430343676,-0.16845725928873803,-0.06435896270681751,-0.15285656831675046
2.37,-0.05143726572678739,-0.1691008489158055,-0.15285253642804975,-0.15539965301968867
2.375,-0.05228598791950173,-0.16998578465301853,-0.11262818473682656,-0.1579611521155138
2.38,-0.053137123573317575,-0.17022713076317378,-0.024134611015524943,-0.16052948383991167
2.3850000000000002,-0.05398825922713347,-0.17022713076317378,0.0,-0.16309814978449882
2.39,-0.05483939488094931,-0.17022713076317378,0.0,-0.16566686651786738
2.395,-0.055690530534765206,-0.17022713076317378,4.85722573273506e-13,-0.16823546323688024
2.4,-0.05654166618858105,-0.17022713076316892,0.0,-0.17080393808076383
2.4050000000000002,-0.057392801842396896,-0.17022713076317378,-4.85722573273506e-13,-0.1733722891888333
2.41,-0.05824393749621279,-0.17022713076317378,0.0,-0.1759405147004934
2.415,-0.05909507315002863,-0.17022713076317378,0.04912813786416004,-0.17850826885827445
2.42,-0.059946208803844526,-0.16973584938453218,0.12632949736558763,-0.18107569718617827
2.4250000000000003,-0.060792431643873955,-0.1689638357895179,0.10527458113765431,-0.18362886077454443
2.43,-0.061635847161739706,-0.16868310357315563,0.02807322163615733,-0.18617381698321614
2.435,-0.06247926267960551,-0.16868310357315633,6.938893903907228e-14,-0.18871829686009547
2.44,-0.06332267819747127,-0.16868310357315494,2.0816681711721685e-13,-0.19126244597972059
2.445,-0.06416609371533706,-0.16868310357315425,3.469446951953614e-13,-0.1938064590448635
2.45,-0.06500950923320281,-0.16868310357315147,-1.3877787807814457e-13,-0.19635033424584095
2.455,-0.06585292475106858,-0.16868310357315563,-4.163336342344337e-13,-0.19889406977306837
2.46,-0.06669634026893437,-0.16868310357315563,0.0,-0.20143766381706027
2.465,-0.06753975578680013,-0.16868310357315563,0.35581062340500624,-0.20397862389406782
2.47,-0.06838317130466592,-0.16512499733910557,1.008130099647564,-0.20651736330720225
2.475,-0.06919100576019119,-0.15860180257668,0.9488283290801092,-0.20895365223825643
2.48,-0.06996918933043272,-0.15563671404830448,0.2965088528379678,-0.21130455665796788
2.485,-0.07074737290067423,-0.15563671404830032,0.0,-0.21365284244243452
2.49,-0.07152555647091573,-0.15563671404830448,-8.326672684688674e-13,-0.2159989232832567
2.495,-0.07230374004115728,-0.15563671404830864,0.0,-0.21834487332168923
2.5,-0.07308192361139881,-0.15563671404830448,8.326672684688674e-13,-0.22069069113709572
2.505,-0.07386010718164032,-0.15563671404830032,4.163336342344337e-13,-0.22303637530892004
2.5100000000000002,-0.07463829075188182,-0.15563671404830032,0.0,-0.2253819244166872
2.515,-0.07541647432212333,-0.15563671404830032,0.6622263864709821,-0.2277227014552986
2.52,-0.07619465789236482,-0.1490144501835905,2.119124436708586,-0.23005777788750245
2.525,-0.07690661882395923,-0.13444546968121446,2.2515697140043645,-0.23220242296134214
2.5300000000000002,-0.07753911258917696,-0.12649875304354685,0.7946716637668993,-0.23411861173450327
2.535,-0.0781716063543947,-0.12649875304354546,1.3877787807814457e-13,-0.2360300712619696
2.54,-0.07880410011961242,-0.12649875304354546,-6.938893903907228e-13,-0.23793587366434898
2.545,-0.07943659388483015,-0.1264987530435524,-6.938893903907228e-13,-0.23984158088087482
2.5500000000000003,-0.08006908765004794,-0.1264987530435524,5.551115123125783e-13,-0.2417471921491722
2.555,-0.08070158141526568,-0.12649875304354685,6.938893903907228e-13,-0.24365270670690417
2.56,-0.08133407518048341,-0.12649875304354546,1.3877787807814457e-13,-0.24555812379177291
2.565,-0.08196656894570113,-0.12649875304354546,0.820668556815729,-0.2474576979616217
2.57,-0.08259906271091887,-0.11829206747538817,3.077507088061343,-0.24934711994430772
2.575,-0.08314948962045501,-0.09572368216293203,3.69300850567536,-0.25100074547578666
2.58,-0.08355629953254819,-0.08136198241863457,1.436169974429885,-0.252241841568453
2.585,-0.08396310944464136,-0.08136198241863318,1.3877787807814457e-13,-0.25347715123497017
2.59,-0.08436991935673452,-0.08136198241863318,-5.551115123125783e-13,-0.2547023657626421
2.595,-0.08477672926882769,-0.08136198241863873,-5.551115123125783e-13,-0.2559275381385237
2.6,-0.0851835391809209,-0.08136198241863873,4.163336342344337e-13,-0.2571526681598561
2.605,-0.08559034909301408,-0.08136198241863457,5.551115123125783e-13,-0.258377755623887
2.61,-0.08599715900510725,-0.08136198241863318,1.3877787807814457e-13,-0.2596028003278715
2.615,-0.08640396891720041,-0.08136198241863318,0.8879515450922748,-0.2608215864082559
2.62,-0.08681077882929358,-0.07248246696771043,4.1437738770996875,-0.26202375422761687
2.625,-0.08712879358687751,-0.039924243647636304,5.623693118922551,-0.26297094919494324
2.63,-0.08721002126576995,-0.01624553577848492,2.3678707869151383,-0.26323831528822206
2.6350000000000002,-0.08729124894466236,-0.01624553577848492,-1.3877787807814457e-13,-0.2634994639837463
2.64,-0.0873724766235548,-0.01624553577848631,-2.7755575615628914e-13,-0.2637440358452096
2.645,-0.08745370430244723,-0.016245535778487696,-1.3877787807814457e-13,-0.26398860596650675
2.65,-0.08753493198133967,-0.016245535778487696,2.7755575615628914e-13,-0.26423317434602406
2.6550000000000002,-0.0876161596602321,-0.01624553577848492,2.7755575615628914e-13,-0.26447774098214777
2.66,-0.08769738733912452,-0.01624553577848492,-1.3877787807814457e-13,-0.2647223058732643
2.665,-0.08777861501801695,-0.01624553577848631,0.7161311209917531,-0.2649618560999131
2.67,-0.08785984269690938,-0.00908422456856739,4.654852286447575,-0.26517884644801626
2.6750000000000003,-0.08786945726370263,0.03030298708598944,7.161311209919336,-0.2651902487877449
2.68,-0.08755681282604949,0.06252888753062597,3.222590044463652,-0.2642764969425803
2.685,-0.08724416838839637,0.06252888753062597,0.0,-0.26335770634524985
2.69,-0.08693152395074323,0.06252888753062597,2.7755575615628914e-13,-0.2624163318753025
2.695,-0.08661887951309011,0.06252888753062874,4.163336342344337e-13,-0.2614749317550658
2.7,-0.08630623507543694,0.06252888753063013,-2.7755575615628914e-13,-0.2605335060765581
2.705,-0.0859935906377838,0.06252888753062597,-4.163336342344337e-13,-0.2595920549318008
2.71,-0.08568094620013068,0.06252888753062597,0.0,-0.25865057841281747
2.715,-0.08536830176247755,0.06252888753062597,0.41710628169558395,-0.2577061568676622
2.72,-0.08505565732482442,0.0666999503475818,5.005275380346591,-0.2567325126926167
2.725,-0.08470130225900173,0.11258164133409188,8.759231915606291,-0.25563906634078354
2.73,-0.0839298409114835,0.15429226950364472,4.171062816955284,-0.2533477550417296
2.735,-0.08315837956396528,0.15429226950364472,8.326672684688674e-13,-0.2510533732007565
2.74,-0.08238691821644706,0.15429226950365305,8.326672684688674e-13,-0.24872964450500165
2.745,-0.08161545686892875,0.15429226950365305,-8.326672684688674e-13,-0.24640576777715661
2.75,-0.08084399552141053,0.15429226950364472,-8.326672684688674e-13,-0.2440817444002831
2.755,-0.0800725341738923,0.15429226950364472,0.0,-0.2417575757575294
2.7600000000000002,-0.07930107282637408,0.15429226950364472,8.326672684688674e-13,-0.23943326323213046
2.765,-0.07852961147885586,0.15429226950365305,8.326672684688674e-13,-0.23710880820740685
2.77,-0.07775815013133755,0.15429226950365305,5.005262754224776,-0.2347491752274842
2.775,-0.07698668878381933,0.2043448970459008,10.010525508450524,-0.232389402515132
2.7800000000000002,-0.07571470116087854,0.2543975245881583,5.005262754225748,-0.22859110690280005
2.785,-0.07444271353793774,0.2543975245881583,1.3877787807814457e-12,-0.22479244138427418
2.79,-0.07317072591499696,0.25439752458817216,1.3877787807814457e-12,-0.22095837532302237
2.795,-0.07189873829205602,0.25439752458817216,-1.3877787807814457e-12,-0.2171239517616597
2.8000000000000003,-0.07062675066911524,0.2543975245881583,-1.3877787807814457e-12,-0.21328917690410149
2.805,-0.06935476304617444,0.2543975245881583,0.0,-0.20945405695483002
2.81,-0.06808277542323365,0.2543975245881583,1.3877787807814457e-12,-0.2056185981188865
2.815,-0.06681078780029286,0.25439752458817216,1.3877787807814457e-12,-0.20178280660186027
2.82,-0.06553880017735193,0.25439752458817216,4.475606182937075,-0.19791535936659807
2.825,-0.06426681255441113,0.2991535864175429,9.398772984169634,-0.19404445893870917
2.83,-0.0625472643131765,0.3483852544298685,5.370727419526861,-0.18888583258364894
2.835,-0.06078296001011245,0.3528608606128115,0.4475606182962444,-0.18359789000398147
2.84,-0.05901865570704839,0.35286086061283095,1.942890293094024e-12,-0.17827804667348543
2.845,-0.05725435140398414,0.35286086061283095,-1.942890293094024e-12,-0.17295451548030755
2.85,-0.05549004710092008,0.3528608606128115,-2.0095036745715333e-12,-0.16763044591969914
2.855,-0.053725742797856024,0.35286086061281086,0.0,-0.1623058545642576
2.86,-0.05196143849479197,0.3528608606128115,2.0095036745715333e-12,-0.15698075798820513
2.865,-0.05019713419172791,0.35286086061283095,1.942890293094024e-12,-0.15165517276733662
2.87,-0.04843282988866366,0.35286086061283095,3.8358739882396464,-0.14630226436104965
2.875,-0.0466685255855996,0.3912196004952274,8.524164418312818,-0.14094293355095547
2.88,-0.044520633883711386,0.43810250479595914,5.540706871904821,-0.1344786468440719
2.8850000000000002,-0.04228750053764001,0.44662666921427563,0.8524164418341473,-0.12776826462448718
2.89,-0.04005436719156863,0.4466266692143006,2.4980018054066022e-12,-0.12103039409190951
2.895,-0.037821233845497,0.4466266692143006,-2.4980018054066022e-12,-0.1142859530798878
2.9,-0.03558810049942562,0.44662666921427563,-2.431388423929093e-12,-0.10754094213725096
2.9050000000000002,-0.033354967153354245,0.4466266692142763,6.661338147750939e-14,-0.10079539490057507
2.91,-0.03112183380728286,0.4466266692142763,2.398081733190338e-12,-0.09404934500911137
2.915,-0.028888700461211482,0.4466266692143003,2.431388423929093e-12,-0.08730282610461788
2.92,-0.026655567115139858,0.4466266692143006,2.9919133301466503,-0.08053492843787965
2.9250000000000003,-0.024422433769068476,0.4765458025157668,7.105794159101531,-0.07375877527598547
2.93,-0.02189010908998219,0.5176846108053159,5.235848327760778,-0.06612006631502462
2.935,-0.019245587661015317,0.5289042857933746,1.1219674988087958,-0.058157593524200656
2.94,-0.016601066232048444,0.5289042857934039,2.9309887850104133e-12,-0.05017377056062
2.945,-0.013956544803081278,0.5289042857934039,-2.9531932455029164e-12,-0.042181742934808655
2.95,-0.011312023374114405,0.5289042857933743,-2.9531932455029164e-12,-0.03418942031142132
2.955,-0.008667501945147534,0.5289042857933743,2.220446049250313e-14,-0.02619685858468157
2.96,-0.006022980516180661,0.5289042857933746,2.9309887850104133e-12,-0.018204113650486048
2.965,-0.0033784590872137886,0.5289042857934037,2.90878432451791e-12,-0.010211241406012646
2.97,-0.0007339376582466244,0.5289042857934037,2.1486647742505194,-0.002203257095908948
2.975,0.0019105837707202485,0.5503909335359088,5.525137990934758,0.005813337386932972
2.98,0.004769971677112464,0.5841556657027512,4.60428165911505,0.014449228665873342
2.985,0.007752140427747761,0.5964337501270593,1.2278084424341085,0.023438902090128253
2.99,0.010734309178383057,0.5964337501270923,3.319566843629218e-12,0.03244340779449064
2.995,0.013716477929018684,0.5964337501270925,-3.3084646133829665e-12,0.04145621962821816
3.0,0.016698646679653983,0.5964337501270592,-3.341771304121721e-12,0.0504686627783573
3.005,0.019680815430289277,0.5964337501270591,2.220446049250313e-14,0.059480657094333256
3.0100000000000002,0.022662984180924575,0.5964337501270595,3.3306690738754696e-12,0.0684921224295619
3.015,0.025645152931559872,0.5964337501270924,3.297362383136715e-12,0.07750297864216348
3.02,0.0286273216821955,0.5964337501270924,1.4196621157548273,0.08652308323048663
3.025,0.031609490432830796,0.6106303712846407,4.022375994644745,0.09555069979172827
3.0300000000000002,0.034733625395041906,0.6366575100735399,3.785765642025307,0.1049864211597362
3.035,0.037976065533566195,0.6484880277048938,1.1830517631353898,0.11476187114432783
3.04,0.041218505672090844,0.6484880277048938,-3.5416114485542494e-12,0.12454605231232548
3.045,0.04446094581061513,0.6484880277048584,-3.5416114485542494e-12,0.13433720543909652
3.0500000000000003,0.04770338594913943,0.6484880277048584,0.0,0.14412694622390426
3.055,0.050945826087663716,0.6484880277048584,3.6082248300317588e-12,0.15391517174320138
3.06,0.05418826622618801,0.6484880277048944,3.5416114485542494e-12,0.1637017790893711
3.065,0.05743070636471266,0.6484880277048938,-3.674838211509268e-12,0.17348666537181032
3.0700000000000003,0.06067314650323695,0.6484880277048577,0.8164077584114859,0.18327544257231587
3.075,0.06391558664176124,0.6566521052890086,2.612504826928619,0.1930691508084165
3.08,0.06723966755612704,0.6746130759741439,2.7757863786156967,0.2030955988474626
3.085,0.07066171740150268,0.6844099690751656,0.9796893101020387,0.2134014567062106
3.09,0.07408376724687869,0.6844099690751643,-3.885780586188048e-12,0.22371053048023087
3.095,0.07750581709225432,0.6844099690751267,-3.6082248300317588e-12,0.23402384233655607
3.1,0.08092786693762996,0.6844099690751282,0.0,0.24433441367686806
3.105,0.0843499167830056,0.6844099690751267,3.6082248300317588e-12,0.25464212376011075
3.11,0.08777196662838123,0.6844099690751643,3.885780586188048e-12,0.2649468518787345
3.115,0.09119401647375724,0.6844099690751656,-3.6082248300317588e-12,0.2752484773601111
3.12,0.09461606631913289,0.6844099690751282,0.3904733309115227,0.28554961288125824
3.125,0.09803811616450853,0.6883147023842808,1.4642749909324349,0.29585218782861394
3.13,0.1014992133429757,0.6990527189844525,1.757129989122952,0.3062632435930266
3.1350000000000002,0.10502864335435305,0.7058860022755103,0.6833283291057812,0.31686646009781205
3.14,0.1085580733657308,0.7058860022755103,-3.752553823233029e-12,0.3274684628133304
3.145,0.11208750337710816,0.7058860022754728,-3.752553823233029e-12,0.3380711695972835
3.15,0.11561693338848553,0.7058860022754728,-1.3322676295501878e-13,0.34866966507490005
3.1550000000000002,0.11914636339986288,0.7058860022754715,3.885780586188048e-12,0.3592638172221709
3.16,0.12267579341124024,0.7058860022755117,4.163336342344337e-12,0.3698534940691913
3.165,0.126205223422618,0.7058860022755131,-4.019007349143067e-12,0.3804385637018058
3.17,0.12973465343399537,0.7058860022754715,0.16135724127064321,0.3910200237639358
3.1750000000000003,0.13326408344537272,0.7074995746882196,0.7530004592828932,0.40159962495899953
3.18,0.13680964918087757,0.7134160068683004,1.021929194744975,0.4122202785013528
3.185,0.14039824351405572,0.7177188666356693,0.4302859767368883,0.42295849907984023
3.19,0.14398683784723426,0.7177188666356693,-3.885780586188048e-12,0.43369240234017203
3.1950000000000003,0.1475754321804124,0.7177188666356304,-3.885780586188048e-12,0.4444237325135481
3.2,0.15116402651359057,0.7177188666356304,-2.7755575615628914e-13,0.45514933940011093
3.205,0.15475262084676872,0.7177188666356277,3.885780586188048e-12,0.4658690848755439
3.21,0.15834121517994684,0.7177188666356693,4.163336342344337e-12,0.4765828308910131
3.215,0.1619298095131254,0.7177188666356693,-4.163336342344337e-12,0.4872904394749472
3.22,0.16551840384630354,0.7177188666356277,0.058382864146777624,0.49799218141485807
3.225,0.1691069981794817,0.7183026952771371,0.3794886169788958,0.5086893492791974
3.23,0.1727014307990749,0.7215137528054166,0.583828641509132,0.5193965324209838
3.235,0.17632213570753585,0.7241409816922284,0.2627228886811772,0.5301715029120864
3.24,0.1799428406159972,0.7241409816922284,-3.885780586188048e-12,0.5409399318294851
3.245,0.18356354552445814,0.7241409816921895,-3.885780586188048e-12,0.5517031083606319
3.25,0.18718425043291909,0.7241409816921895,0.0,0.5624590523455553
3.255,0.19080495534138003,0.7241409816921895,4.163336342344337e-12,0.5732076227793182
3.2600000000000002,0.19442566024984098,0.7241409816922312,4.163336342344337e-12,0.5839486787536472
3.265,0.19804636515830235,0.7241409816922312,-4.163336342344337e-12,0.5946820794587805
3.27,0.2016670700667633,0.7241409816921895,0.012910714637381915,0.6054077745603123
3.275,0.20528777497522424,0.724270088838605,0.15492857569826546,0.6161264368260612
3.2800000000000002,0.20890977095514934,0.7256902674491722,0.2711250074760585,0.6268406586230387
3.285,0.21254467764971596,0.7269813389133656,0.1291071464193383,0.6375829936029607
3.29,0.216179584344283,0.7269813389133656,-3.885780586188048e-12,0.6483169948840383
3.295,0.21981449103884962,0.7269813389133267,-3.885780586188048e-12,0.6590433340060139
3.3000000000000003,0.22344939773341627,0.7269813389133267,-2.7755575615628914e-13,0.6697609654967636
3.305,0.22708430442798289,0.726981338913324,3.885780586188048e-12,0.6804697477492367
3.31,0.2307192111225495,0.7269813389133656,4.440892098500626e-12,0.6911695392733038
3.315,0.23435411781711654,0.7269813389133684,-3.885780586188048e-12,0.7018601986976268
3.3200000000000003,0.2379890245116832,0.7269813389133267,-4.440892098500626e-12,0.7125415847715223
3.325,0.2416239312062498,0.726981338913324,-0.10739259321740358,0.7232128046186818
3.33,0.24525883790081643,0.7259074129811527,-0.21478518643036626,0.7338744689834906
3.335,0.24888300533606134,0.7248334870490203,-0.10739259321324024,0.7444964816562863
3.34,0.25250717277130663,0.7248334870490203,-3.885780586188048e-12,0.7551087156741682
3.345,0.25613134020655154,0.7248334870489814,-4.440892098500626e-12,0.7657102799116694
3.35,0.25975550764179645,0.7248334870489759,-5.551115123125783e-13,0.7763017868699008
3.355,0.2633796750770413,0.7248334870489759,4.440892098500626e-12,0.7868830974339172
3.36,0.2670038425122862,0.7248334870490203,4.440892098500626e-12,0.7974540726226993
3.365,0.2706280099475315,0.7248334870490203,-3.885780586188048e-12,0.8080145735909795
3.37,0.2742521773827764,0.7248334870489814,-3.885780586188048e-12,0.8185644616310609
3.375,0.2778763448180213,0.7248334870489814,-0.6310222186867165,0.8290991810191161
3.38,0.2815005122532662,0.7185232648621143,-1.3251466592462124,0.8396225687680409
3.3850000000000002,0.28506157746664246,0.7115820204565193,-0.7572266624317203,0.8499607371016379
3.39,0.2886163324578314,0.7109509982377971,-0.06310222187222436,0.8602707267782294
3.395,0.29217108744902043,0.7109509982377971,-5.551115123125783e-13,0.8705654286807545
3.4,0.2957258424402094,0.7109509982377915,3.885780586188048e-12,0.8808486881681423
3.4050000000000002,0.29928059743139834,0.7109509982378359,4.440892098500626e-12,0.8911208170139054
3.41,0.30283535242258774,0.7109509982378359,-4.440892098500626e-12,0.9013816854166542
3.415,0.3063901074137767,0.7109509982377915,-4.440892098500626e-12,0.911631163717285
3.42,0.30994486240496566,0.7109509982377915,5.551115123125783e-13,0.9218691224006267
3.4250000000000003,0.3134996173961546,0.7109509982377971,-0.4198451309711526,0.9320924931811548
3.43,0.31705437238734363,0.70675254692808,-0.9329891799431111,0.942303432659953
3.435,0.3205671428654354,0.701621106438366,-0.6064429669699889,0.9523879114824193
3.44,0.3240705834517273,0.7006881172583801,-0.09329891799803036,0.962435213065103
3.4450000000000003,0.3275740240380192,0.7006881172583856,5.551115123125783e-13,0.9724677627137941
3.45,0.33107746462431115,0.7006881172583856,3.885780586188048e-12,0.9824877231196482
3.455,0.3345809052106031,0.7006881172584245,3.885780586188048e-12,0.9924956243892618
3.46,0.3380843457968954,0.7006881172584245,-3.885780586188048e-12,1.0024913436848213
3.465,0.3415877863831873,0.7006881172583856,-3.885780586188048e-12,1.0124747583180322
3.47,0.34509122696947925,0.7006881172583856,0.0,1.0224457457516323
3.475,0.3485946675557712,0.7006881172583856,-1.248433070527022,1.0323954445693961
3.48,0.3520981081420631,0.6882037865531154,-2.965028542506465,1.0423291944353112
3.485,0.35547670542130233,0.671037831833321,-2.184757873432419,1.0519138933110832
3.49,0.3588084864603963,0.6663562078187912,-0.46816240145297616,1.0613606510048894
3.495,0.36214026749949024,0.6663562078187912,5.551115123125783e-13,1.070786887726669
3.5,0.3654720485385842,0.6663562078187968,3.885780586188048e-12,1.080197960769144
3.505,0.3688038295776782,0.6663562078188301,3.3306690738754696e-12,1.0895970427991117
3.5100000000000002,0.3721356106167725,0.6663562078188301,-3.885780586188048e-12,1.0989840294796698
3.515,0.3754673916558665,0.6663562078187912,-3.885780586188048e-12,1.10835881660818
3.52,0.37879917269496044,0.6663562078187912,5.551115123125783e-13,1.1177213001174324
3.525,0.3821309537340544,0.6663562078187968,-1.123539337609114,1.1270635113014316
3.5300000000000002,0.3854627347731484,0.6551208144427001,-2.889101153858431,1.1363887169852909
3.535,0.3886821618784814,0.6374651962802125,-2.4075842948884096,1.1454027889873744
3.54,0.39183738673595053,0.631044971493816,-0.6420224786402029,1.1542346381220372
3.545,0.3949926115934196,0.6310449714938104,0.0,1.1630471315279396
3.5500000000000003,0.39814783645088864,0.631044971493816,3.885780586188048e-12,1.1718435521356252
3.555,0.40130306130835774,0.6310449714938493,3.3306690738754696e-12,1.1806283065302452
3.56,0.40445828616582713,0.6310449714938493,-3.3306690738754696e-12,1.1894013072557432
3.565,0.40761351102329624,0.631044971493816,-3.885780586188048e-12,1.1981624669730737
3.5700000000000003,0.4107687358807653,0.6310449714938104,0.0,1.2069116984610755
3.575,0.41392396073823434,0.631044971493816,-1.3027972464618731,1.2156397950366125
3.58,0.41707918559570345,0.6180169990291917,-3.691258864984559,1.2243481896470125
3.585,0.42010413072852626,0.5941323828439704,-3.474125990580723,1.2327031186060464
3.59,0.42302050942414315,0.5832757391233845,-1.0856643720585923,1.2407627608691878
3.595,0.4259368881197601,0.5832757391233845,0.0,1.24880273047874
3.6,0.428853266815377,0.5832757391233845,3.3306690738754696e-12,1.2568244790474397
3.605,0.43176964551099395,0.5832757391234178,3.3306690738754696e-12,1.2648355379988452
3.61,0.4346860242066112,0.5832757391234178,-3.3306690738754696e-12,1.2728358391968282
3.615,0.4376024029022281,0.5832757391233845,-3.3306690738754696e-12,1.2808253145967563
3.62,0.440518781597845,0.5832757391233845,0.0,1.2888038962460753
3.625,0.44343516029346197,0.5832757391233845,-1.0817937506529818,1.2967639437286298
3.63,0.44635153898907887,0.5724578016168547,-3.461740002096425,1.3047038747664994
3.6350000000000002,0.4491597383096305,0.5486583391024202,-3.678098752233905,1.312353324812702
3.64,0.45183812238010307,0.5356768140945156,-1.2981525007904615,1.3196576242158555
3.645,0.4545165064505757,0.5356768140945156,0.0,1.3269448841209193
3.65,0.4571948905210482,0.5356768140945156,2.7755575615628914e-12,1.334213537804944
3.6550000000000002,0.45987327459152083,0.5356768140945434,2.7755575615628914e-12,1.3414726201920262
3.66,0.46255165866199366,0.5356768140945434,-2.7755575615628914e-12,1.3487220792074193
3.665,0.46523004273246626,0.5356768140945156,-3.3306690738754696e-12,1.3559618628454093
3.67,0.4679084268029388,0.5356768140945101,2.7755575615628914e-12,1.3631919191696942
3.6750000000000003,0.47058681087341137,0.5356768140945434,-0.8907634073102022,1.3704059609699004
3.68,0.47326519494388425,0.526769180021408,-3.340362777429773,1.377599259941772
3.685,0.47585450267362545,0.5022731863202456,-4.008435332915616,1.384555833622595
3.69,0.4782879268070867,0.4866848266922519,-1.5588359627993764,1.3911066835608294
3.6950000000000003,0.48072135094054796,0.4866848266922519,2.7755575615628914e-12,1.3976430605826886
3.7,0.4831547750740092,0.48668482669227964,3.3306690738754696e-12,1.4041602495394152
3.705,0.48558819920747076,0.4866848266922852,-2.220446049250313e-12,1.410669123690889
3.71,0.4880216233409321,0.48668482669225743,-3.3306690738754696e-12,1.4171696444944837
3.715,0.49045504747439334,0.4866848266922519,-5.551115123125783e-13,1.4236617734570407
3.72,0.4928884716078546,0.4866848266922519,2.7755575615628914e-12,1.4301454721350932
3.725,0.49532189574131585,0.48668482669227964,-0.6516681586726802,1.436616140457984
3.73,0.4977553198747774,0.4801681451055251,-3.041118073819349,1.4430661372871305
3.735,0.5001235771923711,0.45627364595408615,-4.127231671609555,1.4493438745926985
3.74,0.5023180563343183,0.43889582838942953,-1.737781756466772,1.4551774792629455
3.745,0.5045125354762654,0.43889582838941843,1.1102230246251565e-12,1.4609995144458043
3.75,0.5067070146182124,0.43889582838944063,3.3306690738754696e-12,1.4668023493672824
3.755,0.5089014937601598,0.43889582838945174,-1.1102230246251565e-12,1.4725981205547507
3.7600000000000002,0.511095972902107,0.43889582838942953,-3.3306690738754696e-12,1.4783868000972988
3.765,0.5132904520440541,0.43889582838941843,-1.1102230246251565e-12,1.4841683601181708
3.77,0.5154849311860011,0.43889582838941843,3.3306690738754696e-12,1.489942772774895
3.775,0.5176794103279483,0.43889582838945174,-0.4384621807351774,1.4957069410241557
3.7800000000000002,0.5198738894698957,0.43451120658206666,-2.8500041748047433,1.5014500947690272
3.785,0.522024522393769,0.4103957866414043,-4.384621807390632,1.5070772848743061
3.79,0.5239778473363097,0.39066498850816034,-1.9730798133232863,1.5122088107303875
3.795,0.5259311722788506,0.39066498850817144,2.220446049250313e-12,1.517331497500391
3.8000000000000003,0.5278844972213914,0.39066498850818254,1.1102230246251565e-12,1.5224345833680926
3.805,0.5298378221639324,0.39066498850818254,-1.1102230246251565e-12,1.527531860421478
3.81,0.5317911471064732,0.39066498850817144,-2.220446049250313e-12,1.5326233092120023
3.815,0.5337444720490141,0.39066498850816034,-1.1102230246251565e-12,1.5377089103133599
3.8200000000000003,0.5356977969915548,0.39066498850816034,3.3306690738754696e-12,1.5427886443215562
3.825,0.5376511219340957,0.39066498850819364,-0.2249904253193158,1.5478609169220048
3.83,0.5396044468766368,0.3884150842549672,-2.6998851038673166,1.552911534358762
3.835,0.5415352727766454,0.3636661374695205,-4.724798931763363,1.557901104314746
3.84,0.543241108251332,0.34116709493733355,-2.249904253218693,1.5623342774361748
3.845,0.5449469437260187,0.34116709493733355,2.220446049250313e-12,1.5667613293829656
3.85,0.5466527792007053,0.34116709493735575,2.220446049250313e-12,1.5711680729219883
3.855,0.5483586146753923,0.34116709493735575,-3.3306690738754696e-12,1.5755702445599478
3.86,0.5500644501500789,0.34116709493732245,-2.220446049250313e-12,1.579967831487078
3.865,0.5517702856247655,0.34116709493733355,1.1102230246251565e-12,1.584360820906956
3.87,0.5534761210994522,0.34116709493733355,2.220446049250313e-12,1.5887492000365364
3.875,0.5551819565741388,0.34116709493735575,2.220446049250313e-12,1.5931329561061887
3.88,0.5568877920488258,0.34116709493735575,-2.61536770779891,1.597493768785782
3.8850000000000002,0.5585936275235124,0.31501341785936665,-5.23073541559449,1.6018499329065805
3.89,0.5600379262274194,0.28885974078141086,-2.6153677077955795,1.605568379539155
3.895,0.5614822249313265,0.28885974078141086,1.1102230246251565e-12,1.6092834769204958
3.9,0.5629265236352335,0.28885974078142196,1.1102230246251565e-12,1.6129769097651507
3.9050000000000002,0.5643708223391407,0.28885974078142196,-1.1102230246251565e-12,1.6166669779425793
3.91,0.5658151210430478,0.28885974078141086,-1.1102230246251565e-12,1.6203536737553053
3.915,0.5672594197469548,0.28885974078141086,-1.1102230246251565e-12,1.6240369895128866
3.92,0.5687037184508619,0.28885974078139975,1.1102230246251565e-12,1.6277169175319335
3.9250000000000003,0.5701480171547688,0.28885974078142196,3.3306690738754696e-12,1.631393450136121
3.93,0.5715923158586761,0.28885974078143306,-2.490554181407978,1.6350491457769398
3.935,0.5730366145625831,0.2639541989673422,-5.2301637809559764,1.6386996872835893
3.94,0.5742318578483495,0.2365581029718733,-2.988665017686909,1.6417497041595006
3.9450000000000003,0.5754021955923019,0.2340675487904731,-0.2490554181389104,1.644737708283591
3.95,0.5765725333362542,0.2340675487904842,0.0,1.6477060257447738
3.955,0.5777428710802067,0.2340675487904731,-2.220446049250313e-12,1.6506703429711045
3.96,0.578913208824159,0.234067548790462,0.0,1.6536323992903128
3.9650000000000003,0.5800835465681113,0.2340675487904731,1.1102230246251565e-12,1.6565921906452996
3.97,0.5812538843120637,0.2340675487904731,1.1102230246251565e-12,1.6595497129820675
3.975,0.5824242220560161,0.2340675487904842,1.1102230246251565e-12,1.6625049622497263
3.98,0.5835945597999685,0.2340675487904842,-2.209008044109506,1.6654424713441922
3.985,0.5847648975439209,0.21197746834938913,-4.908906764685694,1.6683742630423801
3.99,0.5857143344834624,0.18497848114362725,-3.1907893970450907,1.6707783603239672
3.995,0.5866146823553572,0.18006957437893822,-0.4908906764677923,1.6730642607427733
4.0,0.5875150302272518,0.18006957437894933,1.1102230246251565e-12,1.6753333418727012
4.005,0.5884153780991467,0.18006957437894933,-1.1102230246251565e-12,1.677597628698734
4.01,0.5893157259710413,0.18006957437893822,-1.1102230246251565e-12,1.6798605556201156
4.015,0.5902160738429361,0.18006957437893822,1.1102230246251565e-12,1.6821221208024588
4.0200000000000005,0.5911164217148307,0.18006957437894933,2.220446049250313e-12,1.684382322412479
4.025,0.5920167695867256,0.18006957437896043,-1.1102230246251565e-12,1.6866411586179983
4.03,0.5929171174586203,0.18006957437893822,-2.0748579810903056,1.6888841035820763
4.035,0.5938174653305149,0.15932099456805737,-4.927787705084619,1.6911202329784167
4.04,0.5945103274043009,0.13079169732809204,-3.6310014669049817,1.6928645572664582
4.045,0.5951253823037959,0.12301097989900756,-0.778071742907338,1.6944242285533315
4.05,0.595740437203291,0.12301097989901866,0.0,1.6959687348442702
4.055,0.596355492102786,0.12301097989900756,-1.1102230246251565e-12,1.6975071530607262
4.0600000000000005,0.596970547002281,0.12301097989900756,0.0,1.6990449291229273
4.065,0.5975856019017761,0.12301097989900756,1.1102230246251565e-12,1.7005820624491457
4.07,0.5982006568012711,0.12301097989901866,1.1102230246251565e-12,1.702118552457894
4.075,0.5988157117007663,0.12301097989901866,-1.1102230246251565e-12,1.7036543985679304
4.08,0.5994307666002613,0.12301097989900756,-1.7858570393980422,1.7051770991989794
4.085,0.6000458214997564,0.10515240950503824,-4.592203815592111,1.7066920113414041
4.09,0.6004822906953117,0.07708894174308645,-3.8268365129923154,1.707785964097092
4.095,0.6008167109171872,0.06688404437511508,-1.0204897367971366,1.7086394638531777
4.1,0.6011511311390628,0.06688404437511508,-1.1102230246251565e-12,1.709480271520276
4.105,0.6014855513609384,0.06688404437510398,-1.1102230246251565e-12,1.7103137445762702
4.11,0.6018199715828139,0.06688404437510398,0.0,1.7111470263561046
4.115,0.6021543918046894,0.06688404437510398,0.0,1.7119801167665885
4.12,0.6024888120265649,0.06688404437510398,1.1102230246251565e-12,1.7128130157145505
4.125,0.6028232322484405,0.06688404437511508,1.1102230246251565e-12,1.7136457231068427
4.13,0.603157652470316,0.06688404437511508,-1.407673892535044,1.7144683851330895
4.135,0.6034920726921916,0.05280730544976464,-3.9884093621811445,1.715282643986393
4.14,0.6036857255248137,0.026999950753303636,-3.753797046757157,1.7157661727174796
4.1450000000000005,0.6037620721997247,0.015269334982193072,-1.1730615771121666,1.7159742015385548
4.15,0.6038384188746356,0.01526933498218197,-1.1102230246251565e-12,1.716172366640239
4.155,0.6039147655495465,0.01526933498218197,0.0,1.7163623103076322
4.16,0.6039911122244574,0.01526933498218197,0.0,1.7165522439706677
4.165,0.6040674588993683,0.01526933498218197,0.0,1.716742167628238
4.17,0.6041438055742793,0.01526933498218197,0.0,1.7169320812792361
4.175,0.6042201522491901,0.01526933498218197,1.1102230246251565e-12,1.7171219849225552
4.18,0.6042964989241011,0.015269334982193072,-1.1089737159264423,1.717304115741077
4.1850000000000005,0.604372845599012,0.004179597822917547,-3.5487158909652816,1.717476921170492
4.19,0.6043382949023303,-0.020217823927459744,-3.7705106341490158,1.7173894379907357
4.195,0.6041706673597375,-0.03352550851857261,-1.3307684591112867,1.716989582667818
4.2,0.6040030398171445,-0.03352550851857261,0.0,1.7165819162829485
4.205,0.6038354122745517,-0.03352550851857261,-1.1102230246251565e-12,1.7161648862846424
4.21,0.6036677847319588,-0.03352550851858371,0.0,1.7157478080638309
4.215,0.6035001571893659,-0.03352550851857261,1.1102230246251565e-12,1.7153306816322336
4.22,0.6033325296467731,-0.03352550851857261,0.0,1.714913507001572
4.225,0.6031649021041802,-0.03352550851857261,0.0,1.7144962841835674
4.23,0.6029972745615874,-0.03352550851857261,-0.7497029411152045,1.7140737652693563
4.235,0.6028296470189944,-0.041022537929724656,-2.811386029180074,1.7136420143302222
4.24,0.6025870491822901,-0.06163936881037335,-3.373663235015645,1.713034030769582
4.245,0.6022132533308907,-0.0747591702798811,-1.3119801469507753,1.712117545891302
4.25,0.6018394574794913,-0.0747591702798811,1.1102230246251565e-12,1.7111955738683742
4.255,0.6014656616280919,-0.07475917027987,1.1102230246251565e-12,1.710264178890462
4.26,0.6010918657766926,-0.07475917027987,-1.1102230246251565e-12,1.7093325449487322
4.265,0.6007180699252932,-0.0747591702798811,-1.1102230246251565e-12,1.7084006721733551
4.2700000000000005,0.6003442740738938,-0.0747591702798811,0.0,1.7074685606945355
4.275,0.5999704782224944,-0.0747591702798811,0.0,1.7065362106425106
4.28,0.599596682371095,-0.0747591702798811,-0.4298348295606047,1.7056006133037451
4.285,0.5992228865196956,-0.07905751857548715,-2.005895871287633,1.704656754068865
4.29,0.5988061071853401,-0.09481812899275743,-2.722287253894562,1.7036113641903927
4.295,0.598274705229768,-0.10628039111443277,-1.1462262121664235,1.7022954684102307
4.3,0.5977433032741958,-0.10628039111442167,2.220446049250313e-12,1.7009760830761296
4.305,0.5972119013186238,-0.10628039111441057,0.0,1.6996481938232555
4.3100000000000005,0.5966804993630517,-0.10628039111442167,-1.1102230246251565e-12,1.698319824610073
4.315,0.5961490974074796,-0.10628039111442167,0.0,1.6969909758116979
4.32,0.5956176954519075,-0.10628039111442167,0.0,1.6956616478033815
4.325,0.5950862934963354,-0.10628039111442167,0.0,1.6943318409605097
4.33,0.5945548915407632,-0.10628039111442167,-0.20018901362384156,1.6930001543355089
4.335,0.5940234895851911,-0.10828228125066008,-1.3012285885605213,1.6916616836732017
4.34,0.5934720687282566,-0.11929267700002688,-2.0018901362484076,1.6902753782861446
4.345,0.5928305628151909,-0.12830118261314416,-0.9008505613117279,1.6886753600567932
4.3500000000000005,0.5921890569021252,-0.12830118261314416,0.0,1.687073245561481
4.355,0.5915475509890594,-0.12830118261314416,1.1102230246251565e-12,1.6854641308312859
4.36,0.5909060450759938,-0.12830118261313306,0.0,1.6838543224823366
4.365,0.5902645391629281,-0.12830118261314416,-1.1102230246251565e-12,1.6822438211771173
4.37,0.5896230332498623,-0.12830118261314416,1.1102230246251565e-12,1.6806326275783967
4.375,0.5889815273367967,-0.12830118261313306,1.1102230246251565e-12,1.6790207423492296
4.38,0.588340021423731,-0.12830118261313306,-0.041044939467216324,1.6774078788383784
4.385,0.5876985155106653,-0.12871163200780522,-0.49253927359993455,1.67579145187828
4.39,0.5870529051036529,-0.1332265753491324,-0.8619437287982201,1.6741645812474617
4.3950000000000005,0.586366249757174,-0.13733106929578742,-0.4104493946643917,1.6724394265972742
4.4,0.5856795944106951,-0.13733106929577632,1.1102230246251565e-12,1.670713196083414
4.405,0.5849929390642162,-0.13733106929577632,0.0,1.668983304689961
4.41,0.5843062837177373,-0.13733106929577632,0.0,1.6672526263783123
4.415,0.5836196283712585,-0.13733106929577632,-1.1102230246251565e-12,1.665521161964476
4.42,0.5829329730247795,-0.13733106929578742,0.0,1.6637889122648293
4.425,0.5822463176783006,-0.13733106929577632,1.1102230246251565e-12,1.6620558780961205
4.43,0.5815596623318218,-0.13733106929577632,0.0,1.6603220602754676
4.4350000000000005,0.5808730069853428,-0.13733106929577632,0.26678958288006704,1.6585893271474377
4.44,0.580186351638864,-0.13466317346697565,0.5335791657612443,1.6568558120028076
4.445,0.5795263752506731,-0.13199527763816388,0.2667895828822875,1.6551852512118845
4.45,0.5788663988624824,-0.13199527763815277,0.0,1.6535139694746934
4.455,0.5782064224742915,-0.13199527763816388,-1.1102230246251565e-12,1.6518438350454583
4.46,0.5775464460861007,-0.13199527763816388,0.0,1.650172981124558
4.465,0.5768864696979099,-0.13199527763816388,0.0,1.6485014084397638
4.47,0.5762264933097191,-0.13199527763816388,1.1102230246251565e-12,1.6468291177191614
4.4750000000000005,0.5755665169215283,-0.13199527763815277,1.1102230246251565e-12,1.6451561096911482
4.48,0.5749065405333376,-0.13199527763815277,-1.1102230246251565e-12,1.6434823850844342
4.485,0.5742465641451467,-0.13199527763816388,0.9801047361956972,1.6418148053611952
4.49,0.5735865877569559,-0.1221942302761958,2.0582199460128514,1.6401471965909267
4.495,0.5730246218423848,-0.11141307817803536,1.176125683436391,1.6387140738996973
4.5,0.5724724569751756,-0.1104329734418319,0.09801047362034687,1.6373039618989755
4.505,0.5719202921079665,-0.1104329734418319,0.0,1.6359002114405075
4.51,0.5713681272407573,-0.1104329734418319,0.0,1.6344966482922287
4.515,0.5708159623735481,-0.1104329734418319,-1.1102230246251565e-12,1.6330925868087516
4.5200000000000005,0.5702637975063389,-0.110432973441843,0.0,1.631688027418154
4.525,0.5697116326391297,-0.1104329734418319,1.1102230246251565e-12,1.6302829705486672
4.53,0.5691594677719206,-0.1104329734418319,0.0,1.628877416628673
4.535,0.5686073029047114,-0.1104329734418319,1.445349560360576,1.627481483533628
4.54,0.5680551380375023,-0.09597947783822613,3.211887911911404,1.6260873025668328
4.545,0.5676475081263291,-0.07831409432271785,2.0877271427421906,1.6250407469782058
4.55,0.5672719970942751,-0.07510220641080423,0.32118879119136245,1.6240712982853824
4.555,0.5668964860622211,-0.07510220641080423,0.0,1.6231117380318867
4.5600000000000005,0.5665209750301671,-0.07510220641080423,0.0,1.6221541972273232
4.565,0.566145463998113,-0.07510220641080423,0.0,1.6211964276851756
4.57,0.565769952966059,-0.07510220641080423,0.0,1.620238429540497
4.575,0.565394441934005,-0.07510220641080423,0.0,1.6192802029283735
4.58,0.565018930901951,-0.07510220641080423,0.0,1.618321747983923
4.585,0.564643419869897,-0.07510220641080423,1.6060638018977613,1.6173743072889093
4.59,0.564267908837843,-0.059041568391826615,3.814401529507183,1.616430854449382
4.595,0.5640530041859787,-0.0369581911157324,2.8106116533210823,1.615874941278744
4.6000000000000005,0.5638983269266856,-0.030935451858615792,0.6022739257116605,1.6154643764964378
4.605,0.5637436496673925,-0.030935451858615792,0.0,1.6150650155107726
4.61,0.5635889724080995,-0.030935451858615792,-1.1102230246251565e-12,1.6146698318020685
4.615,0.5634342951488064,-0.030935451858626895,-1.1102230246251565e-12,1.614274609462301
4.62,0.5632796178895132,-0.030935451858626895,1.1102230246251565e-12,1.613879348500925
4.625,0.5631249406302201,-0.030935451858615792,1.1102230246251565e-12,1.6134840489273983
4.63,0.562970263370927,-0.030935451858615792,0.0,1.6130887107511775
4.635,0.562815586111634,-0.030935451858615792,1.4319937034235064,1.6127033579376455
4.64,0.5626609088523409,-0.016615514824380728,3.6822695230898095,1.6123236945151511
4.6450000000000005,0.5626494309633902,0.0058872433722823025,3.0685579359090998,1.6122900550393626
4.65,0.5627197812860637,0.01407006453471027,0.8182821162427967,1.6124541520341777
4.655,0.5627901316087373,0.01407006453471027,0.0,1.6126282650046386
4.66,0.5628604819314108,0.01407006453471027,0.0,1.6128080979687454
4.665,0.5629308322540844,0.01407006453471027,0.0,1.6129879229507942
4.67,0.5630011825767579,0.01407006453471027,-1.1102230246251565e-12,1.6131677399498947
4.675,0.5630715328994315,0.014070064534699167,-1.1102230246251565e-12,1.6133475489651574
4.68,0.5631418832221049,0.014070064534699167,1.1102230246251565e-12,1.613527349995692
4.6850000000000005,0.5632122335447785,0.01407006453471027,1.0245679894849147,1.6137143150165354
4.69,0.563282583867452,0.024315744429548314,2.902942636869854,1.6139072486974766
4.695,0.5634553909890739,0.04309949090340881,2.732181305288295,1.6143476398706784
4.7,0.5637135787764861,0.05163755748243126,0.8538066579033554,1.614994167301138
4.705,0.5639717665638982,0.051637557482442364,1.1102230246251565e-12,1.6156477590509042
4.71,0.5642299543513105,0.051637557482442364,0.0,1.6163072197466886
4.715,0.5644881421387227,0.051637557482442364,0.0,1.616966572697925
4.72,0.5647463299261349,0.051637557482442364,-1.1102230246251565e-12,1.617625817860661
4.7250000000000005,0.5650045177135471,0.05163755748243126,-1.1102230246251565e-12,1.6182849551909504
4.73,0.5652627055009593,0.05163755748243126,1.1102230246251565e-12,1.6189439846448546
4.735,0.5655208932883714,0.051637557482442364,0.4707494982836291,1.6196062014249297
4.74,0.5657790810757837,0.05634505246526755,1.50639839450184,1.6202722645365493
4.745,0.5660843438130241,0.06670154142746076,1.6005482941583438,1.6210517181911557
4.75,0.5664460964900583,0.07235053540685099,0.5648993979390227,1.621967186346434
4.755,0.5668078491670926,0.07235053540685099,0.0,1.622885737489986
4.76,0.5671696018441268,0.07235053540685099,1.1102230246251565e-12,1.6238080305503846
4.765,0.5675313545211611,0.0723505354068621,0.0,1.6247301111111487
4.7700000000000005,0.5678931071981954,0.07235053540685099,-1.1102230246251565e-12,1.6256519790516102
4.775,0.5682548598752296,0.07235053540685099,0.0,1.6265736342511288
4.78,0.5686166125522639,0.07235053540685099,0.0,1.6274950765890925
4.785,0.5689783652292981,0.07235053540685099,-0.014114776411000562,1.6284162071414812
4.79,0.5693401179063324,0.07220938764274099,-0.052930411541529665,1.6293369516851623
4.795,0.5697004591057255,0.0718212312914357,-0.06351649384894742,1.6302540882605254
4.8,0.5700583302192468,0.07157422270425151,-0.024700858718418317,1.6311650737939425
4.805,0.570416201332768,0.07157422270425151,0.0,1.632075751617766
4.8100000000000005,0.5707740724462893,0.07157422270425151,-1.1102230246251565e-12,1.6329860475128093
4.815,0.5711319435598106,0.07157422270424041,-1.1102230246251565e-12,1.6338961342685003
4.82,0.5714898146733317,0.07157422270424041,1.1102230246251565e-12,1.6348060117682823
4.825,0.571847685786853,0.07157422270425151,1.1102230246251565e-12,1.6357156798956265
4.83,0.5722055569003742,0.07157422270425151,0.0,1.6366251385340294
4.835,0.5725634280138955,0.07157422270425151,-0.26662578923475344,1.637532521186491
4.84,0.5729212991274167,0.06890796481190398,-1.2442536830914452,1.6384347171023534
4.845,0.5732525076620145,0.05913168587333706,-1.6886299984786302,1.6392727323831553
4.8500000000000005,0.5735126159861501,0.052021664827117675,-0.7110021046219384,1.6399400119586518
4.855,0.5737727243102857,0.052021664827117675,0.0,1.6406053142009485
4.86,0.5740328326344213,0.052021664827117675,0.0,1.6412655284311621
4.865,0.5742929409585569,0.052021664827117675,0.0,1.6419256316193571
4.87,0.5745530492826925,0.052021664827117675,0.0,1.6425856237208734
4.875,0.574813157606828,0.052021664827117675,0.0,1.6432455046910583
4.88,0.5750732659309636,0.052021664827117675,0.0,1.6439052744852671
4.885,0.5753333742550992,0.052021664827117675,-0.3238572581043542,1.644562666058055
4.89,0.5755934825792348,0.04878309224607413,-2.105072177677192,1.6452097448619687
4.8950000000000005,0.57582120517756,0.030970943050345756,-3.2385725810424315,1.6457791469665235
4.9,0.5759031920097383,0.01639736643564982,-1.457357661470704,1.6459994527341015
4.905,0.5759851788419165,0.016397366435638716,-1.1102230246251565e-12,1.646217480436658
4.91,0.5760671656740947,0.016397366435638716,0.0,1.646425295569973
4.915,0.5761491525062729,0.016397366435638716,0.0,1.6466330996362792
4.92,0.576231139338451,0.016397366435638716,1.1102230246251565e-12,1.64684089263418
4.925,0.5763131261706292,0.01639736643564982,1.1102230246251565e-12,1.647048674562279
4.93,0.5763951130028075,0.01639736643564982,-1.1102230246251565e-12,1.6472564454191798
4.9350000000000005,0.5764770998349857,0.016397366435638716,-0.21983741146258673,1.6474626663416043
4.94,0.5765590866671639,0.014198992321023951,-2.6380489375443794,1.6476534875712348
4.945,0.576619089758196,-0.009983122939805078,-4.616585640703219,1.6477916742937189
4.95,0.5764592554377659,-0.03196686408600824,-2.198374114619206,1.6474035987036726
4.955,0.5762994211173359,-0.03196686408599714,0.0,1.6470139421651178
4.96,0.5761395867969059,-0.03196686408600824,-1.1102230246251565e-12,1.6466088549314783
4.965,0.5759797524764758,-0.03196686408600824,1.1102230246251565e-12,1.6462037256319062
4.97,0.5758199181560458,-0.03196686408599714,0.0,1.6457985542767513
4.9750000000000005,0.5756600838356158,-0.03196686408600824,-1.1102230246251565e-12,1.6453933408763641
4.98,0.5755002495151857,-0.03196686408600824,0.0,1.644988085441097
4.985,0.5753404151947558,-0.03196686408600824,0.0,1.644582787981303
4.99,0.5751805808743257,-0.03196686408600824,1.1102230246251565e-12,1.6441774485073364
4.995,0.5750207465538957,-0.03196686408599714,2.220446049250313e-12,1.643772067029552
