t_s,qd_deg,q_deg,e_deg,tq_cmd_permille,tq_act_permille,pos_counts,qd_counts,qd_dot_counts_s,qdot_counts_s
0.000000,0.000003,-4.354980,4.354983,100,102,-3964,0,11438.189786,0.000000
0.013841,0.173926,-4.351685,4.525610,100,49,-3961,158,11437.757268,600.000000
0.027856,0.350027,-4.343994,4.694021,100,54,-3954,319,11436.437909,1400.000000
0.039847,0.500678,-4.339600,4.840278,100,66,-3950,456,11434.605084,800.000000
0.053831,0.676329,-4.331909,5.008239,100,72,-3943,616,11431.647825,1400.000000
0.066833,0.839597,-4.320923,5.160520,100,83,-3933,764,11428.106537,2000.000000
0.078832,0.990225,-4.307739,5.297964,100,90,-3921,901,11424.161597,2400.000000
0.091858,1.153685,-4.290161,5.443846,100,95,-3905,1050,11419.143786,3200.000000
0.105814,1.328714,-4.265991,5.594705,100,101,-3883,1209,11412.919490,4400.000000
0.118863,1.492291,-4.237427,5.729717,100,100,-3857,1358,11406.305266,5200.000000
0.133892,1.680558,-4.205566,5.886125,100,99,-3828,1530,11397.737491,5800.000000
0.147828,1.854992,-4.178101,6.033093,100,105,-3803,1688,11388.885056,5000.000000
0.161903,2.031028,-4.147339,6.178366,100,101,-3775,1849,11379.057729,5600.000000
0.175850,2.205304,-4.116577,6.321882,100,100,-3747,2007,11368.441981,5600.000000
0.191005,2.394479,-4.081421,6.475900,100,99,-3715,2180,11355.917428,6400.000000
0.205885,2.580017,-4.044067,6.624085,100,100,-3681,2348,11342.617766,6800.000000
0.218898,2.742093,-4.010010,6.752103,100,102,-3650,2496,11330.174004,6200.000000
0.232820,2.915285,-3.971558,6.886842,100,103,-3615,2654,11316.022558,7000.000000
0.247910,3.102749,-3.934204,7.036953,100,101,-3581,2824,11299.706415,6800.000000
0.262842,3.287981,-3.897949,7.185930,100,102,-3548,2993,11282.560826,6600.000000
0.275838,3.448961,-3.863892,7.312853,100,100,-3517,3139,11266.829851,6200.000000
0.289820,3.621896,-3.828735,7.450631,100,100,-3485,3297,11249.066681,6400.000000
0.302856,3.782870,-3.794678,7.577548,100,100,-3454,3443,11231.724245,6200.000000
0.315854,3.943139,-3.759521,7.702660,100,104,-3422,3589,11213.680346,6400.000000
0.328847,4.103070,-3.724365,7.827436,100,79,-3390,3735,11194.897280,6400.000000
0.342882,4.275526,-3.690308,7.965834,100,98,-3359,3892,11173.769024,6200.000000
0.356863,4.446995,-3.656250,8.103245,100,97,-3328,4048,11151.857251,6200.000000
0.369840,4.605829,-3.623291,8.229120,100,101,-3298,4192,11130.750682,6000.000000
0.384900,4.789786,-3.587036,8.376822,100,99,-3265,4360,11105.327075,6600.000000
0.398839,4.959668,-3.551880,8.511547,100,98,-3233,4514,11080.909775,6400.000000
0.412837,5.129885,-3.514526,8.644411,100,100,-3199,4669,11055.533783,6800.000000
0.426898,5.300463,-3.478271,8.778735,100,98,-3166,4825,11029.183539,6600.000000
0.440887,5.469756,-3.443115,8.912871,100,99,-3134,4979,11002.114201,6400.000000
0.453849,5.626251,-3.411255,9.037506,100,98,-3105,5121,10976.272169,5800.000000
0.466856,5.782908,-3.380493,9.163401,100,100,-3077,5264,10949.609702,5600.000000
0.480837,5.950870,-3.347534,9.298404,100,104,-3047,5417,10920.134251,6000.000000
0.494870,6.118997,-3.314575,9.433573,100,103,-3017,5570,10889.701417,6000.000000
0.508840,6.285890,-3.279419,9.565309,100,102,-2985,5722,10858.565665,6400.000000
0.523847,6.464640,-3.238770,9.703409,100,98,-2948,5884,10824.184961,7400.000000
0.536871,6.619299,-3.206909,9.826208,100,100,-2919,6025,10793.568243,5800.000000
0.550835,6.784636,-3.173950,9.958586,100,101,-2889,6176,10759.937410,6000.000000
0.563860,6.938369,-3.142090,10.080459,100,97,-2860,6315,10727.824476,5800.000000
0.576842,7.091151,-3.111328,10.202479,100,103,-2832,6455,10695.098656,5600.000000
0.591884,7.267571,-3.073975,10.341546,100,100,-2798,6615,10656.293177,6800.000000
0.604831,7.418903,-3.039917,10.458820,100,99,-2767,6753,10622.129581,6200.000000
0.616833,7.558746,-3.008057,10.566802,100,99,-2738,6880,10589.832937,5800.000000
0.629852,7.709966,-2.971802,10.681767,100,100,-2705,7018,10554.115566,6600.000000
0.642851,7.860433,-2.941040,10.801473,100,98,-2677,7155,10517.749682,5600.000000
0.657873,8.033655,-2.905884,10.939539,100,102,-2645,7312,10474.852613,6400.000000
0.670858,8.182826,-2.877319,11.060146,100,98,-2619,7448,10437.016819,5200.000000
0.685911,8.355055,-2.842163,11.197218,100,101,-2587,7605,10392.290340,6400.000000
0.698888,8.502942,-2.812500,11.315442,100,100,-2560,7740,10352.983079,5400.000000
0.712869,8.661636,-2.777344,11.438980,100,99,-2528,7884,10309.865168,6400.000000
0.727881,8.831280,-2.738892,11.570172,100,98,-2493,8038,10262.684152,7000.000000
0.740854,8.977251,-2.707031,11.684282,100,99,-2464,8171,10221.175821,5800.000000
0.754845,9.134012,-2.674072,11.808085,100,101,-2434,8314,10175.647531,6000.000000
0.768842,9.290138,-2.641113,11.931252,100,102,-2404,8456,10129.311934,6000.000000
0.781938,9.435557,-2.609253,12.044810,100,99,-2375,8588,10085.251556,5800.000000
0.796862,9.600502,-2.572998,12.173500,100,97,-2342,8739,10034.206276,6600.000000
0.810892,9.754786,-2.537842,12.292628,100,102,-2310,8879,9985.417525,6400.000000
0.824840,9.907430,-2.500488,12.407918,100,106,-2276,9018,9936.140793,6800.000000
0.836885,10.038633,-2.470825,12.509458,100,98,-2249,9137,9892.973874,5400.000000
0.850858,10.190108,-2.437866,12.627974,100,100,-2219,9275,9842.190107,6000.000000
0.864863,10.341150,-2.406006,12.747156,100,101,-2190,9413,9790.526112,5800.000000
0.878881,10.491526,-2.374146,12.865672,100,99,-2161,9550,9738.056564,5800.000000
0.892873,10.640809,-2.341187,12.981995,100,103,-2131,9686,9684.932048,6000.000000
0.907897,10.800190,-2.303833,13.104023,100,101,-2097,9831,9627.054384,6800.000000
0.920863,10.936965,-2.270874,13.207839,100,95,-2067,9955,9576.415540,6000.000000
0.934874,11.083950,-2.232422,13.316372,100,102,-2032,10089,9520.979861,7000.000000
0.949884,11.240458,-2.193970,13.434428,100,100,-1997,10231,9460.774518,7000.000000
0.962990,11.376303,-2.161011,13.537313,100,99,-1967,10355,9407.515406,6000.000000
0.976861,11.519226,-2.124756,13.643982,100,101,-1934,10485,9350.456678,6600.000000
0.989886,11.652641,-2.091797,13.744438,100,98,-1904,10606,9296.229185,6000.000000
1.004869,11.805153,-2.055542,13.860695,100,96,-1871,10745,9233.077480,6600.000000
1.017850,11.936430,-2.022583,13.959013,100,98,-1841,10865,9177.706466,6000.000000
1.029862,12.057204,-1.990723,14.047926,100,98,-1812,10975,9125.923753,5800.000000
1.043874,12.197227,-1.956665,14.153892,100,99,-1781,11102,9064.858286,6200.000000
1.056851,12.326051,-1.928101,14.254152,100,96,-1755,11219,9007.682788,5200.000000
1.069856,12.454340,-1.897339,14.351679,100,100,-1727,11336,8949.779035,5600.000000
1.081874,12.572152,-1.869873,14.442025,100,99,-1702,11443,8895.738871,5000.000000
1.093869,12.689019,-1.841309,14.530328,100,98,-1676,11550,8841.298865,5200.000000
1.106885,12.815023,-1.810547,14.625570,100,100,-1648,11665,8781.654753,5600.000000
1.120896,12.949698,-1.775391,14.725089,100,101,-1616,11787,8716.795860,6400.000000
1.133864,13.073457,-1.741333,14.814790,100,99,-1585,11900,8656.161884,6200.000000
1.147878,13.206227,-1.707275,14.913502,100,96,-1554,12021,8589.988672,6200.000000
1.159865,13.318974,-1.680908,14.999882,100,99,-1530,12123,8532.861476,4800.000000
1.171870,13.431132,-1.654541,15.085673,100,97,-1506,12225,8475.164088,4800.000000
1.183876,13.542541,-1.628174,15.170715,100,104,-1482,12327,8416.976261,4800.000000
1.195873,13.653091,-1.600708,15.253799,100,98,-1457,12427,8358.356844,5000.000000
1.209881,13.781195,-1.567749,15.348944,100,98,-1427,12544,8289.308163,6000.000000
1.221863,13.889917,-1.539185,15.429102,100,99,-1401,12643,8229.739757,5200.000000
1.233863,13.998017,-1.508423,15.506440,100,101,-1373,12741,8169.612709,5600.000000
1.247921,14.123651,-1.472168,15.595819,100,102,-1340,12856,8098.579305,6600.000000
1.259871,14.229575,-1.443604,15.673178,100,102,-1314,12952,8037.703070,5200.000000
1.273881,14.352736,-1.411743,15.764479,100,102,-1285,13064,7965.756244,5800.000000
1.285896,14.457475,-1.384277,15.841752,100,99,-1260,13160,7903.561894,5000.000000
1.297883,14.561147,-1.355713,15.916860,100,100,-1234,13254,7841.064801,5200.000000
1.309895,14.664213,-1.328247,15.992460,100,100,-1209,13348,7777.986851,5000.000000
1.321882,14.766222,-1.299683,16.065904,100,98,-1183,13441,7714.605210,5200.000000
1.335924,14.884659,-1.265625,16.150284,100,99,-1152,13548,7639.797086,6200.000000
1.350057,15.002697,-1.229370,16.232067,100,103,-1119,13656,7563.902064,6600.000000
1.363910,15.117243,-1.197510,16.314753,100,100,-1090,13760,7488.935084,5800.000000
1.378873,15.239684,-1.163452,16.403136,100,100,-1059,13871,7407.321471,6200.000000
1.393912,15.361386,-1.128296,16.489682,100,99,-1027,13982,7324.635885,6400.000000
1.407874,15.473144,-1.097534,16.570678,100,100,-999,14084,7247.287351,5600.000000
1.420885,15.576223,-1.066772,16.642995,100,100,-971,14178,7174.701820,5600.000000
1.435996,15.694629,-1.028320,16.722949,100,100,-936,14286,7089.800826,7000.000000
1.448904,15.794657,-0.994263,16.788920,100,99,-905,14377,7016.767886,6200.000000
1.461909,15.894383,-0.961304,16.855687,100,101,-875,14467,6942.721583,6000.000000
1.477033,16.009016,-0.923950,16.932966,100,100,-841,14572,6856.033315,6800.000000
1.490914,16.112962,-0.890991,17.003953,100,98,-811,14666,6775.919906,6000.000000
1.504874,16.216265,-0.859131,17.075396,100,105,-782,14760,6694.828984,5800.000000
1.516878,16.304097,-0.829468,17.133565,100,98,-755,14840,6624.687763,5400.000000
1.530975,16.406055,-0.795410,17.201465,100,100,-724,14933,6541.838845,6200.000000
1.543898,16.498392,-0.761353,17.259745,100,98,-693,15017,6465.437460,6200.000000
1.556909,16.590258,-0.727295,17.317553,100,102,-662,15101,6388.086886,6200.000000
1.569896,16.680848,-0.695435,17.376283,100,101,-633,15183,6310.452881,5800.000000
1.582974,16.770954,-0.666870,17.437824,100,99,-607,15265,6231.848501,5200.000000
1.595884,16.858786,-0.637207,17.495993,100,102,-580,15345,6153.845610,5400.000000
1.609942,16.953172,-0.604248,17.557420,100,101,-550,15431,6068.440674,6000.000000
1.623887,17.045493,-0.571289,17.616782,100,100,-520,15515,5983.254981,6000.000000
1.637895,17.136912,-0.536133,17.673044,100,99,-488,15598,5897.223306,6400.000000
1.651952,17.227312,-0.499878,17.727190,100,99,-455,15681,5810.435263,6600.000000
1.664918,17.309511,-0.466919,17.776430,100,98,-425,15756,5729.974560,6000.000000
1.676928,17.384623,-0.438354,17.822977,100,98,-399,15824,5655.108955,5200.000000
1.689900,17.464637,-0.406494,17.871131,100,98,-370,15897,5573.886905,5800.000000
1.702958,17.544013,-0.376831,17.920844,100,102,-343,15969,5491.749071,5400.000000
1.714925,17.615716,-0.347168,17.962884,100,99,-316,16034,5416.153507,5400.000000
1.726903,17.686492,-0.315308,18.001800,100,100,-287,16099,5340.176904,5800.000000
1.738893,17.756330,-0.283447,18.039777,100,101,-258,16162,5263.828186,5800.000000
1.751894,17.830921,-0.246094,18.077014,100,96,-224,16230,5180.700536,6800.000000
1.764914,17.904434,-0.212036,18.116470,100,100,-193,16297,5097.098300,6200.000000
1.776936,17.971244,-0.182373,18.153617,100,98,-166,16358,5019.605926,5400.000000
1.788900,18.036712,-0.152710,18.189422,100,100,-139,16417,4942.205876,5400.000000
1.801925,18.106829,-0.119751,18.226580,100,100,-109,16481,4857.620641,6000.000000
1.815905,18.180733,-0.084595,18.265328,100,98,-77,16549,4766.478189,6400.000000
1.828913,18.248246,-0.050537,18.298783,100,95,-46,16610,4681.334300,6200.000000
1.841922,18.314544,-0.014282,18.328826,100,101,-13,16670,4595.871770,6600.000000
1.856903,18.389371,0.027466,18.361905,100,100,25,16738,4497.079264,7600.000000
1.868927,18.448252,0.060425,18.387828,100,100,55,16792,4417.495712,6000.000000
1.882902,18.515364,0.098877,18.416487,100,100,90,16853,4324.683508,7000.000000
1.896931,18.581299,0.137329,18.443969,100,97,125,16913,4231.177398,7000.000000
1.908908,18.636447,0.169189,18.467258,100,99,154,16963,4151.086992,5800.000000
1.921939,18.695249,0.203247,18.492002,100,99,185,17017,4063.684468,6200.000000
1.935896,18.756840,0.243896,18.512944,100,100,222,17073,3969.766125,7400.000000
1.948907,18.812957,0.279053,18.533904,100,102,254,17124,3881.940514,6400.000000
1.962910,18.871950,0.315308,18.556643,100,96,287,17178,3787.124797,6600.000000
1.975904,18.925384,0.350464,18.574920,100,105,319,17226,3698.882027,6400.000000
1.988929,18.977681,0.383423,18.594258,100,103,349,17274,3610.176877,6000.000000
2.001916,19.028556,0.416382,18.612174,100,99,379,17320,3521.497972,6000.000000
2.015921,19.082002,0.453735,18.628266,100,103,413,17369,3425.600138,6800.000000
2.029897,19.133865,0.492187,18.641678,100,100,448,17416,3329.633316,7000.000000
2.042913,19.180836,0.527344,18.653493,100,99,480,17459,3240.033317,6400.000000
2.055951,19.226603,0.561401,18.665202,100,96,511,17500,3150.059662,6200.000000
2.067917,19.267472,0.591064,18.676407,100,95,538,17538,3067.298148,5400.000000
2.080959,19.310773,0.621826,18.688947,100,96,566,17577,2976.899958,5600.000000
2.094955,19.355801,0.658081,18.697720,100,103,599,17618,2879.663932,6600.000000
2.108950,19.399326,0.695435,18.703892,100,99,633,17658,2782.216812,6800.000000
2.122915,19.441264,0.734985,18.706279,100,97,669,17696,2684.762938,7200.000000
2.136905,19.481779,0.774536,18.707243,100,93,705,17733,2586.921803,7200.000000
2.149966,19.518241,0.807495,18.710746,100,100,735,17766,2495.403883,6000.000000
2.161935,19.550502,0.837158,18.713344,100,98,762,17795,2411.388649,5400.000000
2.174035,19.581994,0.866821,18.715173,100,101,789,17824,2326.308851,5400.000000
2.186965,19.614392,0.898682,18.715711,100,100,818,17853,2235.253260,5800.000000
2.199912,19.645537,0.931641,18.713896,100,99,848,17882,2143.927479,6000.000000
2.211957,19.673346,0.962402,18.710944,100,101,876,17907,2058.831077,5600.000000
2.223922,19.699852,0.995361,18.704491,100,95,906,17931,1974.192143,6000.000000
2.236925,19.727396,1.030518,18.696879,100,103,938,17956,1882.079972,6400.000000
2.250924,19.755580,1.065674,18.689906,100,96,970,17982,1782.766395,6400.000000
2.263984,19.780494,1.096436,18.684058,100,101,998,18005,1689.996936,5600.000000
2.277913,19.805598,1.131592,18.674006,100,105,1030,18027,1590.925875,6400.000000
2.289950,19.826070,1.161255,18.664815,100,105,1057,18046,1505.214504,5400.000000
2.301915,19.845296,1.192017,18.653280,100,96,1085,18064,1419.927083,5600.000000
2.313919,19.863458,1.222778,18.640679,100,100,1113,18080,1334.283939,5600.000000
2.327987,19.883303,1.261230,18.622072,100,98,1148,18098,1233.824183,7000.000000
2.339934,19.898937,1.291992,18.606945,100,99,1176,18112,1148.427182,5600.000000
2.352911,19.914649,1.322754,18.591895,100,100,1204,18127,1055.597852,5600.000000
2.365929,19.929080,1.354614,18.574465,100,103,1233,18140,962.403397,5800.000000
2.377923,19.941195,1.383179,18.558016,100,101,1259,18151,876.489600,5200.000000
2.389972,19.952226,1.411743,18.540483,100,101,1285,18161,790.120381,5200.000000
2.402918,19.962803,1.445801,18.517002,100,99,1316,18171,697.282428,6200.000000
2.415932,19.972106,1.478760,18.493346,100,100,1346,18179,603.897892,6000.000000
2.429043,19.980127,1.515015,18.465112,100,100,1379,18186,509.784385,6600.000000
2.441930,19.986689,1.546875,18.439814,100,94,1408,18192,417.246745,5800.000000
2.455979,19.992350,1.577637,18.414714,100,102,1436,18197,316.329096,5600.000000
2.467935,19.995941,1.604004,18.391937,100,102,1460,18201,230.431615,4800.000000
2.479970,19.998416,1.630371,18.368045,100,96,1484,18203,143.944823,4800.000000
2.493928,19.999854,1.661133,18.338722,100,97,1512,18204,43.637759,5600.000000
2.508047,19.999744,1.694092,18.305653,100,99,1542,18204,-57.831788,6000.000000
2.521937,19.998100,1.728149,18.269951,100,99,1573,18203,-157.651834,6200.000000
2.533920,19.995458,1.758911,18.236547,100,97,1601,18200,-243.756088,5600.000000
2.547989,19.990909,1.792969,18.197940,100,99,1632,18196,-344.833404,6200.000000
2.561934,19.984859,1.825928,18.158931,100,100,1662,18191,-444.998527,6000.000000
2.575949,19.977232,1.859985,18.117247,100,102,1693,18184,-545.627997,6200.000000
2.589962,19.968058,1.894043,18.074015,100,100,1724,18175,-646.193566,6200.000000
2.603978,19.957333,1.929199,18.028134,100,101,1756,18166,-746.741865,6400.000000
2.617926,19.945124,1.965454,17.979670,100,96,1789,18154,-846.739823,6600.000000
2.630962,19.932328,2.000610,17.931718,100,102,1821,18143,-940.140637,6400.000000
2.643939,19.918263,2.033569,17.884694,100,100,1851,18130,-1033.052812,6000.000000
2.657939,19.901603,2.065430,17.836174,100,96,1880,18115,-1133.216303,5800.000000
2.671951,19.883388,2.099487,17.783900,100,100,1911,18098,-1233.376933,6200.000000
2.685958,19.863638,2.131348,17.732290,100,100,1940,18080,-1333.405876,5800.000000
2.699259,19.843459,2.162109,17.681350,100,98,1968,18062,-1428.300363,5600.000000
2.712973,19.821202,2.196167,17.625035,100,103,1999,18042,-1526.038881,6200.000000
2.726971,19.796969,2.232422,17.564547,100,103,2032,18020,-1625.674296,6600.000000
2.740942,19.771253,2.269775,17.501478,100,99,2066,17996,-1725.000716,6800.000000
2.752943,19.747948,2.301636,17.446312,100,100,2095,17975,-1810.214366,5800.000000
2.764983,19.723437,2.330200,17.393237,100,99,2121,17953,-1895.602924,5200.000000
2.777048,19.697744,2.360962,17.336783,100,103,2149,17929,-1981.058767,5600.000000
2.790968,19.666696,2.392822,17.273874,100,96,2178,17901,-2079.507655,5800.000000
2.802957,19.638748,2.420288,17.218460,100,99,2203,17876,-2164.174056,5000.000000
2.816931,19.604768,2.453247,17.151521,100,101,2233,17845,-2262.701406,6000.000000
2.829015,19.574163,2.481812,17.092351,100,99,2259,17817,-2347.767487,5200.000000
2.841941,19.540176,2.514771,17.025405,100,102,2289,17786,-2438.610437,6000.000000
2.854951,19.504670,2.545532,16.959138,100,102,2317,17754,-2529.874340,5600.000000
2.867937,19.467928,2.574097,16.893831,100,99,2343,17720,-2620.805562,5200.000000
2.880979,19.429723,2.603760,16.825963,100,99,2370,17685,-2711.952869,5400.000000
2.893955,19.390413,2.633423,16.756990,100,101,2397,17650,-2802.465649,5400.000000
2.906948,19.349767,2.661987,16.687779,100,99,2423,17613,-2892.896914,5200.000000
2.918956,19.311050,2.690552,16.620498,100,101,2449,17577,-2976.312561,5200.000000
2.932953,19.264537,2.725708,16.538829,100,103,2481,17535,-3073.322217,6400.000000
2.944951,19.223477,2.756470,16.467008,100,101,2509,17498,-3156.293544,5600.000000
2.956966,19.181268,2.785034,16.396233,100,101,2535,17459,-3239.198196,5200.000000
2.969962,19.134380,2.813599,16.320782,100,101,2561,17417,-3328.665357,5200.000000
2.982956,19.086224,2.841064,16.245160,100,102,2586,17373,-3417.896961,5000.000000
2.994950,19.040645,2.867432,16.173213,100,103,2610,17331,-3500.060586,4800.000000
3.006956,18.993936,2.893799,16.100137,100,101,2634,17289,-3582.107998,4800.000000
3.018965,18.946136,2.921265,16.024871,100,98,2659,17245,-3663.969200,5000.000000
3.031980,18.893115,2.954224,15.938891,100,101,2689,17197,-3752.450381,6000.000000
3.045972,18.834701,2.990479,15.844223,100,96,2722,17144,-3847.298562,6600.000000
3.058949,18.779227,3.024536,15.754691,100,100,2753,17093,-3934.996786,6200.000000
3.072948,18.717979,3.058594,15.659385,100,96,2784,17038,-4029.315449,6200.000000
3.084942,18.664357,3.086060,15.578297,100,104,2809,16989,-4109.868797,5000.000000
3.096953,18.609590,3.114624,15.494966,100,103,2835,16939,-4190.312453,5200.000000
3.108972,18.553728,3.143188,15.410540,100,100,2861,16888,-4270.566291,5200.000000
3.122952,18.487422,3.177246,15.310176,100,97,2892,16828,-4363.606406,6200.000000
3.137365,18.417570,3.212402,15.205168,100,103,2924,16764,-4459.174898,6400.000000
3.150965,18.350271,3.246460,15.103811,100,102,2955,16703,-4549.020155,6200.000000
3.162983,18.289687,3.277222,15.012466,100,100,2983,16648,-4628.134323,5600.000000
3.174966,18.228240,3.305786,14.922454,100,97,3009,16592,-4706.758646,5200.000000
3.187004,18.165473,3.334351,14.831122,100,99,3035,16535,-4785.471480,5200.000000
3.199078,18.101473,3.364014,14.737460,100,99,3062,16476,-4864.145357,5400.000000
3.212957,18.026616,3.398071,14.628545,100,101,3093,16408,-4954.238312,6200.000000
3.225013,17.960478,3.427734,14.532744,100,99,3120,16348,-5032.193376,5400.000000
3.236948,17.893993,3.459595,14.434398,100,99,3149,16288,-5109.076518,5800.000000
3.248956,17.826080,3.491455,14.334625,100,98,3178,16226,-5186.146319,5800.000000
3.263058,17.745034,3.531006,14.214028,100,100,3214,16152,-5276.272414,7200.000000
3.276043,17.669177,3.561768,14.107410,100,98,3242,16083,-5358.892014,5600.000000
3.288983,17.592406,3.593628,13.998778,100,101,3271,16013,-5440.877784,5800.000000
3.302959,17.508191,3.626587,13.881605,100,103,3301,15936,-5529.014139,6000.000000
3.315987,17.428466,3.658447,13.770019,100,99,3330,15864,-5610.795438,5800.000000
3.329954,17.341703,3.692505,13.649198,100,101,3361,15785,-5698.048522,6200.000000
3.343989,17.253170,3.727661,13.525509,100,101,3393,15704,-5785.285402,6400.000000
3.356986,17.169989,3.763916,13.406073,100,99,3426,15629,-5865.669718,6600.000000
3.369987,17.085633,3.795776,13.289857,100,97,3455,15552,-5945.690188,5800.000000
3.381972,17.006860,3.824341,13.182519,100,99,3481,15480,-6019.105211,5200.000000
3.393960,16.927109,3.851807,13.075302,100,102,3506,15407,-6092.191360,5000.000000
3.407979,16.832618,3.885864,12.946754,100,99,3537,15321,-6177.230654,6200.000000
3.420961,16.743961,3.917725,12.826237,100,100,3566,15241,-6255.543652,5800.000000
3.433953,16.654116,3.950684,12.703433,100,100,3596,15159,-6333.504647,6000.000000
3.448008,16.555668,3.988037,12.567631,100,97,3630,15069,-6417.371380,6800.000000
3.460971,16.463730,4.024292,12.439438,100,102,3663,14986,-6494.273568,6600.000000
3.473990,16.370292,4.056152,12.314140,100,100,3692,14901,-6571.076478,5800.000000
3.487988,16.268603,4.090210,12.178393,100,102,3723,14808,-6653.167083,6200.000000
3.500959,16.173251,4.123169,12.050082,100,100,3753,14721,-6728.776218,6000.000000
3.513994,16.076348,4.155029,11.921319,100,101,3782,14633,-6804.305725,5800.000000
3.526973,15.978793,4.189087,11.789706,100,101,3813,14544,-6879.055791,6200.000000
3.540090,15.879120,4.223145,11.655975,100,102,3844,14454,-6954.136154,6200.000000
3.553975,15.772434,4.262695,11.509738,100,105,3880,14356,-7033.099419,7200.000000
3.567034,15.671001,4.296753,11.374248,100,98,3911,14264,-7106.875557,6200.000000
3.579980,15.569406,4.328613,11.240793,100,99,3940,14172,-7179.539272,5800.000000
3.593987,15.458321,4.363770,11.094551,100,100,3972,14071,-7257.626666,6400.000000
3.608970,15.338169,4.402222,10.935947,100,97,4007,13961,-7340.532872,7000.000000
3.621978,15.232753,4.435181,10.797573,100,97,4037,13865,-7411.982867,6000.000000
3.634980,15.126373,4.470337,10.656036,100,91,4069,13768,-7482.902769,6400.000000
3.647992,15.018893,4.506592,10.512302,100,98,4102,13671,-7553.381671,6600.000000
3.662037,14.901766,4.546143,10.355623,100,98,4138,13564,-7628.881790,7200.000000
3.676006,14.784111,4.583496,10.200615,100,103,4172,13457,-7703.390909,6800.000000
3.690134,14.663965,4.621948,10.042017,100,99,4207,13347,-7778.139780,7000.000000
3.705137,14.535105,4.662598,9.872508,100,103,4244,13230,-7856.852407,7400.000000
3.720036,14.405868,4.703247,9.702621,100,101,4281,13113,-7934.323964,7400.000000
3.734030,14.283329,4.743896,9.539433,100,99,4318,13001,-8006.457196,7400.000000
3.747990,14.159984,4.782349,9.377636,100,102,4353,12889,-8077.800812,7000.000000
3.763004,14.026116,4.820801,9.205315,100,100,4388,12767,-8153.834286,7000.000000
3.776004,13.909194,4.853760,9.055434,100,104,4418,12660,-8219.084045,6000.000000
3.791029,13.772900,4.892212,8.880688,87,92,4453,12536,-8293.816192,7000.000000
3.805989,13.635985,4.928467,8.707518,88,85,4486,12412,-8367.485489,6600.000000
3.820997,13.497416,4.963623,8.533793,70,69,4518,12286,-8440.651014,6400.000000
3.834018,13.376218,4.993286,8.382932,100,101,4545,12175,-8503.522950,5400.000000
3.848014,13.244952,5.020752,8.224200,100,102,4570,12056,-8570.464960,5000.000000
3.861987,13.112869,5.049316,8.063552,84,86,4596,11936,-8636.641385,5200.000000
3.875989,12.979507,5.078979,7.900527,28,25,4623,11814,-8702.282790,5400.000000
3.891026,12.835170,5.103149,7.732021,90,95,4645,11683,-8772.025353,4400.000000
3.905991,12.690383,5.115234,7.575149,100,94,4656,11551,-8840.658482,2200.000000
3.919984,12.553985,5.133911,7.420074,100,98,4673,11427,-8904.126750,3400.000000
3.933978,12.416608,5.160278,7.256329,-56,-57,4697,11302,-8966.910729,4800.000000
3.948053,12.277464,5.178955,7.098509,49,51,4714,11175,-9029.359949,3400.000000
3.963004,12.128607,5.173462,6.955145,100,98,4709,11040,-9094.923376,-1000.000000
3.977991,11.978326,5.185547,6.792779,100,100,4720,10903,-9159.835542,2200.000000
3.991990,11.836991,5.208618,6.628373,-100,-100,4741,10774,-9219.735056,4200.000000
4.006995,11.684475,5.226196,6.458279,-73,-73,4757,10635,-9283.150680,3200.000000
4.020004,11.551412,5.202026,6.349386,100,100,4735,10514,-9337.460252,-4400.000000
4.035045,11.396602,5.173462,6.223141,100,103,4709,10373,-9399.475611,-5200.000000
4.050140,11.240208,5.200928,6.039280,-100,-101,4734,10231,-9460.871748,5000.000000
4.064007,11.095655,5.225098,5.870557,-100,-100,4756,10100,-9516.519658,4400.000000
4.078017,10.948752,5.205322,5.743429,100,101,4738,9966,-9572.009270,-3600.000000
4.092029,10.800973,5.173462,5.627511,100,100,4709,9831,-9626.767249,-5800.000000
4.107004,10.642124,5.192139,5.449986,-100,-99,4726,9687,-9684.459220,3400.000000
4.119990,10.503595,5.219604,5.283991,-100,-100,4751,9561,-9733.800133,5000.000000
4.136102,10.330768,5.196533,5.134235,100,98,4730,9403,-9794.110499,-4200.000000
4.151028,10.169710,5.163574,5.006136,100,99,4700,9257,-9849.088393,-6000.000000
4.165067,10.017404,5.184448,4.832956,-100,-99,4719,9118,-9900.009435,3800.000000
4.177998,9.876435,5.216309,4.660126,-100,-99,4748,8990,-9946.228378,5800.000000
4.191023,9.733769,5.204224,4.529546,45,48,4737,8860,-9992.123580,-2200.000000
4.205334,9.576285,5.171265,4.405020,100,101,4707,8717,-10041.772474,-6000.000000
4.219029,9.424842,5.173462,4.251380,-100,-100,4709,8579,-10088.528103,400.000000
4.233008,9.269538,5.197632,4.071906,-100,-101,4731,8437,-10135.482893,4400.000000
4.245027,9.135451,5.184448,3.951003,-58,-58,4719,8315,-10175.225121,-2400.000000
4.256994,9.001409,5.151489,3.849920,100,105,4689,8193,-10214.224019,-6000.000000
4.269004,8.866387,5.129517,3.736871,55,57,4669,8070,-10252.778539,-4000.000000
4.284073,8.696252,5.150391,3.545862,-100,-101,4688,7916,-10300.329573,3800.000000
4.299047,8.526416,5.169067,3.357348,-100,-100,4705,7761,-10346.666717,3400.000000
4.313030,8.367150,5.143799,3.223351,8,10,4682,7616,-10389.107035,-4600.000000
4.324997,8.230324,5.109741,3.120582,100,100,4651,7491,-10424.794236,-6200.000000
4.337049,8.092051,5.100952,2.991099,-100,-96,4643,7366,-10460.140324,-1600.000000
4.351020,7.931193,5.118530,2.812663,-100,-103,4659,7219,-10500.360579,3200.000000
4.363017,7.792571,5.104248,2.688323,-100,-98,4646,7093,-10534.253520,-2600.000000
4.375032,7.653295,5.072388,2.580908,-7,-5,4617,6966,-10567.597887,-5800.000000
4.387056,7.513486,5.041626,2.471860,-50,-53,4589,6839,-10600.362444,-5600.000000
4.399384,7.369687,5.025146,2.344541,-100,-99,4574,6708,-10633.329516,-3000.000000
4.413997,7.198670,5.006470,2.192200,-100,-99,4557,6552,-10671.579086,-3400.000000
4.427016,7.045791,4.981201,2.064590,-100,-102,4534,6413,-10704.899488,-4600.000000
4.441030,6.880702,4.951538,1.929164,-100,-97,4507,6263,-10739.965951,-5400.000000
4.456005,6.703716,4.915283,1.788432,-92,-92,4474,6102,-10776.514004,-6600.000000
4.469034,6.549232,4.884521,1.664710,-100,-104,4446,5961,-10807.539385,-5600.000000
4.483032,6.382774,4.850464,1.532310,-100,-99,4415,5810,-10840.064209,-6200.000000
4.497088,6.215129,4.813110,1.402019,-100,-100,4381,5657,-10871.880140,-6800.000000
4.511027,6.048404,4.775757,1.272648,-100,-100,4347,5505,-10902.593124,-6800.000000
4.525017,5.880599,4.737305,1.143294,-100,-100,4312,5353,-10932.578457,-7000.000000
4.538004,5.724428,4.704346,1.020082,-100,-101,4282,5211,-10959.656079,-6000.000000
4.551012,5.567609,4.673584,0.894025,-100,-97,4254,5068,-10986.048214,-5600.000000
4.563036,5.422327,4.645020,0.777308,-100,-97,4228,4936,-11009.790484,-5200.000000
4.575020,5.277213,4.614258,0.662955,-100,-99,4200,4803,-11032.829659,-5600.000000
4.587087,5.130804,4.583496,0.547308,-100,-101,4172,4670,-11055.394244,-5600.000000
4.599027,4.985641,4.551636,0.434005,-100,-99,4143,4538,-11077.096764,-5800.000000
4.611026,4.839472,4.517578,0.321894,-100,-96,4112,4405,-11098.279148,-6200.000000
4.623012,4.693200,4.482422,0.210779,-100,-104,4080,4272,-11118.806984,-6400.000000
4.635024,4.546331,4.450562,0.095769,-100,-100,4051,4138,-11138.748563,-5800.000000
4.647032,4.399250,4.419800,-0.020549,-100,-101,4023,4004,-11158.049333,-5600.000000
4.660017,4.239937,4.386841,-0.146904,-100,-101,3993,3859,-11178.203732,-6000.000000
4.673017,4.080149,4.354980,-0.274832,-100,-96,3964,3714,-11197.637089,-5800.000000
4.687137,3.906276,4.320923,-0.414647,-100,-95,3933,3556,-11217.899426,-6200.000000
4.699031,3.759592,4.291260,-0.531668,-100,-99,3906,3422,-11234.280397,-5400.000000
4.713069,3.586177,4.255005,-0.668827,-100,-100,3873,3264,-11252.809077,-6600.000000
4.725012,3.438432,4.224243,-0.785812,-100,-100,3845,3130,-11267.882445,-5600.000000
4.737028,3.289585,4.196777,-0.907192,-100,-103,3820,2994,-11282.407859,-5000.000000
4.749022,3.140828,4.168213,-1.027385,-100,-99,3794,2859,-11296.264956,-5200.000000
4.763032,2.966835,4.134155,-1.167320,-100,-102,3763,2700,-11311.639431,-6200.000000
4.775068,2.817184,4.103394,-1.286210,-100,-101,3735,2564,-11324.146926,-5600.000000
4.787065,2.667838,4.071533,-1.403695,-100,-104,3706,2428,-11335.970871,-5800.000000
4.799041,2.518624,4.038574,-1.519950,-100,-99,3676,2293,-11347.130103,-6000.000000
4.812052,2.356345,4.001221,-1.644876,-100,-99,3642,2145,-11358.526176,-6800.000000
4.825028,2.194337,3.964966,-1.770629,-100,-99,3609,1997,-11369.136097,-6600.000000
4.839038,2.019256,3.928711,-1.909455,-100,-99,3576,1838,-11379.742930,-6600.000000
4.853018,1.844403,3.891357,-2.046955,-100,-98,3542,1679,-11389.447573,-6800.000000
4.865050,1.693794,3.859497,-2.165703,-100,-101,3513,1542,-11397.096637,-5800.000000
4.878022,1.531315,3.823242,-2.291927,-100,-99,3480,1394,-11404.613387,-6600.000000
4.891060,1.367907,3.786987,-2.419080,-100,-102,3447,1245,-11411.404918,-6600.000000
4.903130,1.216555,3.751831,-2.535276,-100,-101,3415,1107,-11417.009430,-6400.000000
4.915025,1.067318,3.717773,-2.650456,-100,-97,3384,971,-11421.890664,-6200.000000
4.927053,0.916355,3.685913,-2.769558,-100,-97,3355,834,-11426.177569,-5800.000000
4.939021,0.766098,3.655151,-2.889054,-100,-100,3327,697,-11429.795284,-5600.000000
4.952031,0.602708,3.618896,-3.016189,-100,-104,3294,549,-11432.994857,-6600.000000
4.965060,0.439031,3.582642,-3.143610,-100,-99,3261,400,-11435.433586,-6600.000000
4.978041,0.275936,3.544189,-3.268253,-100,-101,3226,251,-11437.101093,-7000.000000
4.991071,0.112207,3.505737,-3.393530,-100,-97,3191,102,-11438.009769,-7000.000000
5.003029,-0.038067,3.471680,-3.509747,-100,-98,3160,-35,-11438.169067,-6200.000000
5.015034,-0.188919,3.439819,-3.628738,-100,-100,3131,-172,-11437.679482,-5800.000000
5.027041,-0.339795,3.407959,-3.747754,-100,-99,3102,-309,-11436.538845,-5800.000000
5.039033,-0.490456,3.376099,-3.866555,-100,-100,3073,-446,-11434.749989,-5800.000000
5.052073,-0.654247,3.339844,-3.994091,-100,-98,3040,-596,-11432.068160,-6600.000000
5.064049,-0.804641,3.306885,-4.111526,-100,-103,3010,-732,-11428.929005,-6000.000000
5.077038,-0.967715,3.269531,-4.237246,-100,-97,2976,-881,-11424.792515,-6800.000000
5.089057,-1.118538,3.235474,-4.354012,-100,-102,2945,-1018,-11420.287476,-6200.000000
5.102044,-1.281442,3.201416,-4.482858,-100,-99,2914,-1166,-11414.687434,-6200.000000
5.114031,-1.431730,3.171753,-4.603483,-100,-101,2887,-1303,-11408.843919,-5400.000000
5.127107,-1.595571,3.139893,-4.735464,-100,-100,2858,-1452,-11401.731820,-5800.000000
5.139044,-1.745052,3.110229,-4.855281,-100,-101,2831,-1588,-11394.567064,-5400.000000
5.154053,-1.932866,3.072876,-5.005742,-100,-95,2797,-1759,-11384.648546,-6800.000000
5.167042,-2.095264,3.038818,-5.134083,-100,-103,2766,-1907,-11375.247643,-6200.000000
5.180113,-2.258533,3.004761,-5.263294,-100,-99,2735,-2056,-11365.023436,-6200.000000
5.194044,-2.432398,2.968506,-5.400903,-100,-98,2702,-2214,-11353.281250,-6600.000000
5.206056,-2.582146,2.938843,-5.520989,-100,-103,2675,-2350,-11342.459310,-5400.000000
5.220063,-2.756596,2.902588,-5.659184,-100,-103,2642,-2509,-11329.022883,-6600.000000
5.233031,-2.917898,2.869629,-5.787527,-100,-97,2612,-2656,-11315.802221,-6000.000000
5.245054,-3.067290,2.837769,-5.905059,-100,-99,2583,-2792,-11302.872376,-5800.000000
5.258036,-3.228389,2.803711,-6.032100,-100,-103,2552,-2939,-11288.188126,-6200.000000
5.270033,-3.377075,2.770752,-6.147826,-100,-98,2522,-3074,-11273.950200,-6000.000000
5.282047,-3.525779,2.738892,-6.264670,-100,-99,2493,-3209,-11259.050183,-5800.000000
5.294038,-3.674009,2.709229,-6.383238,-100,-99,2466,-3344,-11243.537745,-5400.000000
5.306025,-3.821973,2.680664,-6.502637,-100,-102,2440,-3479,-11227.393558,-5200.000000
5.318256,-3.972720,2.652100,-6.624819,-100,-97,2414,-3616,-11210.264838,-5200.000000
5.333128,-4.155705,2.618042,-6.773746,-100,-99,2383,-3783,-11188.545270,-6200.000000
5.346054,-4.314461,2.586182,-6.900642,-100,-98,2354,-3927,-11168.872945,-5800.000000
5.360334,-4.489502,2.551025,-7.040527,-100,-99,2322,-4086,-11146.285202,-6400.000000
5.375033,-4.669313,2.513672,-7.182985,-100,-106,2288,-4250,-11122.095958,-6800.000000
5.387129,-4.816975,2.481812,-7.298786,-100,-101,2259,-4385,-11101.479940,-5800.000000
5.401262,-4.989162,2.446655,-7.435817,-100,-105,2227,-4541,-11076.578263,-6400.000000
5.415118,-5.157580,2.414795,-7.572375,-100,-100,2198,-4695,-11051.318473,-5800.000000
5.428108,-5.315124,2.382935,-7.698058,-100,-100,2169,-4838,-11026.875638,-5800.000000
5.441123,-5.472616,2.349976,-7.822591,-100,-100,2139,-4981,-11001.649016,-6000.000000
5.454043,-5.628592,2.318115,-7.946707,-100,-100,2110,-5123,-10975.879642,-5800.000000
5.467038,-5.785108,2.282959,-8.068067,-100,-100,2078,-5266,-10949.229602,-6400.000000
5.479132,-5.930416,2.247803,-8.178218,-100,-97,2046,-5398,-10923.773221,-6400.000000
5.492104,-6.085900,2.212646,-8.298547,-100,-97,2014,-5540,-10895.766145,-6400.000000
5.504986,-6.239896,2.181885,-8.421781,-100,-100,1986,-5680,-10867.238950,-5600.000000
5.517106,-6.384422,2.151123,-8.535545,-100,-101,1958,-5811,-10839.746752,-5600.000000
5.529990,-6.537643,2.119263,-8.656906,-100,-100,1929,-5951,-10809.834036,-5800.000000
5.542057,-6.680758,2.088501,-8.769259,-100,-99,1901,-6081,-10781.176084,-5600.000000
5.555142,-6.835525,2.055542,-8.891067,-100,-99,1871,-6222,-10749.397528,-6000.000000
5.568081,-6.988097,2.020386,-9.008483,-100,-103,1839,-6361,-10717.261763,-6400.000000
5.581179,-7.142079,1.984131,-9.126210,-100,-101,1806,-6501,-10684.008745,-6600.000000
5.595146,-7.305740,1.948975,-9.254714,-100,-99,1774,-6650,-10647.753133,-6400.000000
5.609100,-7.468691,1.914917,-9.383608,-100,-94,1743,-6798,-10610.711468,-6200.000000
5.621999,-7.618811,1.883057,-9.501868,-100,-101,1714,-6935,-10575.744871,-5800.000000
5.634985,-7.769439,1.848999,-9.618438,-100,-102,1683,-7072,-10539.840690,-6200.000000
5.647079,-7.909255,1.814941,-9.724197,-100,-103,1652,-7199,-10505.771568,-6200.000000
5.659072,-8.047451,1.780884,-9.828335,-100,-100,1621,-7325,-10471.388446,-6200.000000
5.672024,-8.196185,1.743530,-9.939715,-100,-99,1587,-7460,-10433.587835,-6800.000000
5.684986,-8.344491,1.710571,-10.055063,-100,-100,1557,-7595,-10395.066024,-6000.000000
5.697113,-8.482744,1.677612,-10.160356,-100,-100,1527,-7721,-10358.401130,-6000.000000
5.709069,-8.618565,1.646851,-10.265415,-100,-96,1499,-7845,-10321.664624,-5600.000000
5.722017,-8.765108,1.611694,-10.376802,-100,-103,1467,-7978,-10281.222525,-6400.000000
5.735208,-8.913798,1.576538,-10.490336,-100,-99,1435,-8114,-10239.323685,-6400.000000
5.749118,-9.069932,1.538086,-10.608018,-100,-101,1400,-8256,-10194.378120,-7000.000000
5.763238,-9.227719,1.497437,-10.725156,-100,-101,1363,-8399,-10147.956458,-7400.000000
5.777022,-9.381041,1.460083,-10.841124,-100,-98,1329,-8539,-10101.871969,-6800.000000
5.789114,-9.514973,1.428223,-10.943195,-100,-99,1300,-8661,-10060.817726,-5800.000000
5.803056,-9.668713,1.390869,-11.059582,-100,-99,1266,-8801,-10012.761344,-6800.000000
5.815088,-9.800787,1.359009,-11.159796,-100,-99,1237,-8921,-9970.673482,-5800.000000
5.828068,-9.942647,1.321655,-11.264302,-100,-101,1203,-9050,-9924.628128,-6800.000000
5.840986,-10.083171,1.285400,-11.368571,-100,-101,1170,-9178,-9878.147931,-6600.000000
5.853075,-10.214070,1.249146,-11.463216,-100,-99,1137,-9297,-9834.062630,-6600.000000
5.867016,-10.364298,1.210693,-11.574992,-100,-96,1102,-9434,-9782.516740,-7000.000000
5.879101,-10.493879,1.177734,-11.671614,-100,-97,1072,-9552,-9737.227247,-6000.000000
5.892089,-10.632465,1.143677,-11.776142,-100,-102,1041,-9678,-9687.928750,-6200.000000
5.904987,-10.769394,1.111816,-11.881211,-100,-96,1012,-9803,-9638.331899,-5800.000000
5.917990,-10.906727,1.075562,-11.982289,-100,-98,979,-9928,-9587.688552,-6600.000000
5.930081,-11.033767,1.041504,-12.075271,-100,-103,948,-10043,-9540.026058,-6200.000000
5.942077,-11.159181,1.008545,-12.167726,-100,-106,918,-10157,-9492.193111,-6000.000000
5.955000,-11.293575,0.974487,-12.268063,-100,-104,887,-10280,-9440.061363,-6200.000000
5.968001,-11.428035,0.941528,-12.369564,-100,-99,857,-10402,-9386.984647,-6000.000000
5.980116,-11.552647,0.910767,-12.463414,-100,-100,829,-10515,-9336.960358,-5600.000000
5.993017,-11.684602,0.878906,-12.563508,-100,-96,800,-10636,-9283.098263,-5800.000000
6.005078,-11.807266,0.847046,-12.654312,-100,-104,771,-10747,-9232.193555,-5800.000000
6.018074,-11.938691,0.814087,-12.752777,-100,-98,741,-10867,-9176.744763,-6000.000000
6.030074,-12.059338,0.782227,-12.841564,-100,-99,712,-10977,-9125.001419,-5800.000000
6.043131,-12.189822,0.744873,-12.934695,-100,-99,678,-11095,-9068.115617,-6800.000000
6.056007,-12.317704,0.711914,-13.029618,-100,-100,648,-11212,-9011.416785,-6000.000000
6.068081,-12.436875,0.681152,-13.118027,-100,-99,620,-11320,-8957.719388,-5600.000000
6.082049,-12.573861,0.644897,-13.218758,-100,-99,587,-11445,-8894.949097,-6600.000000
6.094110,-12.691363,0.614136,-13.305499,-100,-95,559,-11552,-8840.198497,-5600.000000
6.107273,-12.818765,0.578979,-13.397744,-100,-102,527,-11668,-8779.868078,-6400.000000
6.120012,-12.941232,0.544922,-13.486153,-100,-102,496,-11779,-8720.907622,-6200.000000
6.132033,-13.056039,0.511963,-13.568002,-100,-101,466,-11884,-8664.756301,-6000.000000
6.144092,-13.170457,0.480103,-13.650559,-100,-100,437,-11988,-8607.932690,-5800.000000
6.156004,-13.282740,0.450439,-13.733179,-100,-99,410,-12090,-8551.315281,-5400.000000
6.168010,-13.395148,0.422974,-13.818122,-100,-99,385,-12193,-8493.770744,-5000.000000
6.180082,-13.507416,0.394409,-13.901825,-100,-101,359,-12295,-8435.417056,-5200.000000
6.192119,-13.618580,0.364746,-13.983326,-100,-98,332,-12396,-8376.752007,-5400.000000
6.204193,-13.729308,0.335083,-14.064391,-100,-100,305,-12497,-8317.422468,-5400.000000
6.216082,-13.837561,0.304321,-14.141882,-100,-98,277,-12595,-8258.537506,-5600.000000
6.230116,-13.964348,0.266968,-14.231316,-100,-100,243,-12711,-8188.437282,-6800.000000
6.243007,-14.079863,0.231812,-14.311675,-100,-101,211,-12816,-8123.479636,-6400.000000
6.256093,-14.196173,0.199951,-14.396124,-100,-98,182,-12922,-8056.998474,-5800.000000
6.270031,-14.318997,0.165894,-14.484891,-100,-103,151,-13033,-7985.591533,-6200.000000
6.282101,-14.424483,0.137329,-14.561812,-100,-100,125,-13129,-7923.254007,-5200.000000
6.294110,-14.528605,0.107666,-14.636271,-100,-101,98,-13224,-7860.783863,-5400.000000
6.307012,-14.639553,0.074707,-14.714260,-100,-100,68,-13325,-7793.166513,-6000.000000
6.320012,-14.750368,0.040649,-14.791017,-100,-99,37,-13426,-7724.518992,-6200.000000
6.332073,-14.852293,0.007690,-14.859983,-100,-99,7,-13519,-7660.372586,-6000.000000
6.344091,-14.953011,-0.024170,-14.928841,-100,-103,-22,-13611,-7596.014485,-5800.000000
6.358023,-15.068707,-0.058228,-15.010479,-100,-99,-53,-13716,-7520.861471,-6200.000000
6.370101,-15.168067,-0.087891,-15.080176,-100,-100,-80,-13806,-7455.246418,-5400.000000
6.384135,-15.282418,-0.123047,-15.159371,-100,-98,-112,-13910,-7378.468380,-6400.000000
6.399106,-15.403101,-0.161499,-15.241602,-100,-99,-147,-14020,-7295.926205,-7000.000000
6.412110,-15.506823,-0.193359,-15.313463,-100,-95,-176,-14115,-7223.704699,-5800.000000
6.425028,-15.608825,-0.226318,-15.382507,-100,-104,-206,-14207,-7151.489322,-6000.000000
6.437100,-15.703229,-0.259277,-15.443951,-100,-102,-236,-14293,-7083.569678,-6000.000000
6.451149,-15.811944,-0.293335,-15.518609,-100,-99,-267,-14392,-7004.021603,-6200.000000
6.464147,-15.911434,-0.324097,-15.587338,-100,-101,-295,-14483,-6929.935013,-5600.000000
6.479247,-16.025683,-0.360352,-15.665332,-100,-98,-328,-14587,-6843.285333,-6600.000000
6.493034,-16.128731,-0.395508,-15.733223,-100,-103,-360,-14681,-6763.637728,-6400.000000
6.506112,-16.225368,-0.428467,-15.796901,-100,-94,-390,-14769,-6687.611040,-6000.000000
6.519099,-16.320241,-0.464722,-15.855519,-100,-99,-423,-14855,-6611.672712,-6600.000000
6.532169,-16.414630,-0.500977,-15.913653,-100,-98,-456,-14941,-6534.799457,-6600.000000
6.545320,-16.508486,-0.536133,-15.972353,-100,-103,-488,-15026,-6457.004827,-6400.000000
6.559044,-16.605228,-0.570190,-16.035037,-100,-101,-519,-15114,-6375.352281,-6200.000000
6.573122,-16.703178,-0.604248,-16.098930,-100,-91,-550,-15204,-6291.103974,-6200.000000
6.585023,-16.784970,-0.631714,-16.153256,-100,-98,-575,-15278,-6219.493872,-5000.000000
6.597197,-16.867657,-0.663574,-16.204083,-100,-100,-604,-15353,-6145.888886,-5800.000000
6.611133,-16.961107,-0.699829,-16.261278,-100,-101,-637,-15438,-6061.184335,-6600.000000
6.623343,-17.041917,-0.732788,-16.309129,-100,-101,-667,-15512,-5986.585390,-6000.000000
6.636184,-17.125816,-0.769043,-16.356773,-100,-102,-700,-15588,-5907.756253,-6600.000000
6.651161,-17.222264,-0.805298,-16.416966,-100,-99,-733,-15676,-5815.327839,-6600.000000
6.663181,-17.298566,-0.836060,-16.462506,-100,-97,-761,-15746,-5740.775474,-5600.000000
6.678154,-17.392234,-0.875610,-16.516623,-100,-101,-797,-15831,-5647.449358,-7200.000000
6.691223,-17.472734,-0.910767,-16.561967,-100,-100,-829,-15904,-5565.580685,-6400.000000
6.705060,-17.556678,-0.949219,-16.607459,-100,-99,-864,-15980,-5478.494796,-7000.000000
6.717115,-17.628731,-0.984375,-16.644356,-100,-101,-896,-16046,-5402.285450,-6400.000000
6.731255,-17.711959,-1.026123,-16.685836,-100,-100,-934,-16122,-5312.497917,-7600.000000
6.744110,-17.786408,-1.059082,-16.727325,-100,-100,-964,-16190,-5230.508834,-6000.000000
6.757108,-17.860503,-1.092041,-16.768462,-100,-100,-994,-16257,-5147.262743,-6000.000000
6.770028,-17.932979,-1.125000,-16.807979,-100,-100,-1024,-16323,-5064.169111,-6000.000000
6.782065,-17.999434,-1.156860,-16.842573,-100,-98,-1053,-16383,-4986.459980,-5800.000000
6.795164,-18.070584,-1.193115,-16.877469,-100,-105,-1086,-16448,-4901.567946,-6600.000000
6.808121,-18.139758,-1.229370,-16.910388,-100,-96,-1119,-16511,-4817.270071,-6600.000000
6.822037,-18.212710,-1.266724,-16.945986,-100,-99,-1153,-16578,-4726.381610,-6800.000000
6.834046,-18.274548,-1.297485,-16.977063,-100,-101,-1181,-16634,-4647.653386,-5600.000000
6.846132,-18.335734,-1.327148,-17.008586,-100,-99,-1208,-16690,-4568.152203,-5400.000000
6.859245,-18.400919,-1.360107,-17.040812,-100,-99,-1238,-16749,-4481.602077,-6000.000000
6.872041,-18.463328,-1.391968,-17.071360,-100,-100,-1267,-16806,-4396.846812,-5800.000000
6.885302,-18.526746,-1.427124,-17.099622,-100,-102,-1299,-16863,-4308.710226,-6400.000000
6.898035,-18.586426,-1.458984,-17.127441,-100,-104,-1328,-16918,-4223.805595,-5800.000000
6.913121,-18.655596,-1.500732,-17.154864,-100,-100,-1366,-16981,-4122.857865,-7600.000000
6.927045,-18.717949,-1.536987,-17.180961,-100,-102,-1399,-17037,-4029.360844,-6600.000000
6.939128,-18.770899,-1.565552,-17.205347,-100,-102,-1425,-17086,-3947.972064,-5200.000000
6.954064,-18.834855,-1.602905,-17.231949,-100,-95,-1459,-17144,-3847.053157,-6800.000000
6.967098,-18.889311,-1.636963,-17.252348,-100,-100,-1490,-17193,-3758.709001,-6200.000000
6.979164,-18.938591,-1.668823,-17.269767,-100,-99,-1519,-17238,-3676.705941,-5800.000000
6.992144,-18.990391,-1.703979,-17.286412,-100,-102,-1551,-17285,-3588.249825,-6400.000000
7.005056,-19.040670,-1.740234,-17.300435,-100,-101,-1584,-17331,-3500.015729,-6600.000000
7.019058,-19.093773,-1.776489,-17.317283,-100,-104,-1617,-17380,-3404.079514,-6600.000000
7.031118,-19.138327,-1.806152,-17.332174,-100,-99,-1644,-17420,-3321.236280,-5400.000000
7.043160,-19.181715,-1.834717,-17.346998,-100,-99,-1670,-17460,-3238.331611,-5200.000000
7.056087,-19.227074,-1.865479,-17.361595,-100,-102,-1698,-17501,-3149.120459,-5600.000000
7.069036,-19.271236,-1.896240,-17.374996,-100,-99,-1726,-17541,-3059.553962,-5600.000000
7.081126,-19.311320,-1.927002,-17.384318,-100,-99,-1754,-17578,-2975.739041,-5600.000000
7.093144,-19.350059,-1.956665,-17.393394,-100,-101,-1781,-17613,-2892.257496,-5400.000000
7.107058,-19.393531,-1.995117,-17.398414,-100,-99,-1816,-17652,-2795.399881,-7000.000000
7.120152,-19.433085,-2.030273,-17.402812,-100,-103,-1848,-17688,-2704.060947,-6400.000000
7.135249,-19.477060,-2.067627,-17.409433,-100,-103,-1882,-17728,-2598.517572,-6800.000000
7.149134,-19.515959,-2.101685,-17.414275,-100,-101,-1913,-17764,-2501.234811,-6200.000000
7.163154,-19.553728,-2.136841,-17.416887,-100,-99,-1945,-17798,-2402.819066,-6400.000000
7.176124,-19.587317,-2.170898,-17.416418,-100,-101,-1976,-17829,-2311.605783,-6200.000000
7.189084,-19.619579,-2.203857,-17.415721,-100,-97,-2006,-17858,-2220.315234,-6000.000000
7.201070,-19.648261,-2.236816,-17.411445,-100,-96,-2036,-17884,-2135.745647,-6000.000000
7.213128,-19.675989,-2.269775,-17.406213,-100,-103,-2066,-17910,-2050.554659,-6000.000000
7.227138,-19.706789,-2.304932,-17.401857,-100,-99,-2098,-17938,-1951.416818,-6400.000000
7.240046,-19.733813,-2.335693,-17.398120,-100,-101,-2126,-17962,-1859.946533,-5600.000000
7.254052,-19.761668,-2.369751,-17.391917,-100,-97,-2157,-17988,-1760.561097,-6200.000000
7.267096,-19.786234,-2.402710,-17.383524,-100,-100,-2187,-18010,-1667.872808,-6000.000000
7.279200,-19.807840,-2.433472,-17.374368,-100,-98,-2215,-18030,-1581.769453,-5600.000000
7.292145,-19.829681,-2.465332,-17.364349,-100,-104,-2244,-18049,-1489.574447,-5800.000000
7.305046,-19.850142,-2.499390,-17.350752,-100,-105,-2275,-18068,-1397.597273,-6200.000000
7.319154,-19.871024,-2.535645,-17.335379,-100,-100,-2308,-18087,-1296.912171,-6600.000000
7.332146,-19.888873,-2.565308,-17.323565,-100,-101,-2335,-18103,-1204.102180,-5400.000000
7.347167,-19.907857,-2.601562,-17.306294,-100,-97,-2368,-18121,-1096.699928,-6600.000000
7.360048,-19.922725,-2.633423,-17.289303,-100,-95,-2397,-18134,-1004.513228,-5800.000000
7.374202,-19.937558,-2.669678,-17.267880,-100,-98,-2430,-18148,-903.145223,-6600.000000
7.388092,-19.950580,-2.707031,-17.243549,-100,-99,-2464,-18159,-803.599668,-6800.000000
7.401148,-19.961436,-2.744385,-17.217051,-100,-102,-2498,-18169,-709.972183,-6800.000000
7.415290,-19.971678,-2.783936,-17.187743,-100,-102,-2534,-18179,-608.505759,-7200.000000
7.429187,-19.980207,-2.817993,-17.162214,-100,-99,-2565,-18186,-508.753329,-6200.000000
7.442301,-19.986858,-2.850952,-17.135906,-100,-100,-2595,-18192,-414.583294,-6000.000000
7.457138,-19.992748,-2.888306,-17.104442,-100,-100,-2629,-18198,-308.003306,-6800.000000
7.470128,-19.996477,-2.921265,-17.075213,-100,-101,-2659,-18201,-214.670656,-6000.000000
7.485105,-19.999124,-2.961914,-17.037210,-100,-100,-2696,-18204,-107.044674,-7400.000000
7.498132,-19.999986,-2.999268,-17.000719,-100,-97,-2730,-18204,-13.425391,-6800.000000
7.511228,-19.999502,-3.035522,-16.963980,-100,-101,-2763,-18204,80.690411,-6600.000000
7.524163,-19.997695,-3.068481,-16.929214,-100,-104,-2793,-18202,173.650711,-6000.000000
7.539270,-19.993912,-3.106934,-16.886979,-100,-94,-2828,-18199,282.198138,-7000.000000
7.552184,-19.989251,-3.139893,-16.849358,-100,-100,-2858,-18195,374.966961,-6000.000000
7.564179,-19.983741,-3.172852,-16.810890,-100,-102,-2888,-18190,461.117481,-6000.000000
7.578095,-19.975927,-3.211304,-16.764624,-100,-102,-2923,-18183,561.032718,-7000.000000
7.590177,-19.967905,-3.245361,-16.722544,-100,-101,-2954,-18175,647.739123,-6200.000000
7.605136,-19.956378,-3.287109,-16.669268,-100,-103,-2992,-18165,755.047620,-7600.000000
7.618165,-19.944902,-3.321167,-16.623735,-100,-99,-3023,-18154,848.451699,-6200.000000
7.630270,-19.933042,-3.351929,-16.581113,-100,-100,-3051,-18143,935.182230,-5600.000000
7.644180,-19.917989,-3.388184,-16.529805,-100,-101,-3084,-18130,1034.778627,-6600.000000
7.658163,-19.901324,-3.426636,-16.474688,-100,-102,-3119,-18115,1134.820738,-7000.000000
7.672096,-19.883191,-3.462891,-16.420301,-100,-100,-3152,-18098,1234.411934,-6600.000000
7.685081,-19.864919,-3.498047,-16.366872,-100,-100,-3184,-18081,1327.149384,-6400.000000
7.699297,-19.843399,-3.535400,-16.307999,-100,-101,-3218,-18062,1428.571802,-6800.000000
7.712169,-19.822549,-3.565063,-16.257485,-100,-101,-3245,-18043,1520.308131,-5400.000000
7.726277,-19.798206,-3.599121,-16.199084,-100,-102,-3276,-18021,1620.740994,-6200.000000
7.740207,-19.772644,-3.633179,-16.139465,-100,-97,-3307,-17997,1719.779810,-6200.000000
7.754219,-19.745403,-3.670532,-16.074871,-100,-100,-3341,-17973,1819.269518,-6800.000000
7.768278,-19.716534,-3.705688,-16.010846,-100,-98,-3373,-17946,1918.947885,-6400.000000
7.782271,-19.686273,-3.745239,-15.941033,-100,-98,-3409,-17919,2018.011990,-7200.000000
7.797218,-19.652266,-3.783691,-15.868574,-100,-99,-3444,-17888,2123.660619,-7000.000000
7.812247,-19.616327,-3.821045,-15.795282,-100,-99,-3478,-17855,2229.693324,-6800.000000
7.826106,-19.581634,-3.854004,-15.727630,-100,-100,-3508,-17824,2327.300316,-6000.000000
7.838174,-19.550215,-3.883667,-15.666548,-100,-98,-3535,-17795,2412.149195,-5400.000000
7.850481,-19.517017,-3.916626,-15.600391,-100,-103,-3565,-17765,2498.534817,-6000.000000
7.864193,-19.478652,-3.950684,-15.527968,-100,-99,-3596,-17730,2594.611837,-6200.000000
7.878218,-19.437918,-3.988037,-15.449881,-100,-99,-3630,-17693,2692.675447,-6800.000000
7.890226,-19.401843,-4.019897,-15.381945,-100,-102,-3659,-17660,2776.472045,-5800.000000
7.903110,-19.361908,-4.050659,-15.311249,-100,-97,-3687,-17624,2866.202746,-5600.000000
7.916104,-19.320344,-4.080322,-15.240022,-100,-103,-3714,-17586,2956.517021,-5400.000000
7.928165,-19.280616,-4.107788,-15.172828,-100,-102,-3739,-17550,3040.162630,-5000.000000
7.940293,-19.239550,-4.136353,-15.103197,-100,-100,-3765,-17512,3124.098934,-5200.000000
7.953099,-19.194972,-4.167114,-15.027858,-100,-99,-3793,-17472,3212.534946,-5600.000000
7.965177,-19.151793,-4.197876,-14.953917,-100,-100,-3821,-17432,3295.748788,-5600.000000
7.979114,-19.100594,-4.234131,-14.866463,-100,-103,-3854,-17386,3391.538972,-6600.000000
7.991249,-19.054824,-4.267090,-14.787734,-100,-100,-3884,-17344,3474.730061,-6000.000000
8.004183,-19.004820,-4.296753,-14.708067,-100,-100,-3911,-17299,3563.176433,-5400.000000
8.018261,-18.948969,-4.329712,-14.619257,-100,-95,-3941,-17248,3659.173841,-6000.000000
8.032250,-18.892002,-4.363770,-14.528232,-100,-101,-3972,-17196,3754.283201,-6200.000000
8.045194,-18.837987,-4.394531,-14.443456,-100,-99,-4000,-17147,3842.033344,-5600.000000
8.058186,-18.782522,-4.427490,-14.355032,-100,-101,-4030,-17096,3929.848574,-6000.000000
8.072099,-18.721735,-4.462646,-14.259088,-100,-104,-4062,-17041,4023.603372,-6400.000000
8.085090,-18.663685,-4.496704,-14.166981,-100,-93,-4093,-16988,4110.866192,-6200.000000
8.098309,-18.603343,-4.530762,-14.072582,-100,-100,-4124,-16933,4199.374255,-6200.000000
8.111189,-18.543311,-4.560425,-13.982887,-100,-103,-4151,-16879,4285.339046,-5400.000000
8.124187,-18.481496,-4.588989,-13.892506,-100,-100,-4177,-16822,4371.810171,-5200.000000
8.137089,-18.418924,-4.619751,-13.799173,-100,-101,-4205,-16765,4457.345370,-5600.000000
8.149092,-18.359621,-4.648315,-13.711306,-100,-101,-4231,-16711,4536.663186,-5200.000000
8.162211,-18.293612,-4.679077,-13.614534,-100,-102,-4259,-16651,4623.058714,-5600.000000
8.175188,-18.227091,-4.710938,-13.516154,-100,-95,-4288,-16591,4708.213496,-5800.000000
8.189317,-18.153292,-4.748291,-13.405001,-100,-101,-4322,-16524,4800.565522,-6800.000000
8.203227,-18.079240,-4.781250,-13.297990,-100,-99,-4352,-16456,4891.116830,-6000.000000
8.216225,-18.008793,-4.810913,-13.197879,-100,-100,-4379,-16392,4975.395353,-5400.000000
8.230202,-17.931695,-4.842773,-13.088922,-100,-97,-4408,-16322,5065.655928,-5800.000000
8.244216,-17.853009,-4.876831,-12.976178,-100,-95,-4439,-16250,5155.758800,-6200.000000
8.257141,-17.779212,-4.909790,-12.869422,-100,-97,-4469,-16183,5238.504081,-6000.000000
8.269185,-17.709389,-4.940552,-12.768837,-100,-106,-4497,-16119,5315.299720,-5600.000000
8.284202,-17.620906,-4.981201,-12.639705,-100,-99,-4534,-16039,5410.628385,-7400.000000
8.297204,-17.543034,-5.017456,-12.525578,-100,-102,-4567,-15968,5492.771466,-6600.000000
8.309223,-17.470006,-5.047119,-12.422887,-100,-96,-4594,-15902,5568.380982,-5400.000000
8.323258,-17.383469,-5.082275,-12.301193,-100,-103,-4626,-15823,5656.269162,-6400.000000
8.336102,-17.303084,-5.111938,-12.191145,-100,-100,-4653,-15750,5736.320399,-5400.000000
8.350132,-17.213995,-5.147095,-12.066900,-100,-100,-4685,-15669,5823.329937,-6400.000000
8.363187,-17.129894,-5.180054,-11.949840,-100,-101,-4715,-15592,5903.888340,-6000.000000
8.377342,-17.037409,-5.217407,-11.820001,-100,-98,-4749,-15508,5990.781367,-6800.000000
8.390251,-16.951886,-5.252563,-11.699322,-100,-104,-4781,-15430,6069.616259,-6400.000000
8.404132,-16.858678,-5.287720,-11.570958,-100,-102,-4813,-15345,6153.942218,-6400.000000
8.419119,-16.756609,-5.323975,-11.432634,-100,-105,-4846,-15252,6244.457295,-6600.000000
8.431359,-16.672144,-5.355835,-11.316309,-100,-97,-4875,-15175,6317.972411,-5800.000000
8.445197,-16.575459,-5.390991,-11.184467,-100,-101,-4907,-15087,6400.640045,-6400.000000
8.457196,-16.490612,-5.423950,-11.066662,-100,-102,-4937,-15010,6471.926511,-6000.000000
8.470172,-16.397805,-5.458008,-10.939797,-100,-99,-4968,-14926,6548.600978,-6200.000000
8.483208,-16.303465,-5.495361,-10.808103,-100,-93,-5002,-14840,6625.196578,-6800.000000
8.496254,-16.207966,-5.529419,-10.678547,-100,-105,-5033,-14753,6701.399300,-6200.000000
8.508106,-16.120254,-5.557983,-10.562271,-100,-99,-5059,-14673,6770.244092,-5200.000000
8.520220,-16.029685,-5.587646,-10.442039,-100,-101,-5086,-14591,6840.218932,-5400.000000
8.532123,-15.939789,-5.616211,-10.323578,-100,-101,-5112,-14509,6908.588898,-5200.000000
8.544203,-15.847642,-5.646973,-10.200669,-100,-101,-5140,-14425,6977.582825,-5600.000000
8.556210,-15.755147,-5.676636,-10.078511,-100,-99,-5167,-14341,7045.761149,-5400.000000
8.568300,-15.661109,-5.706299,-9.954810,-100,-99,-5194,-14255,7114.003823,-5400.000000
8.582203,-15.551853,-5.741455,-9.810398,-100,-97,-5226,-14156,7191.972314,-6400.000000
8.595239,-15.448331,-5.775513,-9.672818,-100,-97,-5257,-14061,7264.580284,-6200.000000
8.608195,-15.344417,-5.804077,-9.540340,-100,-99,-5283,-13967,7336.260830,-5200.000000
8.620152,-15.247614,-5.830444,-9.417169,-100,-99,-5307,-13879,7401.982081,-4800.000000
8.632158,-15.149549,-5.857910,-9.291639,-100,-101,-5332,-13789,7467.551756,-5000.000000
8.644182,-15.050471,-5.886475,-9.163996,-100,-105,-5358,-13699,7532.795325,-5200.000000
8.657229,-14.941994,-5.918335,-9.023660,-100,-100,-5387,-13601,7603.101669,-5800.000000
8.670257,-14.832668,-5.950195,-8.882472,-100,-100,-5416,-13501,7672.799874,-5800.000000
8.683356,-14.721747,-5.984253,-8.737494,-100,-101,-5447,-13400,7742.356697,-6200.000000
8.696217,-14.611871,-6.016113,-8.595758,-100,-101,-5476,-13300,7810.140204,-5800.000000
8.708205,-14.508602,-6.044678,-8.463924,-100,-99,-5502,-13206,7872.858656,-5200.000000
8.720156,-14.404825,-6.071045,-8.333780,-100,-98,-5526,-13112,7934.943314,-4800.000000
8.732237,-14.299093,-6.098511,-8.200582,-100,-96,-5551,-13015,7997.248504,-5000.000000
8.745214,-14.184595,-6.130371,-8.054224,-80,-77,-5580,-12911,8063.665306,-5800.000000
8.758120,-14.069799,-6.161133,-7.908666,-67,-70,-5608,-12807,8129.181267,-5600.000000
8.771128,-13.953161,-6.186401,-7.766759,-100,-100,-5631,-12700,8194.672799,-4600.000000
8.786138,-13.817404,-6.210571,-7.606833,-100,-103,-5653,-12577,8269.568893,-4400.000000
8.799224,-13.698049,-6.239136,-7.458913,-4,-5,-5679,-12468,8334.263070,-5200.000000
8.812140,-13.579341,-6.262207,-7.317134,-72,-72,-5700,-12360,8397.561555,-4200.000000
8.824213,-13.467559,-6.267700,-7.199859,-100,-100,-5705,-12258,8456.235317,-1000.000000
8.838155,-13.337520,-6.278687,-7.058833,-100,-97,-5715,-12140,8523.381160,-2000.000000
8.852248,-13.205032,-6.296265,-6.908767,-79,-68,-5731,-12020,8590.589568,-3200.000000
8.864213,-13.091740,-6.313843,-6.777897,-49,-41,-5747,-11916,8647.119244,-3200.000000
8.878137,-12.958961,-6.330322,-6.628639,-36,-32,-5762,-11796,8712.292117,-3000.000000
8.892250,-12.823366,-6.339111,-6.484255,-100,-97,-5770,-11672,8777.670141,-1600.000000
8.906135,-12.688982,-6.345703,-6.343279,-100,-94,-5776,-11550,8841.316183,-1200.000000
8.919227,-12.561386,-6.362183,-6.199203,61,58,-5791,-11434,8900.712289,-3000.000000
8.932230,-12.433816,-6.375366,-6.058450,33,36,-5803,-11318,8959.108204,-2400.000000
8.946314,-12.294703,-6.357788,-5.936915,-100,-102,-5787,-11191,9021.684626,3200.000000
8.960260,-12.156010,-6.344604,-5.811405,-100,-99,-5775,-11065,9082.949448,2400.000000
8.973145,-12.027038,-6.364380,-5.662658,100,102,-5793,-10947,9138.934020,-3600.000000
8.987322,-11.884223,-6.379761,-5.504463,100,97,-5807,-10817,9199.839813,-2800.000000
9.001267,-11.742821,-6.347900,-5.394920,-100,-99,-5778,-10689,9259.039182,5800.000000
9.015233,-11.600303,-6.307251,-5.293052,-100,-95,-5741,-10559,9317.614543,7400.000000
9.028247,-11.466696,-6.316040,-5.150656,100,98,-5749,-10437,9371.551122,-1600.000000
9.041140,-11.333573,-6.342407,-4.991166,100,98,-5773,-10316,9424.369386,-4800.000000
9.054293,-11.197003,-6.327026,-4.869977,-100,-100,-5759,-10192,9477.614028,2800.000000
9.067470,-11.059422,-6.296265,-4.763157,-100,-96,-5731,-10067,9530.304851,5600.000000
9.081402,-10.913131,-6.308350,-4.604781,100,99,-5742,-9933,9585.305069,-2200.000000
9.094244,-10.777542,-6.333618,-4.443924,100,99,-5765,-9810,9635.352588,-4600.000000
9.107224,-10.639780,-6.318237,-4.321542,-98,-96,-5751,-9685,9685.301753,2800.000000
9.119263,-10.511370,-6.290771,-4.220599,-100,-102,-5726,-9568,9731.054565,5000.000000
9.132270,-10.371971,-6.302856,-4.069114,100,103,-5737,-9441,9779.856729,-2200.000000
9.145230,-10.232378,-6.328125,-3.904253,100,102,-5760,-9314,9827.835607,-4600.000000
9.158129,-10.092766,-6.314941,-3.777824,60,57,-5748,-9187,9874.942410,2400.000000
9.170217,-9.961343,-6.277588,-3.683755,-100,-100,-5714,-9067,9918.494436,6800.000000
9.184149,-9.809148,-6.245728,-3.563421,-100,-99,-5685,-8929,9967.983965,5800.000000
9.196219,-9.676688,-6.261108,-3.415580,100,100,-5699,-8808,10010.241249,-2800.000000
9.209226,-9.533318,-6.288574,-3.244744,100,102,-5724,-8677,10055.135657,-5000.000000
9.222140,-9.390343,-6.275391,-3.114953,100,99,-5712,-8547,10099.044784,2400.000000
9.234140,-9.256931,-6.235840,-3.021091,-100,-101,-5676,-8426,10139.250886,7200.000000
9.247237,-9.110729,-6.202881,-2.907848,-100,-97,-5646,-8293,10182.472624,6000.000000
9.260225,-8.965139,-6.221558,-2.743581,100,100,-5663,-8160,10224.652282,-3400.000000
9.273180,-8.819315,-6.255615,-2.563699,100,100,-5694,-8028,10266.049165,-6200.000000
9.286150,-8.672744,-6.246826,-2.425918,100,101,-5686,-7894,10306.810399,1600.000000
9.299239,-8.524235,-6.209473,-2.314762,-67,-69,-5652,-7759,10347.254517,6800.000000
9.312144,-8.377254,-6.174316,-2.202938,-2,0,-5620,-7625,10386.443353,6400.000000
9.324226,-8.239147,-6.173218,-2.065930,100,101,-5619,-7499,10422.514240,200.000000
9.337287,-8.089322,-6.177612,-1.911710,100,97,-5623,-7363,10460.830631,-800.000000
9.351278,-7.928219,-6.156738,-1.771481,100,97,-5604,-7216,10501.095141,3800.000000
9.364262,-7.778162,-6.130371,-1.647791,100,103,-5580,-7080,10537.735992,4800.000000
9.377353,-7.626340,-6.099609,-1.526731,100,101,-5552,-6942,10573.969850,5600.000000
9.390252,-7.476246,-6.066650,-1.409596,100,100,-5522,-6805,10608.970967,6000.000000
9.403181,-7.325305,-6.033691,-1.291613,100,102,-5492,-6668,10643.355611,6000.000000
9.415205,-7.184507,-6.000732,-1.183775,100,103,-5462,-6539,10674.700340,6000.000000
9.427352,-7.041846,-5.967773,-1.074073,100,102,-5432,-6410,10705.748472,6000.000000
9.440232,-6.890124,-5.935913,-0.954211,100,98,-5403,-6272,10737.990076,5800.000000
9.453163,-6.737346,-5.905151,-0.832195,100,101,-5375,-6132,10769.651979,5600.000000
9.467246,-6.570459,-5.871094,-0.699366,100,100,-5344,-5981,10803.324272,6200.000000
9.479259,-6.427694,-5.841431,-0.586263,100,104,-5317,-5851,10831.379161,5400.000000
9.492233,-6.273090,-5.808472,-0.464618,100,99,-5287,-5710,10860.986526,6000.000000
9.506173,-6.106518,-5.773315,-0.333202,100,98,-5255,-5558,10891.992480,6400.000000
9.519328,-5.948895,-5.738159,-0.210736,100,100,-5223,-5415,10920.486196,6400.000000
9.533156,-5.782764,-5.704102,-0.078662,100,98,-5192,-5264,10949.634626,6200.000000
9.546260,-5.624942,-5.673340,0.048398,100,100,-5164,-5120,10976.491711,5600.000000
9.559166,-5.469124,-5.641479,0.172355,100,102,-5135,-4978,11002.216885,5800.000000
9.571238,-5.323043,-5.612915,0.289872,100,101,-5109,-4845,11025.626093,5200.000000
9.583403,-5.175529,-5.583252,0.407723,100,99,-5082,-4711,11048.573405,5400.000000
9.597284,-5.006848,-5.546997,0.540150,100,102,-5049,-4557,11073.967749,6600.000000
9.611264,-4.836578,-5.509644,0.673066,100,99,-5015,-4402,11098.691879,6800.000000
9.625306,-4.665172,-5.470093,0.804921,100,103,-4979,-4246,11122.664396,7200.000000
9.638163,-4.507909,-5.439331,0.931422,100,100,-4951,-4103,11143.855027,5600.000000
9.652232,-4.335489,-5.403076,1.067588,100,95,-4918,-3946,11166.209313,6600.000000
9.664335,-4.186894,-5.374512,1.187617,100,99,-4892,-3811,11184.741261,5200.000000
9.678350,-4.014518,-5.341553,1.327035,100,104,-4862,-3654,11205.393423,6000.000000
9.691355,-3.854289,-5.308594,1.454305,100,104,-4832,-3508,11223.779595,6000.000000
9.705244,-3.682879,-5.274536,1.591658,100,98,-4801,-3352,11242.588619,6200.000000
9.718168,-3.523131,-5.238281,1.715151,100,99,-4768,-3207,11259.321280,6600.000000
9.730271,-3.373313,-5.207520,1.834207,100,97,-4740,-3070,11274.318530,5600.000000
9.744235,-3.200225,-5.172363,1.972139,100,103,-4708,-2913,11290.810917,6400.000000
9.756264,-3.050924,-5.143799,2.092875,100,99,-4682,-2777,11304.321103,5200.000000
9.769398,-2.887707,-5.110840,2.223133,100,98,-4652,-2628,11318.335162,6000.000000
9.782369,-2.726312,-5.078979,2.352667,100,99,-4623,-2482,11331.419541,5800.000000
9.797316,-2.540119,-5.039429,2.499310,100,101,-4587,-2312,11345.562815,7200.000000
9.810191,-2.379560,-5.004272,2.624712,100,101,-4555,-2166,11356.943044,6400.000000
9.822280,-2.228663,-4.971313,2.742651,100,98,-4525,-2029,11366.951981,6000.000000
9.835419,-2.064503,-4.938354,2.873851,100,103,-4495,-1879,11377.087148,6000.000000
9.849269,-1.891311,-4.903198,3.011888,100,97,-4463,-1722,11386.931121,6400.000000
9.864376,-1.702235,-4.866943,3.164708,100,100,-4430,-1549,11396.685293,6600.000000
9.877266,-1.540792,-4.832886,3.292094,100,100,-4399,-1402,11404.195864,6200.000000
9.890296,-1.377485,-4.797729,3.420245,100,100,-4367,-1254,11411.028087,6400.000000
9.903191,-1.215790,-4.763672,3.547882,100,97,-4336,-1107,11417.036107,6200.000000
9.916174,-1.052901,-4.727417,3.674516,100,101,-4303,-958,11422.328314,6600.000000
9.928256,-0.901259,-4.694458,3.793199,100,100,-4273,-820,11426.570282,6000.000000
9.940267,-0.750448,-4.664795,3.914347,100,99,-4246,-683,11430.134859,5400.000000
9.953206,-0.587947,-4.630737,4.042790,100,100,-4215,-535,11433.246255,6200.000000
9.965222,-0.437002,-4.599976,4.162974,100,100,-4187,-398,11435.459014,5600.000000
9.977277,-0.285531,-4.567017,4.281486,100,100,-4157,-260,11437.024061,6000.000000
9.992264,-0.097211,-4.526367,4.429156,100,95,-4120,-88,11438.054672,7400.000000
